Date,ProdMaterialCode,MaterialCode,MaterialName,Unit,Workshop,Shift,Issue,Remain
6/30/2026,TA0001,1205000006,L/F  WELDING  ( SKID ),PC,GPS,A,764400,972920
7/1/2026,TA0001,1205000006,L/F  WELDING  ( SKID ),PC,GPS,A,0,847920
7/2/2026,TA0001,1205000006,L/F  WELDING  ( SKID ),PC,GPS,A,725400,1464800
7/3/2026,TA0001,1205000006,L/F  WELDING  ( SKID ),PC,GPS,C,0,1363060
7/4/2026,TA0001,1205000006,L/F  WELDING  ( SKID ),PC,GPS,C,0,1234560
7/5/2026,TA0001,1205000006,L/F  WELDING  ( SKID ),PC,GPS,C,0,1107600
7/6/2026,TA0001,1205000006,L/F  WELDING  ( SKID ),PC,GPS,C,517800,1482970
7/7/2026,TA0001,1205000006,L/F  WELDING  ( SKID ),PC,GPS,B,0,1359820
7/8/2026,TA0001,1205000006,L/F  WELDING  ( SKID ),PC,GPS,B,466800,1703360
7/9/2026,TA0001,1205000006,L/F  WELDING  ( SKID ),PC,GPS,B,0,1561480
7/10/2026,TA0001,1205000006,L/F  WELDING  ( SKID ),PC,GPS,B,0,1503520
7/11/2026,TA0001,1205000006,L/F  WELDING  ( SKID ),PC,GPS,A,0,1361200
7/12/2026,TA0001,1205000006,L/F  WELDING  ( SKID ),PC,GPS,A,0,1231200
7/13/2026,TA0001,1205000006,L/F  WELDING  ( SKID ),PC,GPS,A,0,1077600
7/14/2026,TA0001,1205000006,L/F  WELDING  ( SKID ),PC,GPS,A,0,909200
7/15/2026,TA0001,1205000006,L/F  WELDING  ( SKID ),PC,GPS,C,0,744600
7/16/2026,TA0001,1205000006,L/F  WELDING  ( SKID ),PC,GPS,C,498000,1089880
7/17/2026,TA0001,1205000006,L/F  WELDING  ( SKID ),PC,GPS,C,0,909370
7/18/2026,TA0001,1205000006,L/F  WELDING  ( SKID ),PC,GPS,C,0,756480
7/19/2026,TA0001,1205000006,L/F  WELDING  ( SKID ),PC,GPS,B,0,611400
7/20/2026,TA0001,1205000006,L/F  WELDING  ( SKID ),PC,GPS,B,0,458390
7/21/2026,TA0001,1205000006,L/F  WELDING  ( SKID ),PC,GPS,B,386400,693600
6/30/2026,TA0002,1201702030,2705 GPSP2 8MM X 2000M,G,GPS,A,4000,6640
7/1/2026,TA0002,1201702030,2705 GPSP2 8MM X 2000M,G,GPS,A,0,5740
7/2/2026,TA0002,1201702030,2705 GPSP2 8MM X 2000M,G,GPS,A,4000,9130
7/3/2026,TA0002,1201702030,2705 GPSP2 8MM X 2000M,G,GPS,C,0,8730
7/4/2026,TA0002,1201702030,2705 GPSP2 8MM X 2000M,G,GPS,C,0,8230
7/5/2026,TA0002,1201702030,2705 GPSP2 8MM X 2000M,G,GPS,C,0,7700
7/6/2026,TA0002,1201702030,2705 GPSP2 8MM X 2000M,G,GPS,C,4000,11300
7/7/2026,TA0002,1201702030,2705 GPSP2 8MM X 2000M,G,GPS,B,0,10700
7/8/2026,TA0002,1201702030,2705 GPSP2 8MM X 2000M,G,GPS,B,0,10100
7/9/2026,TA0002,1201702030,2705 GPSP2 8MM X 2000M,G,GPS,B,0,9400
7/10/2026,TA0002,1201702030,2705 GPSP2 8MM X 2000M,G,GPS,B,4000,12860
7/11/2026,TA0002,1201702030,2705 GPSP2 8MM X 2000M,G,GPS,A,0,12120
7/12/2026,TA0002,1201702030,2705 GPSP2 8MM X 2000M,G,GPS,A,0,11380
7/13/2026,TA0002,1201702030,2705 GPSP2 8MM X 2000M,G,GPS,A,0,10680
7/14/2026,TA0002,1201702030,2705 GPSP2 8MM X 2000M,G,GPS,A,0,10000
7/15/2026,TA0002,1201702030,2705 GPSP2 8MM X 2000M,G,GPS,C,0,9500
7/16/2026,TA0002,1201702030,2705 GPSP2 8MM X 2000M,G,GPS,C,4000,12900
7/17/2026,TA0002,1201702030,2705 GPSP2 8MM X 2000M,G,GPS,C,0,12200
7/18/2026,TA0002,1201702030,2705 GPSP2 8MM X 2000M,G,GPS,C,0,11600
7/19/2026,TA0002,1201702030,2705 GPSP2 8MM X 2000M,G,GPS,B,0,11200
7/20/2026,TA0002,1201702030,2705 GPSP2 8MM X 2000M,G,GPS,B,0,10600
7/21/2026,TA0002,1201702030,2705 GPSP2 8MM X 2000M,G,GPS,B,0,9800
6/30/2026,TA0003,1201520009,ABRASIVE MM-P220,KG,PSLA,A,0,20
7/1/2026,TA0003,1201520009,ABRASIVE MM-P220,KG,PSLA,C,20,40
7/2/2026,TA0003,1201520009,ABRASIVE MM-P220,KG,PSLA,A,0,40
7/3/2026,TA0003,1201520009,ABRASIVE MM-P220,KG,PSLA,C,0,40
7/4/2026,TA0003,1201520009,ABRASIVE MM-P220,KG,PSLA,C,0,40
7/5/2026,TA0003,1201520009,ABRASIVE MM-P220,KG,PSLA,C,0,40
7/6/2026,TA0003,1201520009,ABRASIVE MM-P220,KG,PSLA,C,0,0
7/7/2026,TA0003,1201520009,ABRASIVE MM-P220,KG,PSLA,B,0,0
7/8/2026,TA0003,1201520009,ABRASIVE MM-P220,KG,PSLA,B,20,20
7/9/2026,TA0003,1201520009,ABRASIVE MM-P220,KG,PSLA,B,0,20
7/10/2026,TA0003,1201520009,ABRASIVE MM-P220,KG,PSLA,B,0,20
7/11/2026,TA0003,1201520009,ABRASIVE MM-P220,KG,PSLA,A,0,20
7/12/2026,TA0003,1201520009,ABRASIVE MM-P220,KG,PSLA,A,0,20
7/13/2026,TA0003,1201520009,ABRASIVE MM-P220,KG,PSLA,A,0,20
7/14/2026,TA0003,1201520009,ABRASIVE MM-P220,KG,PSLA,A,0,20
7/15/2026,TA0003,1201520009,ABRASIVE MM-P220,KG,PSLA,C,40,60
7/16/2026,TA0003,1201520009,ABRASIVE MM-P220,KG,PSLA,C,0,60
7/17/2026,TA0003,1201520009,ABRASIVE MM-P220,KG,PSLA,C,0,60
7/18/2026,TA0003,1201520009,ABRASIVE MM-P220,KG,PSLA,C,0,60
7/19/2026,TA0003,1201520009,ABRASIVE MM-P220,KG,PSLA,B,0,60
7/20/2026,TA0003,1201520009,ABRASIVE MM-P220,KG,PSLA,B,0,60
7/21/2026,TA0003,1201520009,ABRASIVE MM-P220,KG,PSLA,B,0,60
6/30/2026,TA0004,1201520009,ABRASIVE MM-P220,KG,PSLB,A,60,200
7/1/2026,TA0004,1201520009,ABRASIVE MM-P220,KG,PSLB,A,60,210
7/2/2026,TA0004,1201520009,ABRASIVE MM-P220,KG,PSLB,A,80,240
7/3/2026,TA0004,1201520009,ABRASIVE MM-P220,KG,PSLB,C,80,240
7/4/2026,TA0004,1201520009,ABRASIVE MM-P220,KG,PSLB,C,0,160
7/5/2026,TA0004,1201520009,ABRASIVE MM-P220,KG,PSLB,C,0,120
7/6/2026,TA0004,1201520009,ABRASIVE MM-P220,KG,PSLB,C,80,140
7/7/2026,TA0004,1201520009,ABRASIVE MM-P220,KG,PSLB,B,80,160
7/8/2026,TA0004,1201520009,ABRASIVE MM-P220,KG,PSLB,B,80,160
7/9/2026,TA0004,1201520009,ABRASIVE MM-P220,KG,PSLB,B,80,180
7/10/2026,TA0004,1201520009,ABRASIVE MM-P220,KG,PSLB,B,100,230
7/11/2026,TA0004,1201520009,ABRASIVE MM-P220,KG,PSLB,A,0,180
7/12/2026,TA0004,1201520009,ABRASIVE MM-P220,KG,PSLB,A,0,120
7/13/2026,TA0004,1201520009,ABRASIVE MM-P220,KG,PSLB,A,80,150
7/14/2026,TA0004,1201520009,ABRASIVE MM-P220,KG,PSLB,A,80,160
7/15/2026,TA0004,1201520009,ABRASIVE MM-P220,KG,PSLB,C,80,160
7/16/2026,TA0004,1201520009,ABRASIVE MM-P220,KG,PSLB,C,80,180
7/17/2026,TA0004,1201520009,ABRASIVE MM-P220,KG,PSLB,C,100,240
7/18/2026,TA0004,1201520009,ABRASIVE MM-P220,KG,PSLB,C,0,180
7/21/2026,TA0004,1201520009,ABRASIVE MM-P220,KG,PSLB,B,60,160
6/30/2026,TA0005,1201520006,ABRASIVE MM-P80,KG,FPSA,A,0,0
7/1/2026,TA0005,1201520006,ABRASIVE MM-P80,KG,FPSA,A,0,0
7/2/2026,TA0005,1201520006,ABRASIVE MM-P80,KG,FPSA,A,0,0
7/3/2026,TA0005,1201520006,ABRASIVE MM-P80,KG,FPSA,C,20,20
7/4/2026,TA0005,1201520006,ABRASIVE MM-P80,KG,FPSA,C,0,20
7/5/2026,TA0005,1201520006,ABRASIVE MM-P80,KG,FPSA,C,0,20
7/6/2026,TA0005,1201520006,ABRASIVE MM-P80,KG,FPSA,C,0,20
7/7/2026,TA0005,1201520006,ABRASIVE MM-P80,KG,FPSA,B,0,20
7/8/2026,TA0005,1201520006,ABRASIVE MM-P80,KG,FPSA,B,0,20
7/9/2026,TA0005,1201520006,ABRASIVE MM-P80,KG,FPSA,B,0,0
7/10/2026,TA0005,1201520006,ABRASIVE MM-P80,KG,FPSA,B,40,0
7/11/2026,TA0005,1201520006,ABRASIVE MM-P80,KG,FPSA,A,0,0
7/12/2026,TA0005,1201520006,ABRASIVE MM-P80,KG,FPSA,A,0,0
7/13/2026,TA0005,1201520006,ABRASIVE MM-P80,KG,FPSA,A,0,0
7/14/2026,TA0005,1201520006,ABRASIVE MM-P80,KG,FPSA,A,20,20
7/15/2026,TA0005,1201520006,ABRASIVE MM-P80,KG,FPSA,C,0,20
7/16/2026,TA0005,1201520006,ABRASIVE MM-P80,KG,FPSA,C,0,20
7/17/2026,TA0005,1201520006,ABRASIVE MM-P80,KG,FPSA,C,20,40
7/18/2026,TA0005,1201520006,ABRASIVE MM-P80,KG,FPSA,C,0,40
7/19/2026,TA0005,1201520006,ABRASIVE MM-P80,KG,FPSA,B,0,40
7/20/2026,TA0005,1201520006,ABRASIVE MM-P80,KG,FPSA,B,0,40
7/21/2026,TA0005,1201520006,ABRASIVE MM-P80,KG,FPSA,B,0,40
6/30/2026,TA0006,1201520006,ABRASIVE MM-P80,KG,FPSB,A,0,0
7/1/2026,TA0006,1201520006,ABRASIVE MM-P80,KG,FPSB,A,20,0
7/2/2026,TA0006,1201520006,ABRASIVE MM-P80,KG,FPSB,A,0,0
7/3/2026,TA0006,1201520006,ABRASIVE MM-P80,KG,FPSB,C,20,20
7/4/2026,TA0006,1201520006,ABRASIVE MM-P80,KG,FPSB,C,0,0
7/5/2026,TA0006,1201520006,ABRASIVE MM-P80,KG,FPSB,C,0,0
7/6/2026,TA0006,1201520006,ABRASIVE MM-P80,KG,FPSB,C,0,0
7/7/2026,TA0006,1201520006,ABRASIVE MM-P80,KG,FPSB,B,0,0
7/8/2026,TA0006,1201520006,ABRASIVE MM-P80,KG,FPSB,B,20,20
7/9/2026,TA0006,1201520006,ABRASIVE MM-P80,KG,FPSB,B,40,60
7/10/2026,TA0006,1201520006,ABRASIVE MM-P80,KG,FPSB,B,0,0
7/11/2026,TA0006,1201520006,ABRASIVE MM-P80,KG,FPSB,A,0,0
7/13/2026,TA0006,1201520006,ABRASIVE MM-P80,KG,FPSB,A,20,20
7/14/2026,TA0006,1201520006,ABRASIVE MM-P80,KG,FPSB,A,0,20
7/15/2026,TA0006,1201520006,ABRASIVE MM-P80,KG,FPSB,C,0,20
7/16/2026,TA0006,1201520006,ABRASIVE MM-P80,KG,FPSB,C,0,20
7/17/2026,TA0006,1201520006,ABRASIVE MM-P80,KG,FPSB,C,0,20
7/18/2026,TA0006,1201520006,ABRASIVE MM-P80,KG,FPSB,C,0,20
7/19/2026,TA0006,1201520006,ABRASIVE MM-P80,KG,FPSB,B,0,0
7/20/2026,TA0006,1201520006,ABRASIVE MM-P80,KG,FPSB,B,0,0
7/21/2026,TA0006,1201520006,ABRASIVE MM-P80,KG,FPSB,B,0,0
6/30/2026,TA0007,1201220006,ACETIC ACID GLACIAL,LITER,ANODIZE,A,0,4906
7/1/2026,TA0007,1201220006,ACETIC ACID GLACIAL,LITER,ANODIZE,A,0,4570
7/2/2026,TA0007,1201220006,ACETIC ACID GLACIAL,LITER,ANODIZE,A,0,4054
7/3/2026,TA0007,1201220006,ACETIC ACID GLACIAL,LITER,ANODIZE,C,0,3496
7/4/2026,TA0007,1201220006,ACETIC ACID GLACIAL,LITER,ANODIZE,C,0,3160
7/5/2026,TA0007,1201220006,ACETIC ACID GLACIAL,LITER,ANODIZE,C,0,2824
7/6/2026,TA0007,1201220006,ACETIC ACID GLACIAL,LITER,ANODIZE,C,0,2488
7/7/2026,TA0007,1201220006,ACETIC ACID GLACIAL,LITER,ANODIZE,B,0,1900
7/8/2026,TA0007,1201220006,ACETIC ACID GLACIAL,LITER,ANODIZE,B,0,1564
7/9/2026,TA0007,1201220006,ACETIC ACID GLACIAL,LITER,ANODIZE,B,0,1138
7/10/2026,TA0007,1201220006,ACETIC ACID GLACIAL,LITER,ANODIZE,B,4000,4802
7/11/2026,TA0007,1201220006,ACETIC ACID GLACIAL,LITER,ANODIZE,A,0,4374
7/12/2026,TA0007,1201220006,ACETIC ACID GLACIAL,LITER,ANODIZE,A,0,4000
7/13/2026,TA0007,1201220006,ACETIC ACID GLACIAL,LITER,ANODIZE,A,0,3580
7/14/2026,TA0007,1201220006,ACETIC ACID GLACIAL,LITER,ANODIZE,A,0,3244
7/15/2026,TA0007,1201220006,ACETIC ACID GLACIAL,LITER,ANODIZE,C,0,2908
7/16/2026,TA0007,1201220006,ACETIC ACID GLACIAL,LITER,ANODIZE,C,0,2572
7/17/2026,TA0007,1201220006,ACETIC ACID GLACIAL,LITER,ANODIZE,C,0,2236
7/18/2026,TA0007,1201220006,ACETIC ACID GLACIAL,LITER,ANODIZE,C,0,1900
7/19/2026,TA0007,1201220006,ACETIC ACID GLACIAL,LITER,ANODIZE,B,0,1564
7/20/2026,TA0007,1201220006,ACETIC ACID GLACIAL,LITER,ANODIZE,B,4000,5144
7/21/2026,TA0007,1201220006,ACETIC ACID GLACIAL,LITER,ANODIZE,B,0,4718
6/30/2026,TA0008,120810001,ACRYBASE - IB30(D),LITER,PRESSING,A,0,21.275
7/1/2026,TA0008,120810001,ACRYBASE - IB30(D),LITER,PRESSING,A,0,16.775
7/2/2026,TA0008,120810001,ACRYBASE - IB30(D),LITER,PRESSING,A,16,32.775
7/3/2026,TA0008,120810001,ACRYBASE - IB30(D),LITER,PRESSING,C,0,26.775
7/4/2026,TA0008,120810001,ACRYBASE - IB30(D),LITER,PRESSING,C,0,26.775
7/5/2026,TA0008,120810001,ACRYBASE - IB30(D),LITER,PRESSING,C,0,23.775
7/6/2026,TA0008,120810001,ACRYBASE - IB30(D),LITER,PRESSING,C,0,23.775
7/7/2026,TA0008,120810001,ACRYBASE - IB30(D),LITER,PRESSING,B,0,23.775
7/8/2026,TA0008,120810001,ACRYBASE - IB30(D),LITER,PRESSING,B,0,15.775
7/9/2026,TA0008,120810001,ACRYBASE - IB30(D),LITER,PRESSING,B,16,31.775
7/10/2026,TA0008,120810001,ACRYBASE - IB30(D),LITER,PRESSING,B,0,31.775
7/11/2026,TA0008,120810001,ACRYBASE - IB30(D),LITER,PRESSING,A,0,22.275
7/12/2026,TA0008,120810001,ACRYBASE - IB30(D),LITER,PRESSING,A,0,22.275
7/13/2026,TA0008,120810001,ACRYBASE - IB30(D),LITER,PRESSING,A,0,14.575
7/14/2026,TA0008,120810001,ACRYBASE - IB30(D),LITER,PRESSING,A,0,14.575
7/15/2026,TA0008,120810001,ACRYBASE - IB30(D),LITER,PRESSING,C,0,14.575
7/16/2026,TA0008,120810001,ACRYBASE - IB30(D),LITER,PRESSING,C,16,30.575
7/17/2026,TA0008,120810001,ACRYBASE - IB30(D),LITER,PRESSING,C,0,22.575
7/18/2026,TA0008,120810001,ACRYBASE - IB30(D),LITER,PRESSING,C,0,22.575
7/19/2026,TA0008,120810001,ACRYBASE - IB30(D),LITER,PRESSING,B,0,14.575
7/20/2026,TA0008,120810001,ACRYBASE - IB30(D),LITER,PRESSING,B,0,14.575
7/21/2026,TA0008,120810001,ACRYBASE - IB30(D),LITER,PRESSING,B,0,14.575
6/30/2026,TA0009,1405100001,ACTREL 1178 F,LITER,STAMPING,A,0,228
7/1/2026,TA0009,1405100001,ACTREL 1178 F,LITER,STAMPING,A,0,228
7/2/2026,TA0009,1405100001,ACTREL 1178 F,LITER,STAMPING,A,0,228
7/3/2026,TA0009,1405100001,ACTREL 1178 F,LITER,STAMPING,C,0,228
7/4/2026,TA0009,1405100001,ACTREL 1178 F,LITER,STAMPING,C,0,50
7/5/2026,TA0009,1405100001,ACTREL 1178 F,LITER,STAMPING,C,0,50
7/6/2026,TA0009,1405100001,ACTREL 1178 F,LITER,STAMPING,C,0,50
7/7/2026,TA0009,1405100001,ACTREL 1178 F,LITER,STAMPING,B,0,50
7/8/2026,TA0009,1405100001,ACTREL 1178 F,LITER,STAMPING,B,0,50
7/9/2026,TA0009,1405100001,ACTREL 1178 F,LITER,STAMPING,B,0,50
7/10/2026,TA0009,1405100001,ACTREL 1178 F,LITER,STAMPING,B,0,50
7/11/2026,TA0009,1405100001,ACTREL 1178 F,LITER,STAMPING,A,0,50
7/12/2026,TA0009,1405100001,ACTREL 1178 F,LITER,STAMPING,A,0,50
7/13/2026,TA0009,1405100001,ACTREL 1178 F,LITER,STAMPING,A,208,258
7/14/2026,TA0009,1405100001,ACTREL 1178 F,LITER,STAMPING,A,0,258
7/15/2026,TA0009,1405100001,ACTREL 1178 F,LITER,STAMPING,C,0,258
7/16/2026,TA0009,1405100001,ACTREL 1178 F,LITER,STAMPING,C,0,258
7/17/2026,TA0009,1405100001,ACTREL 1178 F,LITER,STAMPING,C,208,0
7/18/2026,TA0009,1405100001,ACTREL 1178 F,LITER,STAMPING,C,0,0
7/19/2026,TA0009,1405100001,ACTREL 1178 F,LITER,STAMPING,B,0,0
7/20/2026,TA0009,1405100001,ACTREL 1178 F,LITER,STAMPING,B,0,0
7/21/2026,TA0009,1405100001,ACTREL 1178 F,LITER,STAMPING,B,0,0
6/30/2026,TA0010,1401600008,AFLEX 75N 126NT    ( MIRROR ),METER,GPS,A,0,9
7/1/2026,TA0010,1401600008,AFLEX 75N 126NT    ( MIRROR ),METER,GPS,A,0,8
7/2/2026,TA0010,1401600008,AFLEX 75N 126NT    ( MIRROR ),METER,GPS,A,0,7
7/3/2026,TA0010,1401600008,AFLEX 75N 126NT    ( MIRROR ),METER,GPS,C,0,7
7/4/2026,TA0010,1401600008,AFLEX 75N 126NT    ( MIRROR ),METER,GPS,C,0,7
7/5/2026,TA0010,1401600008,AFLEX 75N 126NT    ( MIRROR ),METER,GPS,C,0,6
7/6/2026,TA0010,1401600008,AFLEX 75N 126NT    ( MIRROR ),METER,GPS,C,0,6
7/7/2026,TA0010,1401600008,AFLEX 75N 126NT    ( MIRROR ),METER,GPS,B,0,5
7/8/2026,TA0010,1401600008,AFLEX 75N 126NT    ( MIRROR ),METER,GPS,B,8,11
7/9/2026,TA0010,1401600008,AFLEX 75N 126NT    ( MIRROR ),METER,GPS,B,0,11
7/10/2026,TA0010,1401600008,AFLEX 75N 126NT    ( MIRROR ),METER,GPS,B,0,11
7/11/2026,TA0010,1401600008,AFLEX 75N 126NT    ( MIRROR ),METER,GPS,A,0,11
7/12/2026,TA0010,1401600008,AFLEX 75N 126NT    ( MIRROR ),METER,GPS,A,0,10
7/13/2026,TA0010,1401600008,AFLEX 75N 126NT    ( MIRROR ),METER,GPS,A,0,10
7/14/2026,TA0010,1401600008,AFLEX 75N 126NT    ( MIRROR ),METER,GPS,A,0,9
7/15/2026,TA0010,1401600008,AFLEX 75N 126NT    ( MIRROR ),METER,GPS,C,0,7
7/16/2026,TA0010,1401600008,AFLEX 75N 126NT    ( MIRROR ),METER,GPS,C,8,15
7/17/2026,TA0010,1401600008,AFLEX 75N 126NT    ( MIRROR ),METER,GPS,C,0,14
7/18/2026,TA0010,1401600008,AFLEX 75N 126NT    ( MIRROR ),METER,GPS,C,0,13
7/19/2026,TA0010,1401600008,AFLEX 75N 126NT    ( MIRROR ),METER,GPS,B,0,12
7/20/2026,TA0010,1401600008,AFLEX 75N 126NT    ( MIRROR ),METER,GPS,B,0,12
7/21/2026,TA0010,1401600008,AFLEX 75N 126NT    ( MIRROR ),METER,GPS,B,0,11
6/30/2026,TA0011,1207100002,ALUMINUM SPOOL  ( ST ),KG,STAMPING,A,0,704
7/1/2026,TA0011,1207100002,ALUMINUM SPOOL  ( ST ),KG,STAMPING,A,1056,880
7/2/2026,TA0011,1207100002,ALUMINUM SPOOL  ( ST ),KG,STAMPING,A,1048,1244
7/3/2026,TA0011,1207100002,ALUMINUM SPOOL  ( ST ),KG,STAMPING,C,524,874
7/4/2026,TA0011,1207100002,ALUMINUM SPOOL  ( ST ),KG,STAMPING,C,524,525
7/5/2026,TA0011,1207100002,ALUMINUM SPOOL  ( ST ),KG,STAMPING,C,0,176
7/6/2026,TA0011,1207100002,ALUMINUM SPOOL  ( ST ),KG,STAMPING,C,1042,524
7/7/2026,TA0011,1207100002,ALUMINUM SPOOL  ( ST ),KG,STAMPING,B,858,526
7/8/2026,TA0011,1207100002,ALUMINUM SPOOL  ( ST ),KG,STAMPING,B,1052,704
7/9/2026,TA0011,1207100002,ALUMINUM SPOOL  ( ST ),KG,STAMPING,B,1030,1034
7/10/2026,TA0011,1207100002,ALUMINUM SPOOL  ( ST ),KG,STAMPING,B,1030,1206
7/11/2026,TA0011,1207100002,ALUMINUM SPOOL  ( ST ),KG,STAMPING,A,0,522
7/12/2026,TA0011,1207100002,ALUMINUM SPOOL  ( ST ),KG,STAMPING,A,0,176
7/13/2026,TA0011,1207100002,ALUMINUM SPOOL  ( ST ),KG,STAMPING,A,1034,522
7/14/2026,TA0011,1207100002,ALUMINUM SPOOL  ( ST ),KG,STAMPING,A,1036,867
7/15/2026,TA0011,1207100002,ALUMINUM SPOOL  ( ST ),KG,STAMPING,C,1038,1041
7/16/2026,TA0011,1207100002,ALUMINUM SPOOL  ( ST ),KG,STAMPING,C,520,696
7/17/2026,TA0011,1207100002,ALUMINUM SPOOL  ( ST ),KG,STAMPING,C,520,350
7/18/2026,TA0011,1207100002,ALUMINUM SPOOL  ( ST ),KG,STAMPING,C,1038,694
7/19/2026,TA0011,1207100002,ALUMINUM SPOOL  ( ST ),KG,STAMPING,B,0,349
7/20/2026,TA0011,1207100002,ALUMINUM SPOOL  ( ST ),KG,STAMPING,B,1008,501
7/21/2026,TA0011,1207100002,ALUMINUM SPOOL  ( ST ),KG,STAMPING,B,976,664
6/30/2026,TA0012,1201221015,AMMONIUM ADIPATE (AA),KG,POLYMER,A,0,18.09
7/1/2026,TA0012,1201221015,AMMONIUM ADIPATE (AA),KG,POLYMER,A,0,18.09
7/2/2026,TA0012,1201221015,AMMONIUM ADIPATE (AA),KG,POLYMER,A,0,16.96
7/3/2026,TA0012,1201221015,AMMONIUM ADIPATE (AA),KG,POLYMER,C,0,16.96
7/4/2026,TA0012,1201221015,AMMONIUM ADIPATE (AA),KG,POLYMER,C,0,16.18
7/5/2026,TA0012,1201221015,AMMONIUM ADIPATE (AA),KG,POLYMER,C,0,16.18
7/6/2026,TA0012,1201221015,AMMONIUM ADIPATE (AA),KG,POLYMER,C,0,14.67
7/7/2026,TA0012,1201221015,AMMONIUM ADIPATE (AA),KG,POLYMER,B,0,14.67
7/8/2026,TA0012,1201221015,AMMONIUM ADIPATE (AA),KG,POLYMER,B,0,14.67
7/9/2026,TA0012,1201221015,AMMONIUM ADIPATE (AA),KG,POLYMER,B,0,13.91
7/10/2026,TA0012,1201221015,AMMONIUM ADIPATE (AA),KG,POLYMER,B,0,13.1
7/11/2026,TA0012,1201221015,AMMONIUM ADIPATE (AA),KG,POLYMER,A,0,13.1
7/12/2026,TA0012,1201221015,AMMONIUM ADIPATE (AA),KG,POLYMER,A,0,13.1
7/13/2026,TA0012,1201221015,AMMONIUM ADIPATE (AA),KG,POLYMER,A,0,13.1
7/14/2026,TA0012,1201221015,AMMONIUM ADIPATE (AA),KG,POLYMER,A,0,13.1
7/15/2026,TA0012,1201221015,AMMONIUM ADIPATE (AA),KG,POLYMER,C,0,13.1
7/16/2026,TA0012,1201221015,AMMONIUM ADIPATE (AA),KG,POLYMER,C,0,12.31
7/17/2026,TA0012,1201221015,AMMONIUM ADIPATE (AA),KG,POLYMER,C,0,11.54
7/18/2026,TA0012,1201221015,AMMONIUM ADIPATE (AA),KG,POLYMER,C,0,11.54
7/19/2026,TA0012,1201221015,AMMONIUM ADIPATE (AA),KG,POLYMER,C,0,11.54
7/20/2026,TA0012,1201221015,AMMONIUM ADIPATE (AA),KG,POLYMER,B,0,11.54
7/21/2026,TA0012,1201221015,AMMONIUM ADIPATE (AA),KG,POLYMER,B,0,11.54
6/30/2026,TA0013,1000000010,BUFFER SOLUTION KCI3,ML,POLYMER,A,0,1450
7/1/2026,TA0013,1000000010,BUFFER SOLUTION KCI3,ML,POLYMER,A,0,1430
7/2/2026,TA0013,1000000010,BUFFER SOLUTION KCI3,ML,POLYMER,A,0,1410
7/3/2026,TA0013,1000000010,BUFFER SOLUTION KCI3,ML,POLYMER,C,0,1400
7/4/2026,TA0013,1000000010,BUFFER SOLUTION KCI3,ML,POLYMER,C,0,1380
7/5/2026,TA0013,1000000010,BUFFER SOLUTION KCI3,ML,POLYMER,C,0,1370
7/6/2026,TA0013,1000000010,BUFFER SOLUTION KCI3,ML,POLYMER,C,0,1360
7/7/2026,TA0013,1000000010,BUFFER SOLUTION KCI3,ML,POLYMER,B,0,1350
7/8/2026,TA0013,1000000010,BUFFER SOLUTION KCI3,ML,POLYMER,B,0,1340
7/9/2026,TA0013,1000000010,BUFFER SOLUTION KCI3,ML,POLYMER,B,0,1330
7/10/2026,TA0013,1000000010,BUFFER SOLUTION KCI3,ML,POLYMER,B,0,1320
7/11/2026,TA0013,1000000010,BUFFER SOLUTION KCI3,ML,POLYMER,A,0,1310
7/12/2026,TA0013,1000000010,BUFFER SOLUTION KCI3,ML,POLYMER,A,0,1300
7/13/2026,TA0013,1000000010,BUFFER SOLUTION KCI3,ML,POLYMER,A,0,1290
7/14/2026,TA0013,1000000010,BUFFER SOLUTION KCI3,ML,POLYMER,A,0,1280
7/15/2026,TA0013,1000000010,BUFFER SOLUTION KCI3,ML,POLYMER,C,0,1270
7/16/2026,TA0013,1000000010,BUFFER SOLUTION KCI3,ML,POLYMER,C,0,1260
7/17/2026,TA0013,1000000010,BUFFER SOLUTION KCI3,ML,POLYMER,C,0,1250
7/18/2026,TA0013,1000000010,BUFFER SOLUTION KCI3,ML,POLYMER,C,0,1240
7/19/2026,TA0013,1000000010,BUFFER SOLUTION KCI3,ML,POLYMER,C,0,1230
7/20/2026,TA0013,1000000010,BUFFER SOLUTION KCI3,ML,POLYMER,B,0,1220
7/21/2026,TA0013,1000000010,BUFFER SOLUTION KCI3,ML,POLYMER,B,0,1210
6/30/2026,TA0014,1000000011,BUFFER SOLUTION PH 2.00,ML,POLYMER,A,0,1740
7/1/2026,TA0014,1000000011,BUFFER SOLUTION PH 2.00,ML,POLYMER,A,0,1730
7/2/2026,TA0014,1000000011,BUFFER SOLUTION PH 2.00,ML,POLYMER,A,0,1720
7/3/2026,TA0014,1000000011,BUFFER SOLUTION PH 2.00,ML,POLYMER,C,0,1710
7/4/2026,TA0014,1000000011,BUFFER SOLUTION PH 2.00,ML,POLYMER,C,0,1700
7/5/2026,TA0014,1000000011,BUFFER SOLUTION PH 2.00,ML,POLYMER,C,0,1690
7/6/2026,TA0014,1000000011,BUFFER SOLUTION PH 2.00,ML,POLYMER,C,0,1680
7/7/2026,TA0014,1000000011,BUFFER SOLUTION PH 2.00,ML,POLYMER,B,0,1670
7/8/2026,TA0014,1000000011,BUFFER SOLUTION PH 2.00,ML,POLYMER,B,0,1660
7/9/2026,TA0014,1000000011,BUFFER SOLUTION PH 2.00,ML,POLYMER,B,0,1650
7/10/2026,TA0014,1000000011,BUFFER SOLUTION PH 2.00,ML,POLYMER,B,0,1640
7/11/2026,TA0014,1000000011,BUFFER SOLUTION PH 2.00,ML,POLYMER,A,0,1630
7/12/2026,TA0014,1000000011,BUFFER SOLUTION PH 2.00,ML,POLYMER,A,0,1620
7/13/2026,TA0014,1000000011,BUFFER SOLUTION PH 2.00,ML,POLYMER,A,0,1610
7/14/2026,TA0014,1000000011,BUFFER SOLUTION PH 2.00,ML,POLYMER,A,0,1600
7/15/2026,TA0014,1000000011,BUFFER SOLUTION PH 2.00,ML,POLYMER,C,0,1590
7/16/2026,TA0014,1000000011,BUFFER SOLUTION PH 2.00,ML,POLYMER,C,0,1590
7/17/2026,TA0014,1000000011,BUFFER SOLUTION PH 2.00,ML,POLYMER,C,0,1590
7/18/2026,TA0014,1000000011,BUFFER SOLUTION PH 2.00,ML,POLYMER,C,0,1580
7/19/2026,TA0014,1000000011,BUFFER SOLUTION PH 2.00,ML,POLYMER,C,0,1580
7/20/2026,TA0014,1000000011,BUFFER SOLUTION PH 2.00,ML,POLYMER,B,0,1570
7/21/2026,TA0014,1000000011,BUFFER SOLUTION PH 2.00,ML,POLYMER,B,0,1560
6/30/2026,TA0015,1000000007,BUFFER SOLUTION PH 4.01,ML,POLYMER,A,0,2060
7/1/2026,TA0015,1000000007,BUFFER SOLUTION PH 4.01,ML,POLYMER,A,0,2050
7/2/2026,TA0015,1000000007,BUFFER SOLUTION PH 4.01,ML,POLYMER,A,0,2040
7/3/2026,TA0015,1000000007,BUFFER SOLUTION PH 4.01,ML,POLYMER,C,0,2030
7/4/2026,TA0015,1000000007,BUFFER SOLUTION PH 4.01,ML,POLYMER,C,0,2020
7/5/2026,TA0015,1000000007,BUFFER SOLUTION PH 4.01,ML,POLYMER,C,0,2010
7/6/2026,TA0015,1000000007,BUFFER SOLUTION PH 4.01,ML,POLYMER,C,0,2000
7/7/2026,TA0015,1000000007,BUFFER SOLUTION PH 4.01,ML,POLYMER,B,0,2000
7/8/2026,TA0015,1000000007,BUFFER SOLUTION PH 4.01,ML,POLYMER,B,0,2000
7/9/2026,TA0015,1000000007,BUFFER SOLUTION PH 4.01,ML,POLYMER,B,0,2000
7/10/2026,TA0015,1000000007,BUFFER SOLUTION PH 4.01,ML,POLYMER,B,0,2000
7/11/2026,TA0015,1000000007,BUFFER SOLUTION PH 4.01,ML,POLYMER,A,0,2000
7/12/2026,TA0015,1000000007,BUFFER SOLUTION PH 4.01,ML,POLYMER,A,0,2000
7/13/2026,TA0015,1000000007,BUFFER SOLUTION PH 4.01,ML,POLYMER,A,0,2000
7/14/2026,TA0015,1000000007,BUFFER SOLUTION PH 4.01,ML,POLYMER,A,0,2000
7/15/2026,TA0015,1000000007,BUFFER SOLUTION PH 4.01,ML,POLYMER,C,0,1990
7/16/2026,TA0015,1000000007,BUFFER SOLUTION PH 4.01,ML,POLYMER,C,0,1980
7/17/2026,TA0015,1000000007,BUFFER SOLUTION PH 4.01,ML,POLYMER,C,0,1970
7/18/2026,TA0015,1000000007,BUFFER SOLUTION PH 4.01,ML,POLYMER,C,0,1960
7/19/2026,TA0015,1000000007,BUFFER SOLUTION PH 4.01,ML,POLYMER,C,0,1950
7/20/2026,TA0015,1000000007,BUFFER SOLUTION PH 4.01,ML,POLYMER,B,0,1940
7/21/2026,TA0015,1000000007,BUFFER SOLUTION PH 4.01,ML,POLYMER,B,0,1930
6/30/2026,TA0016,1201300004,BUTYL ACETATE,LITER,POLYMER,A,0,10
7/1/2026,TA0016,1201300004,BUTYL ACETATE,LITER,POLYMER,A,0,9.5
7/2/2026,TA0016,1201300004,BUTYL ACETATE,LITER,POLYMER,A,0,9.5
7/3/2026,TA0016,1201300004,BUTYL ACETATE,LITER,POLYMER,C,0,9.5
7/4/2026,TA0016,1201300004,BUTYL ACETATE,LITER,POLYMER,C,0,9.5
7/5/2026,TA0016,1201300004,BUTYL ACETATE,LITER,POLYMER,C,0,8
7/6/2026,TA0016,1201300004,BUTYL ACETATE,LITER,POLYMER,C,0,7.5
7/7/2026,TA0016,1201300004,BUTYL ACETATE,LITER,POLYMER,B,0,3.5
7/8/2026,TA0016,1201300004,BUTYL ACETATE,LITER,POLYMER,B,0,3.5
7/9/2026,TA0016,1201300004,BUTYL ACETATE,LITER,POLYMER,B,10,12
7/10/2026,TA0016,1201300004,BUTYL ACETATE,LITER,POLYMER,B,0,12
7/11/2026,TA0016,1201300004,BUTYL ACETATE,LITER,POLYMER,A,0,12
7/12/2026,TA0016,1201300004,BUTYL ACETATE,LITER,POLYMER,A,0,10
7/13/2026,TA0016,1201300004,BUTYL ACETATE,LITER,POLYMER,A,0,10
7/14/2026,TA0016,1201300004,BUTYL ACETATE,LITER,POLYMER,A,0,9.5
7/15/2026,TA0016,1201300004,BUTYL ACETATE,LITER,POLYMER,C,0,7.5
7/16/2026,TA0016,1201300004,BUTYL ACETATE,LITER,POLYMER,C,0,7
7/17/2026,TA0016,1201300004,BUTYL ACETATE,LITER,POLYMER,C,10,17
7/18/2026,TA0016,1201300004,BUTYL ACETATE,LITER,POLYMER,C,0,17
7/19/2026,TA0016,1201300004,BUTYL ACETATE,LITER,POLYMER,C,0,16.5
7/20/2026,TA0016,1201300004,BUTYL ACETATE,LITER,POLYMER,B,0,14
7/21/2026,TA0016,1201300004,BUTYL ACETATE,LITER,POLYMER,B,0,14
6/30/2026,TA0017,1201301005,BUTYL CARBITOL,LITER,POLYMER,A,0,3
7/1/2026,TA0017,1201301005,BUTYL CARBITOL,LITER,POLYMER,A,0,3
7/2/2026,TA0017,1201301005,BUTYL CARBITOL,LITER,POLYMER,A,0,2
7/3/2026,TA0017,1201301005,BUTYL CARBITOL,LITER,POLYMER,C,0,2
7/4/2026,TA0017,1201301005,BUTYL CARBITOL,LITER,POLYMER,C,0,2
7/5/2026,TA0017,1201301005,BUTYL CARBITOL,LITER,POLYMER,C,0,2
7/6/2026,TA0017,1201301005,BUTYL CARBITOL,LITER,POLYMER,C,0,2
7/7/2026,TA0017,1201301005,BUTYL CARBITOL,LITER,POLYMER,B,3,4
7/8/2026,TA0017,1201301005,BUTYL CARBITOL,LITER,POLYMER,B,0,4
7/9/2026,TA0017,1201301005,BUTYL CARBITOL,LITER,POLYMER,B,0,4
7/10/2026,TA0017,1201301005,BUTYL CARBITOL,LITER,POLYMER,B,0,4
7/11/2026,TA0017,1201301005,BUTYL CARBITOL,LITER,POLYMER,A,0,4
7/12/2026,TA0017,1201301005,BUTYL CARBITOL,LITER,POLYMER,A,0,4
7/13/2026,TA0017,1201301005,BUTYL CARBITOL,LITER,POLYMER,A,0,4
7/14/2026,TA0017,1201301005,BUTYL CARBITOL,LITER,POLYMER,A,0,3
7/15/2026,TA0017,1201301005,BUTYL CARBITOL,LITER,POLYMER,C,0,3
7/16/2026,TA0017,1201301005,BUTYL CARBITOL,LITER,POLYMER,C,0,3
7/17/2026,TA0017,1201301005,BUTYL CARBITOL,LITER,POLYMER,C,0,3
7/18/2026,TA0017,1201301005,BUTYL CARBITOL,LITER,POLYMER,C,0,3
7/19/2026,TA0017,1201301005,BUTYL CARBITOL,LITER,POLYMER,C,0,3
7/20/2026,TA0017,1201301005,BUTYL CARBITOL,LITER,POLYMER,B,0,2
7/21/2026,TA0017,1201301005,BUTYL CARBITOL,LITER,POLYMER,B,0,2
6/30/2026,TA0018,1201400001,BUTYL GLYCIDIL ETHER,G,PSLB,A,0,579
7/1/2026,TA0018,1201400001,BUTYL GLYCIDIL ETHER,G,PSLB,A,0,498
7/2/2026,TA0018,1201400001,BUTYL GLYCIDIL ETHER,G,PSLB,A,0,405
7/3/2026,TA0018,1201400001,BUTYL GLYCIDIL ETHER,G,PSLB,C,0,317
7/4/2026,TA0018,1201400001,BUTYL GLYCIDIL ETHER,G,PSLB,C,0,230
7/5/2026,TA0018,1201400001,BUTYL GLYCIDIL ETHER,G,PSLB,C,0,144
7/6/2026,TA0018,1201400001,BUTYL GLYCIDIL ETHER,G,PSLB,C,500,557
7/7/2026,TA0018,1201400001,BUTYL GLYCIDIL ETHER,G,PSLB,B,0,474
7/8/2026,TA0018,1201400001,BUTYL GLYCIDIL ETHER,G,PSLB,B,0,388
7/9/2026,TA0018,1201400001,BUTYL GLYCIDIL ETHER,G,PSLB,B,500,806
7/10/2026,TA0018,1201400001,BUTYL GLYCIDIL ETHER,G,PSLB,B,0,722
7/11/2026,TA0018,1201400001,BUTYL GLYCIDIL ETHER,G,PSLB,A,0,636
7/12/2026,TA0018,1201400001,BUTYL GLYCIDIL ETHER,G,PSLB,A,0,547
7/13/2026,TA0018,1201400001,BUTYL GLYCIDIL ETHER,G,PSLB,A,500,957
7/14/2026,TA0018,1201400001,BUTYL GLYCIDIL ETHER,G,PSLB,A,0,865
7/15/2026,TA0018,1201400001,BUTYL GLYCIDIL ETHER,G,PSLB,C,0,773
7/16/2026,TA0018,1201400001,BUTYL GLYCIDIL ETHER,G,PSLB,C,500,1186
7/17/2026,TA0018,1201400001,BUTYL GLYCIDIL ETHER,G,PSLB,C,0,1099
7/18/2026,TA0018,1201400001,BUTYL GLYCIDIL ETHER,G,PSLB,C,0,1005
7/21/2026,TA0018,1201400001,BUTYL GLYCIDIL ETHER,G,PSLB,B,0,741
6/30/2026,TA0019,1401990064,CARBON FACE MASK 4PLY,PC,PSLB,A,0,470
7/1/2026,TA0019,1401990064,CARBON FACE MASK 4PLY,PC,PSLB,A,250,650
7/2/2026,TA0019,1401990064,CARBON FACE MASK 4PLY,PC,PSLB,A,0,530
7/3/2026,TA0019,1401990064,CARBON FACE MASK 4PLY,PC,PSLB,C,250,660
7/4/2026,TA0019,1401990064,CARBON FACE MASK 4PLY,PC,PSLB,C,0,520
7/5/2026,TA0019,1401990064,CARBON FACE MASK 4PLY,PC,PSLB,C,0,390
7/6/2026,TA0019,1401990064,CARBON FACE MASK 4PLY,PC,PSLB,C,200,500
7/7/2026,TA0019,1401990064,CARBON FACE MASK 4PLY,PC,PSLB,B,0,400
7/8/2026,TA0019,1401990064,CARBON FACE MASK 4PLY,PC,PSLB,B,200,450
7/9/2026,TA0019,1401990064,CARBON FACE MASK 4PLY,PC,PSLB,B,0,300
7/10/2026,TA0019,1401990064,CARBON FACE MASK 4PLY,PC,PSLB,B,300,450
7/11/2026,TA0019,1401990064,CARBON FACE MASK 4PLY,PC,PSLB,A,0,320
7/12/2026,TA0019,1401990064,CARBON FACE MASK 4PLY,PC,PSLB,A,0,165
7/13/2026,TA0019,1401990064,CARBON FACE MASK 4PLY,PC,PSLB,A,250,150
7/14/2026,TA0019,1401990064,CARBON FACE MASK 4PLY,PC,PSLB,A,0,50
7/15/2026,TA0019,1401990064,CARBON FACE MASK 4PLY,PC,PSLB,C,250,150
7/16/2026,TA0019,1401990064,CARBON FACE MASK 4PLY,PC,PSLB,C,300,300
7/17/2026,TA0019,1401990064,CARBON FACE MASK 4PLY,PC,PSLB,C,250,400
7/18/2026,TA0019,1401990064,CARBON FACE MASK 4PLY,PC,PSLB,C,0,250
7/21/2026,TA0019,1401990064,CARBON FACE MASK 4PLY,PC,PSLB,B,250,200
6/30/2026,TA0020,1201221021,CHEMICAL CW,KG,POLYMER,A,25,50
7/1/2026,TA0020,1201221021,CHEMICAL CW,KG,POLYMER,A,25,75
7/2/2026,TA0020,1201221021,CHEMICAL CW,KG,POLYMER,A,25,100
7/3/2026,TA0020,1201221021,CHEMICAL CW,KG,POLYMER,C,50,125
7/4/2026,TA0020,1201221021,CHEMICAL CW,KG,POLYMER,C,0,125
7/5/2026,TA0020,1201221021,CHEMICAL CW,KG,POLYMER,C,0,100
7/6/2026,TA0020,1201221021,CHEMICAL CW,KG,POLYMER,C,0,75
7/7/2026,TA0020,1201221021,CHEMICAL CW,KG,POLYMER,B,25,100
7/8/2026,TA0020,1201221021,CHEMICAL CW,KG,POLYMER,B,25,100
7/9/2026,TA0020,1201221021,CHEMICAL CW,KG,POLYMER,B,25,100
7/10/2026,TA0020,1201221021,CHEMICAL CW,KG,POLYMER,B,50,150
7/11/2026,TA0020,1201221021,CHEMICAL CW,KG,POLYMER,A,0,150
7/12/2026,TA0020,1201221021,CHEMICAL CW,KG,POLYMER,A,0,125
7/13/2026,TA0020,1201221021,CHEMICAL CW,KG,POLYMER,A,25,125
7/14/2026,TA0020,1201221021,CHEMICAL CW,KG,POLYMER,A,25,125
7/15/2026,TA0020,1201221021,CHEMICAL CW,KG,POLYMER,C,25,125
7/16/2026,TA0020,1201221021,CHEMICAL CW,KG,POLYMER,C,25,150
7/17/2026,TA0020,1201221021,CHEMICAL CW,KG,POLYMER,C,25,150
7/18/2026,TA0020,1201221021,CHEMICAL CW,KG,POLYMER,C,0,125
7/19/2026,TA0020,1201221021,CHEMICAL CW,KG,POLYMER,C,0,125
7/20/2026,TA0020,1201221021,CHEMICAL CW,KG,POLYMER,B,50,150
7/21/2026,TA0020,1201221021,CHEMICAL CW,KG,POLYMER,B,0,125
6/30/2026,TA0021,1201301006,CHEMICAL GRP.T-30PLB-UL(BL),LITER,POLYMER,A,2,6
7/1/2026,TA0021,1201301006,CHEMICAL GRP.T-30PLB-UL(BL),LITER,POLYMER,A,4,8
7/2/2026,TA0021,1201301006,CHEMICAL GRP.T-30PLB-UL(BL),LITER,POLYMER,A,4,9
7/3/2026,TA0021,1201301006,CHEMICAL GRP.T-30PLB-UL(BL),LITER,POLYMER,C,6,13
7/4/2026,TA0021,1201301006,CHEMICAL GRP.T-30PLB-UL(BL),LITER,POLYMER,C,0,11
7/5/2026,TA0021,1201301006,CHEMICAL GRP.T-30PLB-UL(BL),LITER,POLYMER,C,0,8
7/6/2026,TA0021,1201301006,CHEMICAL GRP.T-30PLB-UL(BL),LITER,POLYMER,C,3,9
7/7/2026,TA0021,1201301006,CHEMICAL GRP.T-30PLB-UL(BL),LITER,POLYMER,B,3,10
7/8/2026,TA0021,1201301006,CHEMICAL GRP.T-30PLB-UL(BL),LITER,POLYMER,B,3,10
7/9/2026,TA0021,1201301006,CHEMICAL GRP.T-30PLB-UL(BL),LITER,POLYMER,B,4,12
7/10/2026,TA0021,1201301006,CHEMICAL GRP.T-30PLB-UL(BL),LITER,POLYMER,B,4,15
7/11/2026,TA0021,1201301006,CHEMICAL GRP.T-30PLB-UL(BL),LITER,POLYMER,A,0,12
7/12/2026,TA0021,1201301006,CHEMICAL GRP.T-30PLB-UL(BL),LITER,POLYMER,A,0,10
7/13/2026,TA0021,1201301006,CHEMICAL GRP.T-30PLB-UL(BL),LITER,POLYMER,A,3,11
7/14/2026,TA0021,1201301006,CHEMICAL GRP.T-30PLB-UL(BL),LITER,POLYMER,A,3,12
7/15/2026,TA0021,1201301006,CHEMICAL GRP.T-30PLB-UL(BL),LITER,POLYMER,C,3,12
7/16/2026,TA0021,1201301006,CHEMICAL GRP.T-30PLB-UL(BL),LITER,POLYMER,C,4,14
7/17/2026,TA0021,1201301006,CHEMICAL GRP.T-30PLB-UL(BL),LITER,POLYMER,C,4,16
7/18/2026,TA0021,1201301006,CHEMICAL GRP.T-30PLB-UL(BL),LITER,POLYMER,C,0,13
7/19/2026,TA0021,1201301006,CHEMICAL GRP.T-30PLB-UL(BL),LITER,POLYMER,C,0,10
7/20/2026,TA0021,1201301006,CHEMICAL GRP.T-30PLB-UL(BL),LITER,POLYMER,B,0,8
7/21/2026,TA0021,1201301006,CHEMICAL GRP.T-30PLB-UL(BL),LITER,POLYMER,B,3,9
6/30/2026,TA0022,1201301004,CHEMICAL GRP.TC-8265,KG,POLYMER,A,0,1
7/1/2026,TA0022,1201301004,CHEMICAL GRP.TC-8265,KG,POLYMER,A,0,1
7/2/2026,TA0022,1201301004,CHEMICAL GRP.TC-8265,KG,POLYMER,A,0,1
7/3/2026,TA0022,1201301004,CHEMICAL GRP.TC-8265,KG,POLYMER,C,4,5
7/4/2026,TA0022,1201301004,CHEMICAL GRP.TC-8265,KG,POLYMER,C,0,5
7/5/2026,TA0022,1201301004,CHEMICAL GRP.TC-8265,KG,POLYMER,C,0,4
7/6/2026,TA0022,1201301004,CHEMICAL GRP.TC-8265,KG,POLYMER,C,0,4
7/7/2026,TA0022,1201301004,CHEMICAL GRP.TC-8265,KG,POLYMER,B,0,2
7/8/2026,TA0022,1201301004,CHEMICAL GRP.TC-8265,KG,POLYMER,B,0,2
7/9/2026,TA0022,1201301004,CHEMICAL GRP.TC-8265,KG,POLYMER,B,2,2
7/10/2026,TA0022,1201301004,CHEMICAL GRP.TC-8265,KG,POLYMER,B,0,2
7/11/2026,TA0022,1201301004,CHEMICAL GRP.TC-8265,KG,POLYMER,A,0,2
7/12/2026,TA0022,1201301004,CHEMICAL GRP.TC-8265,KG,POLYMER,A,0,1
7/13/2026,TA0022,1201301004,CHEMICAL GRP.TC-8265,KG,POLYMER,A,0,1
7/14/2026,TA0022,1201301004,CHEMICAL GRP.TC-8265,KG,POLYMER,A,0,1
7/15/2026,TA0022,1201301004,CHEMICAL GRP.TC-8265,KG,POLYMER,C,2,2
7/16/2026,TA0022,1201301004,CHEMICAL GRP.TC-8265,KG,POLYMER,C,0,2
7/17/2026,TA0022,1201301004,CHEMICAL GRP.TC-8265,KG,POLYMER,C,0,2
7/18/2026,TA0022,1201301004,CHEMICAL GRP.TC-8265,KG,POLYMER,C,0,2
7/19/2026,TA0022,1201301004,CHEMICAL GRP.TC-8265,KG,POLYMER,C,0,2
7/20/2026,TA0022,1201301004,CHEMICAL GRP.TC-8265,KG,POLYMER,B,0,1
7/21/2026,TA0022,1201301004,CHEMICAL GRP.TC-8265,KG,POLYMER,B,4,5
6/30/2026,TA0023,1201221001,CHEMICAL NR,KG,POLYMER,A,160,176
7/1/2026,TA0023,1201221001,CHEMICAL NR,KG,POLYMER,A,200,280
7/2/2026,TA0023,1201221001,CHEMICAL NR,KG,POLYMER,A,200,368
7/3/2026,TA0023,1201221001,CHEMICAL NR,KG,POLYMER,C,240,464
7/4/2026,TA0023,1201221001,CHEMICAL NR,KG,POLYMER,C,0,328
7/5/2026,TA0023,1201221001,CHEMICAL NR,KG,POLYMER,C,0,216
7/6/2026,TA0023,1201221001,CHEMICAL NR,KG,POLYMER,C,160,240
7/7/2026,TA0023,1201221001,CHEMICAL NR,KG,POLYMER,B,160,296
7/8/2026,TA0023,1201221001,CHEMICAL NR,KG,POLYMER,B,200,368
7/9/2026,TA0023,1201221001,CHEMICAL NR,KG,POLYMER,B,200,432
7/10/2026,TA0023,1201221001,CHEMICAL NR,KG,POLYMER,B,200,528
7/11/2026,TA0023,1201221001,CHEMICAL NR,KG,POLYMER,A,0,440
7/12/2026,TA0023,1201221001,CHEMICAL NR,KG,POLYMER,A,0,320
7/13/2026,TA0023,1201221001,CHEMICAL NR,KG,POLYMER,A,120,312
7/14/2026,TA0023,1201221001,CHEMICAL NR,KG,POLYMER,A,120,352
7/15/2026,TA0023,1201221001,CHEMICAL NR,KG,POLYMER,C,160,384
7/16/2026,TA0023,1201221001,CHEMICAL NR,KG,POLYMER,C,128,400
7/17/2026,TA0023,1201221001,CHEMICAL NR,KG,POLYMER,C,232,520
7/18/2026,TA0023,1201221001,CHEMICAL NR,KG,POLYMER,C,0,360
7/19/2026,TA0023,1201221001,CHEMICAL NR,KG,POLYMER,C,0,240
7/20/2026,TA0023,1201221001,CHEMICAL NR,KG,POLYMER,B,120,256
7/21/2026,TA0023,1201221001,CHEMICAL NR,KG,POLYMER,B,120,256
6/30/2026,TA0024,1201221009,CHEMICAL RH,KG,POLYMER,A,24,96
7/1/2026,TA0024,1201221009,CHEMICAL RH,KG,POLYMER,A,32,112
7/2/2026,TA0024,1201221009,CHEMICAL RH,KG,POLYMER,A,40,152
7/3/2026,TA0024,1201221009,CHEMICAL RH,KG,POLYMER,C,40,152
7/4/2026,TA0024,1201221009,CHEMICAL RH,KG,POLYMER,C,0,136
7/5/2026,TA0024,1201221009,CHEMICAL RH,KG,POLYMER,C,0,136
7/6/2026,TA0024,1201221009,CHEMICAL RH,KG,POLYMER,C,0,112
7/7/2026,TA0024,1201221009,CHEMICAL RH,KG,POLYMER,B,32,144
7/8/2026,TA0024,1201221009,CHEMICAL RH,KG,POLYMER,B,0,104
7/9/2026,TA0024,1201221009,CHEMICAL RH,KG,POLYMER,B,0,80
7/10/2026,TA0024,1201221009,CHEMICAL RH,KG,POLYMER,B,48,128
7/11/2026,TA0024,1201221009,CHEMICAL RH,KG,POLYMER,A,0,128
7/12/2026,TA0024,1201221009,CHEMICAL RH,KG,POLYMER,A,0,104
7/13/2026,TA0024,1201221009,CHEMICAL RH,KG,POLYMER,A,0,80
7/14/2026,TA0024,1201221009,CHEMICAL RH,KG,POLYMER,A,48,112
7/15/2026,TA0024,1201221009,CHEMICAL RH,KG,POLYMER,C,0,112
7/16/2026,TA0024,1201221009,CHEMICAL RH,KG,POLYMER,C,40,152
7/17/2026,TA0024,1201221009,CHEMICAL RH,KG,POLYMER,C,40,168
7/18/2026,TA0024,1201221009,CHEMICAL RH,KG,POLYMER,C,0,168
7/19/2026,TA0024,1201221009,CHEMICAL RH,KG,POLYMER,C,0,136
7/20/2026,TA0024,1201221009,CHEMICAL RH,KG,POLYMER,B,0,112
7/21/2026,TA0024,1201221009,CHEMICAL RH,KG,POLYMER,B,0,112
6/30/2026,TA0025,1201221004,CHEMICAL TR,KG,POLYMER,A,64,160
7/1/2026,TA0025,1201221004,CHEMICAL TR,KG,POLYMER,A,80,168
7/2/2026,TA0025,1201221004,CHEMICAL TR,KG,POLYMER,A,80,208
7/3/2026,TA0025,1201221004,CHEMICAL TR,KG,POLYMER,C,120,272
7/4/2026,TA0025,1201221004,CHEMICAL TR,KG,POLYMER,C,0,200
7/5/2026,TA0025,1201221004,CHEMICAL TR,KG,POLYMER,C,0,160
7/6/2026,TA0025,1201221004,CHEMICAL TR,KG,POLYMER,C,64,176
7/7/2026,TA0025,1201221004,CHEMICAL TR,KG,POLYMER,B,80,184
7/8/2026,TA0025,1201221004,CHEMICAL TR,KG,POLYMER,B,80,232
7/9/2026,TA0025,1201221004,CHEMICAL TR,KG,POLYMER,B,80,264
7/10/2026,TA0025,1201221004,CHEMICAL TR,KG,POLYMER,B,112,280
7/11/2026,TA0025,1201221004,CHEMICAL TR,KG,POLYMER,A,0,232
7/12/2026,TA0025,1201221004,CHEMICAL TR,KG,POLYMER,A,0,184
7/13/2026,TA0025,1201221004,CHEMICAL TR,KG,POLYMER,A,48,168
7/14/2026,TA0025,1201221004,CHEMICAL TR,KG,POLYMER,A,48,200
7/15/2026,TA0025,1201221004,CHEMICAL TR,KG,POLYMER,C,80,208
7/16/2026,TA0025,1201221004,CHEMICAL TR,KG,POLYMER,C,80,224
7/17/2026,TA0025,1201221004,CHEMICAL TR,KG,POLYMER,C,80,264
7/18/2026,TA0025,1201221004,CHEMICAL TR,KG,POLYMER,C,0,216
7/19/2026,TA0025,1201221004,CHEMICAL TR,KG,POLYMER,C,0,136
7/20/2026,TA0025,1201221004,CHEMICAL TR,KG,POLYMER,B,48,168
7/21/2026,TA0025,1201221004,CHEMICAL TR,KG,POLYMER,B,48,152
6/30/2026,TA0026,1000000002,CINDOL 4612T,LITER,STAMPING,A,0,137
7/1/2026,TA0026,1000000002,CINDOL 4612T,LITER,STAMPING,A,0,135
7/2/2026,TA0026,1000000002,CINDOL 4612T,LITER,STAMPING,A,0,133
7/3/2026,TA0026,1000000002,CINDOL 4612T,LITER,STAMPING,C,0,133
7/4/2026,TA0026,1000000002,CINDOL 4612T,LITER,STAMPING,C,0,133
7/5/2026,TA0026,1000000002,CINDOL 4612T,LITER,STAMPING,C,0,130
7/6/2026,TA0026,1000000002,CINDOL 4612T,LITER,STAMPING,C,0,128
7/7/2026,TA0026,1000000002,CINDOL 4612T,LITER,STAMPING,B,0,128
7/8/2026,TA0026,1000000002,CINDOL 4612T,LITER,STAMPING,B,0,125
7/9/2026,TA0026,1000000002,CINDOL 4612T,LITER,STAMPING,B,0,125
7/10/2026,TA0026,1000000002,CINDOL 4612T,LITER,STAMPING,B,0,125
7/11/2026,TA0026,1000000002,CINDOL 4612T,LITER,STAMPING,A,0,122
7/12/2026,TA0026,1000000002,CINDOL 4612T,LITER,STAMPING,A,0,119
7/13/2026,TA0026,1000000002,CINDOL 4612T,LITER,STAMPING,A,0,119
7/14/2026,TA0026,1000000002,CINDOL 4612T,LITER,STAMPING,A,0,116
7/15/2026,TA0026,1000000002,CINDOL 4612T,LITER,STAMPING,C,0,116
7/16/2026,TA0026,1000000002,CINDOL 4612T,LITER,STAMPING,C,0,113
7/17/2026,TA0026,1000000002,CINDOL 4612T,LITER,STAMPING,C,0,113
7/18/2026,TA0026,1000000002,CINDOL 4612T,LITER,STAMPING,C,0,110
7/19/2026,TA0026,1000000002,CINDOL 4612T,LITER,STAMPING,B,0,110
7/20/2026,TA0026,1000000002,CINDOL 4612T,LITER,STAMPING,B,0,110
7/21/2026,TA0026,1000000002,CINDOL 4612T,LITER,STAMPING,B,0,107
6/30/2026,TA0027,1201221028,CKV5-D,KG,POLYMER,A,10,60
7/1/2026,TA0027,1201221028,CKV5-D,KG,POLYMER,A,30,80
7/2/2026,TA0027,1201221028,CKV5-D,KG,POLYMER,A,40,100
7/3/2026,TA0027,1201221028,CKV5-D,KG,POLYMER,C,40,130
7/4/2026,TA0027,1201221028,CKV5-D,KG,POLYMER,C,0,120
7/5/2026,TA0027,1201221028,CKV5-D,KG,POLYMER,C,0,100
7/6/2026,TA0027,1201221028,CKV5-D,KG,POLYMER,C,20,110
7/7/2026,TA0027,1201221028,CKV5-D,KG,POLYMER,B,20,120
7/8/2026,TA0027,1201221028,CKV5-D,KG,POLYMER,B,20,130
7/9/2026,TA0027,1201221028,CKV5-D,KG,POLYMER,B,0,120
7/10/2026,TA0027,1201221028,CKV5-D,KG,POLYMER,B,40,150
7/11/2026,TA0027,1201221028,CKV5-D,KG,POLYMER,A,0,130
7/12/2026,TA0027,1201221028,CKV5-D,KG,POLYMER,A,0,120
7/13/2026,TA0027,1201221028,CKV5-D,KG,POLYMER,A,0,110
7/14/2026,TA0027,1201221028,CKV5-D,KG,POLYMER,A,20,120
7/15/2026,TA0027,1201221028,CKV5-D,KG,POLYMER,C,20,120
7/16/2026,TA0027,1201221028,CKV5-D,KG,POLYMER,C,30,140
7/17/2026,TA0027,1201221028,CKV5-D,KG,POLYMER,C,40,170
7/18/2026,TA0027,1201221028,CKV5-D,KG,POLYMER,C,0,160
7/19/2026,TA0027,1201221028,CKV5-D,KG,POLYMER,C,0,140
7/20/2026,TA0027,1201221028,CKV5-D,KG,POLYMER,B,0,120
7/21/2026,TA0027,1201221028,CKV5-D,KG,POLYMER,B,0,100
6/30/2026,TA0028,1201221019,CLEVIOS  KV2-HV,KG,POLYMER,A,20,50
7/1/2026,TA0028,1201221019,CLEVIOS  KV2-HV,KG,POLYMER,A,30,70
7/2/2026,TA0028,1201221019,CLEVIOS  KV2-HV,KG,POLYMER,A,30,80
7/3/2026,TA0028,1201221019,CLEVIOS  KV2-HV,KG,POLYMER,C,30,90
7/4/2026,TA0028,1201221019,CLEVIOS  KV2-HV,KG,POLYMER,C,0,70
7/5/2026,TA0028,1201221019,CLEVIOS  KV2-HV,KG,POLYMER,C,0,50
7/6/2026,TA0028,1201221019,CLEVIOS  KV2-HV,KG,POLYMER,C,30,60
7/7/2026,TA0028,1201221019,CLEVIOS  KV2-HV,KG,POLYMER,B,30,70
7/8/2026,TA0028,1201221019,CLEVIOS  KV2-HV,KG,POLYMER,B,30,80
7/9/2026,TA0028,1201221019,CLEVIOS  KV2-HV,KG,POLYMER,B,30,100
7/10/2026,TA0028,1201221019,CLEVIOS  KV2-HV,KG,POLYMER,B,40,120
7/11/2026,TA0028,1201221019,CLEVIOS  KV2-HV,KG,POLYMER,A,0,100
7/12/2026,TA0028,1201221019,CLEVIOS  KV2-HV,KG,POLYMER,A,0,90
7/13/2026,TA0028,1201221019,CLEVIOS  KV2-HV,KG,POLYMER,A,20,90
7/14/2026,TA0028,1201221019,CLEVIOS  KV2-HV,KG,POLYMER,A,20,90
7/15/2026,TA0028,1201221019,CLEVIOS  KV2-HV,KG,POLYMER,C,20,80
7/16/2026,TA0028,1201221019,CLEVIOS  KV2-HV,KG,POLYMER,C,20,80
7/17/2026,TA0028,1201221019,CLEVIOS  KV2-HV,KG,POLYMER,C,30,90
7/18/2026,TA0028,1201221019,CLEVIOS  KV2-HV,KG,POLYMER,C,0,70
7/19/2026,TA0028,1201221019,CLEVIOS  KV2-HV,KG,POLYMER,C,0,50
7/20/2026,TA0028,1201221019,CLEVIOS  KV2-HV,KG,POLYMER,B,30,60
7/21/2026,TA0028,1201221019,CLEVIOS  KV2-HV,KG,POLYMER,B,30,70
6/30/2026,TA0029,1201221018,CLEVIOS K  NANO IL,KG,POLYMER,A,0,30
7/1/2026,TA0029,1201221018,CLEVIOS K  NANO IL,KG,POLYMER,A,0,30
7/2/2026,TA0029,1201221018,CLEVIOS K  NANO IL,KG,POLYMER,A,10,40
7/3/2026,TA0029,1201221018,CLEVIOS K  NANO IL,KG,POLYMER,C,0,40
7/4/2026,TA0029,1201221018,CLEVIOS K  NANO IL,KG,POLYMER,C,0,40
7/5/2026,TA0029,1201221018,CLEVIOS K  NANO IL,KG,POLYMER,C,0,40
7/6/2026,TA0029,1201221018,CLEVIOS K  NANO IL,KG,POLYMER,C,0,40
7/7/2026,TA0029,1201221018,CLEVIOS K  NANO IL,KG,POLYMER,B,0,40
7/8/2026,TA0029,1201221018,CLEVIOS K  NANO IL,KG,POLYMER,B,10,50
7/9/2026,TA0029,1201221018,CLEVIOS K  NANO IL,KG,POLYMER,B,0,50
7/10/2026,TA0029,1201221018,CLEVIOS K  NANO IL,KG,POLYMER,B,0,50
7/11/2026,TA0029,1201221018,CLEVIOS K  NANO IL,KG,POLYMER,A,0,40
7/12/2026,TA0029,1201221018,CLEVIOS K  NANO IL,KG,POLYMER,A,0,40
7/13/2026,TA0029,1201221018,CLEVIOS K  NANO IL,KG,POLYMER,A,0,40
7/14/2026,TA0029,1201221018,CLEVIOS K  NANO IL,KG,POLYMER,A,0,40
7/15/2026,TA0029,1201221018,CLEVIOS K  NANO IL,KG,POLYMER,C,0,40
7/16/2026,TA0029,1201221018,CLEVIOS K  NANO IL,KG,POLYMER,C,0,40
7/17/2026,TA0029,1201221018,CLEVIOS K  NANO IL,KG,POLYMER,C,0,40
7/18/2026,TA0029,1201221018,CLEVIOS K  NANO IL,KG,POLYMER,C,0,40
7/19/2026,TA0029,1201221018,CLEVIOS K  NANO IL,KG,POLYMER,C,0,35
7/20/2026,TA0029,1201221018,CLEVIOS K  NANO IL,KG,POLYMER,B,0,35
7/21/2026,TA0029,1201221018,CLEVIOS K  NANO IL,KG,POLYMER,B,0,35
6/30/2026,TA0030,1201221023,CLEVIOS K NANO IL-62  ,KG,POLYMER,A,0,40
7/1/2026,TA0030,1201221023,CLEVIOS K NANO IL-62  ,KG,POLYMER,A,10,50
7/2/2026,TA0030,1201221023,CLEVIOS K NANO IL-62  ,KG,POLYMER,A,0,45
7/3/2026,TA0030,1201221023,CLEVIOS K NANO IL-62  ,KG,POLYMER,C,20,60
7/4/2026,TA0030,1201221023,CLEVIOS K NANO IL-62  ,KG,POLYMER,C,0,40
7/5/2026,TA0030,1201221023,CLEVIOS K NANO IL-62  ,KG,POLYMER,C,0,40
7/6/2026,TA0030,1201221023,CLEVIOS K NANO IL-62  ,KG,POLYMER,C,20,55
7/7/2026,TA0030,1201221023,CLEVIOS K NANO IL-62  ,KG,POLYMER,B,0,43.83
7/8/2026,TA0030,1201221023,CLEVIOS K NANO IL-62  ,KG,POLYMER,B,20,63.83
7/9/2026,TA0030,1201221023,CLEVIOS K NANO IL-62  ,KG,POLYMER,B,0,40
7/10/2026,TA0030,1201221023,CLEVIOS K NANO IL-62  ,KG,POLYMER,B,20,45
7/11/2026,TA0030,1201221023,CLEVIOS K NANO IL-62  ,KG,POLYMER,A,0,40
7/12/2026,TA0030,1201221023,CLEVIOS K NANO IL-62  ,KG,POLYMER,A,0,35
7/13/2026,TA0030,1201221023,CLEVIOS K NANO IL-62  ,KG,POLYMER,A,20,55
7/14/2026,TA0030,1201221023,CLEVIOS K NANO IL-62  ,KG,POLYMER,A,0,50
7/15/2026,TA0030,1201221023,CLEVIOS K NANO IL-62  ,KG,POLYMER,C,20,70
7/16/2026,TA0030,1201221023,CLEVIOS K NANO IL-62  ,KG,POLYMER,C,0,50
7/17/2026,TA0030,1201221023,CLEVIOS K NANO IL-62  ,KG,POLYMER,C,20,70
7/18/2026,TA0030,1201221023,CLEVIOS K NANO IL-62  ,KG,POLYMER,C,0,60
7/19/2026,TA0030,1201221023,CLEVIOS K NANO IL-62  ,KG,POLYMER,C,0,60
7/20/2026,TA0030,1201221023,CLEVIOS K NANO IL-62  ,KG,POLYMER,B,0,50
7/21/2026,TA0030,1201221023,CLEVIOS K NANO IL-62  ,KG,POLYMER,B,0,45
6/30/2026,TA0031,1201221020,CLEVIOS K PRIMER W8,KG,POLYMER,A,20,40
7/1/2026,TA0031,1201221020,CLEVIOS K PRIMER W8,KG,POLYMER,A,30,70
7/2/2026,TA0031,1201221020,CLEVIOS K PRIMER W8,KG,POLYMER,A,30,80
7/3/2026,TA0031,1201221020,CLEVIOS K PRIMER W8,KG,POLYMER,C,30,110
7/4/2026,TA0031,1201221020,CLEVIOS K PRIMER W8,KG,POLYMER,C,0,100
7/5/2026,TA0031,1201221020,CLEVIOS K PRIMER W8,KG,POLYMER,C,0,80
7/6/2026,TA0031,1201221020,CLEVIOS K PRIMER W8,KG,POLYMER,C,0,65
7/7/2026,TA0031,1201221020,CLEVIOS K PRIMER W8,KG,POLYMER,B,20,80
7/8/2026,TA0031,1201221020,CLEVIOS K PRIMER W8,KG,POLYMER,B,0,70
7/9/2026,TA0031,1201221020,CLEVIOS K PRIMER W8,KG,POLYMER,B,20,70
7/10/2026,TA0031,1201221020,CLEVIOS K PRIMER W8,KG,POLYMER,B,30,90
7/11/2026,TA0031,1201221020,CLEVIOS K PRIMER W8,KG,POLYMER,A,0,90
7/12/2026,TA0031,1201221020,CLEVIOS K PRIMER W8,KG,POLYMER,A,0,80
7/13/2026,TA0031,1201221020,CLEVIOS K PRIMER W8,KG,POLYMER,A,0,60
7/14/2026,TA0031,1201221020,CLEVIOS K PRIMER W8,KG,POLYMER,A,20,75
7/15/2026,TA0031,1201221020,CLEVIOS K PRIMER W8,KG,POLYMER,C,0,75
7/16/2026,TA0031,1201221020,CLEVIOS K PRIMER W8,KG,POLYMER,C,30,80
7/17/2026,TA0031,1201221020,CLEVIOS K PRIMER W8,KG,POLYMER,C,30,110
7/18/2026,TA0031,1201221020,CLEVIOS K PRIMER W8,KG,POLYMER,C,0,100
7/19/2026,TA0031,1201221020,CLEVIOS K PRIMER W8,KG,POLYMER,C,0,80
7/20/2026,TA0031,1201221020,CLEVIOS K PRIMER W8,KG,POLYMER,B,30,90
7/21/2026,TA0031,1201221020,CLEVIOS K PRIMER W8,KG,POLYMER,B,0,90
6/30/2026,TA0032,1201221031,CLEVIOS K PRIMER XT,KG,POLYMER,A,0,23
7/1/2026,TA0032,1201221031,CLEVIOS K PRIMER XT,KG,POLYMER,A,0,23
7/2/2026,TA0032,1201221031,CLEVIOS K PRIMER XT,KG,POLYMER,A,0,23
7/3/2026,TA0032,1201221031,CLEVIOS K PRIMER XT,KG,POLYMER,C,0,23
7/4/2026,TA0032,1201221031,CLEVIOS K PRIMER XT,KG,POLYMER,C,0,23
7/5/2026,TA0032,1201221031,CLEVIOS K PRIMER XT,KG,POLYMER,C,0,23
7/6/2026,TA0032,1201221031,CLEVIOS K PRIMER XT,KG,POLYMER,C,0,23
7/7/2026,TA0032,1201221031,CLEVIOS K PRIMER XT,KG,POLYMER,B,0,23
7/8/2026,TA0032,1201221031,CLEVIOS K PRIMER XT,KG,POLYMER,B,0,23
7/9/2026,TA0032,1201221031,CLEVIOS K PRIMER XT,KG,POLYMER,B,0,23
7/10/2026,TA0032,1201221031,CLEVIOS K PRIMER XT,KG,POLYMER,B,0,23
7/11/2026,TA0032,1201221031,CLEVIOS K PRIMER XT,KG,POLYMER,A,0,23
7/12/2026,TA0032,1201221031,CLEVIOS K PRIMER XT,KG,POLYMER,A,0,23
7/13/2026,TA0032,1201221031,CLEVIOS K PRIMER XT,KG,POLYMER,A,0,23
7/14/2026,TA0032,1201221031,CLEVIOS K PRIMER XT,KG,POLYMER,A,0,23
7/15/2026,TA0032,1201221031,CLEVIOS K PRIMER XT,KG,POLYMER,C,0,23
7/16/2026,TA0032,1201221031,CLEVIOS K PRIMER XT,KG,POLYMER,C,0,23
7/17/2026,TA0032,1201221031,CLEVIOS K PRIMER XT,KG,POLYMER,C,0,23
7/18/2026,TA0032,1201221031,CLEVIOS K PRIMER XT,KG,POLYMER,C,0,23
7/19/2026,TA0032,1201221031,CLEVIOS K PRIMER XT,KG,POLYMER,C,0,23
7/20/2026,TA0032,1201221031,CLEVIOS K PRIMER XT,KG,POLYMER,B,0,23
7/21/2026,TA0032,1201221031,CLEVIOS K PRIMER XT,KG,POLYMER,B,0,23
6/30/2026,TA0033,1201221030,CLEVIOS KPLUS2,KG,POLYMER,A,0,12.03
7/1/2026,TA0033,1201221030,CLEVIOS KPLUS2,KG,POLYMER,A,8,17.92
7/2/2026,TA0033,1201221030,CLEVIOS KPLUS2,KG,POLYMER,A,0,16.12
7/3/2026,TA0033,1201221030,CLEVIOS KPLUS2,KG,POLYMER,C,8,21.95
7/4/2026,TA0033,1201221030,CLEVIOS KPLUS2,KG,POLYMER,C,0,19.3
7/5/2026,TA0033,1201221030,CLEVIOS KPLUS2,KG,POLYMER,C,0,16.57
7/6/2026,TA0033,1201221030,CLEVIOS KPLUS2,KG,POLYMER,C,4,18.02
7/7/2026,TA0033,1201221030,CLEVIOS KPLUS2,KG,POLYMER,B,0,18.02
7/8/2026,TA0033,1201221030,CLEVIOS KPLUS2,KG,POLYMER,B,0,15.47
7/9/2026,TA0033,1201221030,CLEVIOS KPLUS2,KG,POLYMER,B,0,13
7/10/2026,TA0033,1201221030,CLEVIOS KPLUS2,KG,POLYMER,B,8,18.52
7/11/2026,TA0033,1201221030,CLEVIOS KPLUS2,KG,POLYMER,A,0,18.52
7/12/2026,TA0033,1201221030,CLEVIOS KPLUS2,KG,POLYMER,A,0,15.7
7/13/2026,TA0033,1201221030,CLEVIOS KPLUS2,KG,POLYMER,A,0,15.7
7/14/2026,TA0033,1201221030,CLEVIOS KPLUS2,KG,POLYMER,A,8,21.34
7/15/2026,TA0033,1201221030,CLEVIOS KPLUS2,KG,POLYMER,C,0,18.67
7/16/2026,TA0033,1201221030,CLEVIOS KPLUS2,KG,POLYMER,C,8,23.73
7/17/2026,TA0033,1201221030,CLEVIOS KPLUS2,KG,POLYMER,C,0,18.73
7/18/2026,TA0033,1201221030,CLEVIOS KPLUS2,KG,POLYMER,C,0,16
7/19/2026,TA0033,1201221030,CLEVIOS KPLUS2,KG,POLYMER,C,0,13.6
7/20/2026,TA0033,1201221030,CLEVIOS KPLUS2,KG,POLYMER,B,8,21.6
7/21/2026,TA0033,1201221030,CLEVIOS KPLUS2,KG,POLYMER,B,0,19.2
6/30/2026,TA0034,1201221002,CLEVIOS MV2,LITER,POLYMER,A,0,200
7/1/2026,TA0034,1201221002,CLEVIOS MV2,LITER,POLYMER,A,200,350
7/2/2026,TA0034,1201221002,CLEVIOS MV2,LITER,POLYMER,A,0,305
7/3/2026,TA0034,1201221002,CLEVIOS MV2,LITER,POLYMER,C,0,265
7/4/2026,TA0034,1201221002,CLEVIOS MV2,LITER,POLYMER,C,0,225
7/5/2026,TA0034,1201221002,CLEVIOS MV2,LITER,POLYMER,C,0,155
7/6/2026,TA0034,1201221002,CLEVIOS MV2,LITER,POLYMER,C,0,115
7/7/2026,TA0034,1201221002,CLEVIOS MV2,LITER,POLYMER,B,200,270
7/8/2026,TA0034,1201221002,CLEVIOS MV2,LITER,POLYMER,B,0,220
7/9/2026,TA0034,1201221002,CLEVIOS MV2,LITER,POLYMER,B,200,380
7/10/2026,TA0034,1201221002,CLEVIOS MV2,LITER,POLYMER,B,0,340
7/11/2026,TA0034,1201221002,CLEVIOS MV2,LITER,POLYMER,A,0,300
7/12/2026,TA0034,1201221002,CLEVIOS MV2,LITER,POLYMER,A,0,270
7/13/2026,TA0034,1201221002,CLEVIOS MV2,LITER,POLYMER,A,0,240
7/14/2026,TA0034,1201221002,CLEVIOS MV2,LITER,POLYMER,A,0,200
7/15/2026,TA0034,1201221002,CLEVIOS MV2,LITER,POLYMER,C,200,360
7/16/2026,TA0034,1201221002,CLEVIOS MV2,LITER,POLYMER,C,0,300
7/17/2026,TA0034,1201221002,CLEVIOS MV2,LITER,POLYMER,C,0,250
7/18/2026,TA0034,1201221002,CLEVIOS MV2,LITER,POLYMER,C,0,210
7/19/2026,TA0034,1201221002,CLEVIOS MV2,LITER,POLYMER,C,0,170
7/20/2026,TA0034,1201221002,CLEVIOS MV2,LITER,POLYMER,B,200,330
7/21/2026,TA0034,1201221002,CLEVIOS MV2,LITER,POLYMER,B,0,290
6/30/2026,TA0035,1201500038,COMPOUND CV - 4160GC6 (13X4.1G),KG,PSLA,A,0,2.11
7/1/2026,TA0035,1201500038,COMPOUND CV - 4160GC6 (13X4.1G),KG,PSLA,C,0,1.88
7/2/2026,TA0035,1201500038,COMPOUND CV - 4160GC6 (13X4.1G),KG,PSLA,A,0,1.88
7/3/2026,TA0035,1201500038,COMPOUND CV - 4160GC6 (13X4.1G),KG,PSLA,C,0,1.6
7/4/2026,TA0035,1201500038,COMPOUND CV - 4160GC6 (13X4.1G),KG,PSLA,C,0,1.57
7/5/2026,TA0035,1201500038,COMPOUND CV - 4160GC6 (13X4.1G),KG,PSLA,C,0,1.41
7/6/2026,TA0035,1201500038,COMPOUND CV - 4160GC6 (13X4.1G),KG,PSLA,C,0,1.39
7/7/2026,TA0035,1201500038,COMPOUND CV - 4160GC6 (13X4.1G),KG,PSLA,B,0,1.27
7/8/2026,TA0035,1201500038,COMPOUND CV - 4160GC6 (13X4.1G),KG,PSLA,B,0,1.17
7/9/2026,TA0035,1201500038,COMPOUND CV - 4160GC6 (13X4.1G),KG,PSLA,B,0,1.1
7/10/2026,TA0035,1201500038,COMPOUND CV - 4160GC6 (13X4.1G),KG,PSLA,B,0,1
7/11/2026,TA0035,1201500038,COMPOUND CV - 4160GC6 (13X4.1G),KG,PSLA,A,0,0.94
7/12/2026,TA0035,1201500038,COMPOUND CV - 4160GC6 (13X4.1G),KG,PSLA,A,0,0.88
7/13/2026,TA0035,1201500038,COMPOUND CV - 4160GC6 (13X4.1G),KG,PSLA,A,0,0.72
7/14/2026,TA0035,1201500038,COMPOUND CV - 4160GC6 (13X4.1G),KG,PSLA,A,0,0.69
7/15/2026,TA0035,1201500038,COMPOUND CV - 4160GC6 (13X4.1G),KG,PSLA,C,0,0.61
7/16/2026,TA0035,1201500038,COMPOUND CV - 4160GC6 (13X4.1G),KG,PSLA,C,0,0.41
7/17/2026,TA0035,1201500038,COMPOUND CV - 4160GC6 (13X4.1G),KG,PSLA,C,0,0.41
7/18/2026,TA0035,1201500038,COMPOUND CV - 4160GC6 (13X4.1G),KG,PSLA,C,0,0.3
7/19/2026,TA0035,1201500038,COMPOUND CV - 4160GC6 (13X4.1G),KG,PSLA,B,0,0.19
7/20/2026,TA0035,1201500038,COMPOUND CV - 4160GC6 (13X4.1G),KG,PSLA,B,15,15.19
7/21/2026,TA0035,1201500038,COMPOUND CV - 4160GC6 (13X4.1G),KG,PSLA,B,0,15.15
6/30/2026,TA0036,1201500038,COMPOUND CV - 4160GC6 (13X4.1G),KG,PSLB,A,0,20
7/1/2026,TA0036,1201500038,COMPOUND CV - 4160GC6 (13X4.1G),KG,PSLB,A,0,19
7/2/2026,TA0036,1201500038,COMPOUND CV - 4160GC6 (13X4.1G),KG,PSLB,A,15,32.2
7/3/2026,TA0036,1201500038,COMPOUND CV - 4160GC6 (13X4.1G),KG,PSLB,C,0,30.2
7/4/2026,TA0036,1201500038,COMPOUND CV - 4160GC6 (13X4.1G),KG,PSLB,C,0,28.2
7/5/2026,TA0036,1201500038,COMPOUND CV - 4160GC6 (13X4.1G),KG,PSLB,C,0,26.9
7/6/2026,TA0036,1201500038,COMPOUND CV - 4160GC6 (13X4.1G),KG,PSLB,C,0,25.4
7/7/2026,TA0036,1201500038,COMPOUND CV - 4160GC6 (13X4.1G),KG,PSLB,B,0,23.7
7/8/2026,TA0036,1201500038,COMPOUND CV - 4160GC6 (13X4.1G),KG,PSLB,B,15,36.7
7/9/2026,TA0036,1201500038,COMPOUND CV - 4160GC6 (13X4.1G),KG,PSLB,B,0,34.9
7/10/2026,TA0036,1201500038,COMPOUND CV - 4160GC6 (13X4.1G),KG,PSLB,B,0,32.8
7/11/2026,TA0036,1201500038,COMPOUND CV - 4160GC6 (13X4.1G),KG,PSLB,A,0,31.5
7/12/2026,TA0036,1201500038,COMPOUND CV - 4160GC6 (13X4.1G),KG,PSLB,A,0,30
7/13/2026,TA0036,1201500038,COMPOUND CV - 4160GC6 (13X4.1G),KG,PSLB,A,0,28
7/14/2026,TA0036,1201500038,COMPOUND CV - 4160GC6 (13X4.1G),KG,PSLB,A,0,26
7/15/2026,TA0036,1201500038,COMPOUND CV - 4160GC6 (13X4.1G),KG,PSLB,C,0,24.2
7/16/2026,TA0036,1201500038,COMPOUND CV - 4160GC6 (13X4.1G),KG,PSLB,C,0,22
7/17/2026,TA0036,1201500038,COMPOUND CV - 4160GC6 (13X4.1G),KG,PSLB,C,0,20.6
7/18/2026,TA0036,1201500038,COMPOUND CV - 4160GC6 (13X4.1G),KG,PSLB,C,0,18.7
7/21/2026,TA0036,1201500038,COMPOUND CV - 4160GC6 (13X4.1G),KG,PSLB,B,0,13.2
6/30/2026,TA0037,1201500045,COMPOUND CV-4160GC6(13X3.5G),KG,FPSB,A,45,74.5
7/1/2026,TA0037,1201500045,COMPOUND CV-4160GC6(13X3.5G),KG,FPSB,A,45,99.7
7/2/2026,TA0037,1201500045,COMPOUND CV-4160GC6(13X3.5G),KG,FPSB,A,45,127.7
7/3/2026,TA0037,1201500045,COMPOUND CV-4160GC6(13X3.5G),KG,FPSB,C,45,157.6
7/4/2026,TA0037,1201500045,COMPOUND CV-4160GC6(13X3.5G),KG,FPSB,C,0,136.19
7/5/2026,TA0037,1201500045,COMPOUND CV-4160GC6(13X3.5G),KG,FPSB,C,0,107.09
7/6/2026,TA0037,1201500045,COMPOUND CV-4160GC6(13X3.5G),KG,FPSB,C,0,81.12
7/7/2026,TA0037,1201500045,COMPOUND CV-4160GC6(13X3.5G),KG,FPSB,B,30,81
7/8/2026,TA0037,1201500045,COMPOUND CV-4160GC6(13X3.5G),KG,FPSB,B,0,53
7/9/2026,TA0037,1201500045,COMPOUND CV-4160GC6(13X3.5G),KG,FPSB,B,105,134
7/10/2026,TA0037,1201500045,COMPOUND CV-4160GC6(13X3.5G),KG,FPSB,B,0,108
7/11/2026,TA0037,1201500045,COMPOUND CV-4160GC6(13X3.5G),KG,FPSB,A,0,81.82
7/12/2026,TA0037,1201500045,COMPOUND CV-4160GC6(13X3.5G),KG,FPSB,A,0,57.84
7/13/2026,TA0037,1201500045,COMPOUND CV-4160GC6(13X3.5G),KG,FPSB,A,30,64.04
7/14/2026,TA0037,1201500045,COMPOUND CV-4160GC6(13X3.5G),KG,FPSB,A,30,76.94
7/15/2026,TA0037,1201500045,COMPOUND CV-4160GC6(13X3.5G),KG,FPSB,C,30,81.16
7/16/2026,TA0037,1201500045,COMPOUND CV-4160GC6(13X3.5G),KG,FPSB,C,30,80.8
7/17/2026,TA0037,1201500045,COMPOUND CV-4160GC6(13X3.5G),KG,FPSB,C,30,79.6
7/18/2026,TA0037,1201500045,COMPOUND CV-4160GC6(13X3.5G),KG,FPSB,C,0,51.62
7/19/2026,TA0037,1201500045,COMPOUND CV-4160GC6(13X3.5G),KG,FPSB,B,0,23
7/20/2026,TA0037,1201500045,COMPOUND CV-4160GC6(13X3.5G),KG,FPSB,B,45,42.5
7/21/2026,TA0037,1201500045,COMPOUND CV-4160GC6(13X3.5G),KG,FPSB,B,0,15
6/30/2026,TA0038,1201500045,COMPOUND CV-4160GC6(13X3.5G),KG,PSLB,A,375,465
7/1/2026,TA0038,1201500045,COMPOUND CV-4160GC6(13X3.5G),KG,PSLB,A,375,555
7/2/2026,TA0038,1201500045,COMPOUND CV-4160GC6(13X3.5G),KG,PSLB,A,375,645
7/3/2026,TA0038,1201500045,COMPOUND CV-4160GC6(13X3.5G),KG,PSLB,C,450,810
7/4/2026,TA0038,1201500045,COMPOUND CV-4160GC6(13X3.5G),KG,PSLB,C,0,525
7/5/2026,TA0038,1201500045,COMPOUND CV-4160GC6(13X3.5G),KG,PSLB,C,0,240
7/6/2026,TA0038,1201500045,COMPOUND CV-4160GC6(13X3.5G),KG,PSLB,C,375,330
7/7/2026,TA0038,1201500045,COMPOUND CV-4160GC6(13X3.5G),KG,PSLB,B,375,435
7/8/2026,TA0038,1201500045,COMPOUND CV-4160GC6(13X3.5G),KG,PSLB,B,375,540
7/9/2026,TA0038,1201500045,COMPOUND CV-4160GC6(13X3.5G),KG,PSLB,B,375,660
7/10/2026,TA0038,1201500045,COMPOUND CV-4160GC6(13X3.5G),KG,PSLB,B,450,840
7/11/2026,TA0038,1201500045,COMPOUND CV-4160GC6(13X3.5G),KG,PSLB,A,0,548
7/12/2026,TA0038,1201500045,COMPOUND CV-4160GC6(13X3.5G),KG,PSLB,A,0,285
7/13/2026,TA0038,1201500045,COMPOUND CV-4160GC6(13X3.5G),KG,PSLB,A,315,315
7/14/2026,TA0038,1201500045,COMPOUND CV-4160GC6(13X3.5G),KG,PSLB,A,375,420
7/15/2026,TA0038,1201500045,COMPOUND CV-4160GC6(13X3.5G),KG,PSLB,C,435,570
7/16/2026,TA0038,1201500045,COMPOUND CV-4160GC6(13X3.5G),KG,PSLB,C,375,675
7/17/2026,TA0038,1201500045,COMPOUND CV-4160GC6(13X3.5G),KG,PSLB,C,450,870
7/18/2026,TA0038,1201500045,COMPOUND CV-4160GC6(13X3.5G),KG,PSLB,C,0,615
7/21/2026,TA0038,1201500045,COMPOUND CV-4160GC6(13X3.5G),KG,PSLB,B,375,495
6/30/2026,TA0039,1201500049,COMPOUND CV-4160GC6(13X5.0G),KG,FPSB,A,0,13.16
7/1/2026,TA0039,1201500049,COMPOUND CV-4160GC6(13X5.0G),KG,FPSB,A,0,13.16
7/2/2026,TA0039,1201500049,COMPOUND CV-4160GC6(13X5.0G),KG,FPSB,A,0,13.16
7/3/2026,TA0039,1201500049,COMPOUND CV-4160GC6(13X5.0G),KG,FPSB,C,0,13.16
7/4/2026,TA0039,1201500049,COMPOUND CV-4160GC6(13X5.0G),KG,FPSB,C,0,13.16
7/5/2026,TA0039,1201500049,COMPOUND CV-4160GC6(13X5.0G),KG,FPSB,C,0,13.16
7/6/2026,TA0039,1201500049,COMPOUND CV-4160GC6(13X5.0G),KG,FPSB,C,0,13.16
7/7/2026,TA0039,1201500049,COMPOUND CV-4160GC6(13X5.0G),KG,FPSB,B,0,13.16
7/8/2026,TA0039,1201500049,COMPOUND CV-4160GC6(13X5.0G),KG,FPSB,B,0,13.16
7/9/2026,TA0039,1201500049,COMPOUND CV-4160GC6(13X5.0G),KG,FPSB,B,0,13.16
7/10/2026,TA0039,1201500049,COMPOUND CV-4160GC6(13X5.0G),KG,FPSB,B,0,13.16
7/11/2026,TA0039,1201500049,COMPOUND CV-4160GC6(13X5.0G),KG,FPSB,A,0,13.16
7/12/2026,TA0039,1201500049,COMPOUND CV-4160GC6(13X5.0G),KG,FPSB,A,0,13.16
7/13/2026,TA0039,1201500049,COMPOUND CV-4160GC6(13X5.0G),KG,FPSB,A,0,13.16
7/14/2026,TA0039,1201500049,COMPOUND CV-4160GC6(13X5.0G),KG,FPSB,A,0,13.16
7/15/2026,TA0039,1201500049,COMPOUND CV-4160GC6(13X5.0G),KG,FPSB,C,0,13.16
7/16/2026,TA0039,1201500049,COMPOUND CV-4160GC6(13X5.0G),KG,FPSB,C,0,13.16
7/17/2026,TA0039,1201500049,COMPOUND CV-4160GC6(13X5.0G),KG,FPSB,C,0,13.16
7/18/2026,TA0039,1201500049,COMPOUND CV-4160GC6(13X5.0G),KG,FPSB,C,0,13.16
7/19/2026,TA0039,1201500049,COMPOUND CV-4160GC6(13X5.0G),KG,FPSB,B,0,13.16
7/20/2026,TA0039,1201500049,COMPOUND CV-4160GC6(13X5.0G),KG,FPSB,B,0,13.16
7/21/2026,TA0039,1201500049,COMPOUND CV-4160GC6(13X5.0G),KG,FPSB,B,0,13.16
6/30/2026,TA0040,1201500046,COMPOUND CV-4160TN(13X3.5G),KG,FPSA,A,30,102.5
7/1/2026,TA0040,1201500046,COMPOUND CV-4160TN(13X3.5G),KG,FPSA,A,30,108.7
7/2/2026,TA0040,1201500046,COMPOUND CV-4160TN(13X3.5G),KG,FPSA,A,45,121
7/3/2026,TA0040,1201500046,COMPOUND CV-4160TN(13X3.5G),KG,FPSA,C,0,99.6
7/4/2026,TA0040,1201500046,COMPOUND CV-4160TN(13X3.5G),KG,FPSA,C,0,72
7/5/2026,TA0040,1201500046,COMPOUND CV-4160TN(13X3.5G),KG,FPSA,C,0,43.2
7/6/2026,TA0040,1201500046,COMPOUND CV-4160TN(13X3.5G),KG,FPSA,C,30,36.52
7/7/2026,TA0040,1201500046,COMPOUND CV-4160TN(13X3.5G),KG,FPSA,B,30,30.16
7/8/2026,TA0040,1201500046,COMPOUND CV-4160TN(13X3.5G),KG,FPSA,B,0,22.12
7/9/2026,TA0040,1201500046,COMPOUND CV-4160TN(13X3.5G),KG,FPSA,B,105,90
7/10/2026,TA0040,1201500046,COMPOUND CV-4160TN(13X3.5G),KG,FPSA,B,45,97.8
7/11/2026,TA0040,1201500046,COMPOUND CV-4160TN(13X3.5G),KG,FPSA,A,0,59
7/12/2026,TA0040,1201500046,COMPOUND CV-4160TN(13X3.5G),KG,FPSA,A,0,19.6
7/13/2026,TA0040,1201500046,COMPOUND CV-4160TN(13X3.5G),KG,FPSA,A,45,38.28
7/14/2026,TA0040,1201500046,COMPOUND CV-4160TN(13X3.5G),KG,FPSA,A,45,48.27
7/15/2026,TA0040,1201500046,COMPOUND CV-4160TN(13X3.5G),KG,FPSA,C,45,63.7
7/16/2026,TA0040,1201500046,COMPOUND CV-4160TN(13X3.5G),KG,FPSA,C,45,74.4
7/17/2026,TA0040,1201500046,COMPOUND CV-4160TN(13X3.5G),KG,FPSA,C,60,105
7/18/2026,TA0040,1201500046,COMPOUND CV-4160TN(13X3.5G),KG,FPSA,C,0,68.62
7/19/2026,TA0040,1201500046,COMPOUND CV-4160TN(13X3.5G),KG,FPSA,B,0,30.05
7/20/2026,TA0040,1201500046,COMPOUND CV-4160TN(13X3.5G),KG,FPSA,B,45,42.1
7/21/2026,TA0040,1201500046,COMPOUND CV-4160TN(13X3.5G),KG,FPSA,B,30,45.5
6/30/2026,TA0041,1201500046,COMPOUND CV-4160TN(13X3.5G),KG,PSLA,A,0,107
7/1/2026,TA0041,1201500046,COMPOUND CV-4160TN(13X3.5G),KG,PSLA,C,30,120
7/2/2026,TA0041,1201500046,COMPOUND CV-4160TN(13X3.5G),KG,PSLA,A,0,113
7/3/2026,TA0041,1201500046,COMPOUND CV-4160TN(13X3.5G),KG,PSLA,C,30,126
7/4/2026,TA0041,1201500046,COMPOUND CV-4160TN(13X3.5G),KG,PSLA,C,0,109
7/5/2026,TA0041,1201500046,COMPOUND CV-4160TN(13X3.5G),KG,PSLA,C,0,94
7/6/2026,TA0041,1201500046,COMPOUND CV-4160TN(13X3.5G),KG,PSLA,C,30,107
7/7/2026,TA0041,1201500046,COMPOUND CV-4160TN(13X3.5G),KG,PSLA,B,0,95
7/8/2026,TA0041,1201500046,COMPOUND CV-4160TN(13X3.5G),KG,PSLA,B,30,109
7/9/2026,TA0041,1201500046,COMPOUND CV-4160TN(13X3.5G),KG,PSLA,B,0,95
7/10/2026,TA0041,1201500046,COMPOUND CV-4160TN(13X3.5G),KG,PSLA,B,45,130
7/11/2026,TA0041,1201500046,COMPOUND CV-4160TN(13X3.5G),KG,PSLA,A,0,115
7/12/2026,TA0041,1201500046,COMPOUND CV-4160TN(13X3.5G),KG,PSLA,A,0,100
7/13/2026,TA0041,1201500046,COMPOUND CV-4160TN(13X3.5G),KG,PSLA,A,30,115
7/14/2026,TA0041,1201500046,COMPOUND CV-4160TN(13X3.5G),KG,PSLA,A,0,102
7/15/2026,TA0041,1201500046,COMPOUND CV-4160TN(13X3.5G),KG,PSLA,C,30,119
7/16/2026,TA0041,1201500046,COMPOUND CV-4160TN(13X3.5G),KG,PSLA,C,0,102
7/17/2026,TA0041,1201500046,COMPOUND CV-4160TN(13X3.5G),KG,PSLA,C,45,131
7/18/2026,TA0041,1201500046,COMPOUND CV-4160TN(13X3.5G),KG,PSLA,C,0,117
7/19/2026,TA0041,1201500046,COMPOUND CV-4160TN(13X3.5G),KG,PSLA,B,0,105
7/20/2026,TA0041,1201500046,COMPOUND CV-4160TN(13X3.5G),KG,PSLA,B,30,120
7/21/2026,TA0041,1201500046,COMPOUND CV-4160TN(13X3.5G),KG,PSLA,B,0,106
6/30/2026,TA0042,1201500022,COMPOUND CV-9700 AH(13X4.0G),KG,FPSA,A,0,9.64
7/1/2026,TA0042,1201500022,COMPOUND CV-9700 AH(13X4.0G),KG,FPSA,A,0,9.41
7/2/2026,TA0042,1201500022,COMPOUND CV-9700 AH(13X4.0G),KG,FPSA,A,0,9.31
7/3/2026,TA0042,1201500022,COMPOUND CV-9700 AH(13X4.0G),KG,FPSA,C,0,9.12
7/4/2026,TA0042,1201500022,COMPOUND CV-9700 AH(13X4.0G),KG,FPSA,C,0,9.048
7/5/2026,TA0042,1201500022,COMPOUND CV-9700 AH(13X4.0G),KG,FPSA,C,0,8.898
7/6/2026,TA0042,1201500022,COMPOUND CV-9700 AH(13X4.0G),KG,FPSA,C,0,8.696
7/7/2026,TA0042,1201500022,COMPOUND CV-9700 AH(13X4.0G),KG,FPSA,B,0,8.5
7/8/2026,TA0042,1201500022,COMPOUND CV-9700 AH(13X4.0G),KG,FPSA,B,0,8.3
7/9/2026,TA0042,1201500022,COMPOUND CV-9700 AH(13X4.0G),KG,FPSA,B,0,8.14
7/10/2026,TA0042,1201500022,COMPOUND CV-9700 AH(13X4.0G),KG,FPSA,B,0,7.87
7/11/2026,TA0042,1201500022,COMPOUND CV-9700 AH(13X4.0G),KG,FPSA,A,0,7.63
7/12/2026,TA0042,1201500022,COMPOUND CV-9700 AH(13X4.0G),KG,FPSA,A,0,7.49
7/13/2026,TA0042,1201500022,COMPOUND CV-9700 AH(13X4.0G),KG,FPSA,A,0,7.29
7/14/2026,TA0042,1201500022,COMPOUND CV-9700 AH(13X4.0G),KG,FPSA,A,0,6.74
7/15/2026,TA0042,1201500022,COMPOUND CV-9700 AH(13X4.0G),KG,FPSA,C,0,6.67
7/16/2026,TA0042,1201500022,COMPOUND CV-9700 AH(13X4.0G),KG,FPSA,C,0,6.54
7/17/2026,TA0042,1201500022,COMPOUND CV-9700 AH(13X4.0G),KG,FPSA,C,0,6.54
7/18/2026,TA0042,1201500022,COMPOUND CV-9700 AH(13X4.0G),KG,FPSA,C,0,6.292
7/19/2026,TA0042,1201500022,COMPOUND CV-9700 AH(13X4.0G),KG,FPSA,B,0,5.97
7/20/2026,TA0042,1201500022,COMPOUND CV-9700 AH(13X4.0G),KG,FPSA,B,0,5.74
7/21/2026,TA0042,1201500022,COMPOUND CV-9700 AH(13X4.0G),KG,FPSA,B,0,5.612
6/30/2026,TA0043,1201500036,COMPOUND CV9800,KG,PSLA,A,0,8.2
7/1/2026,TA0043,1201500036,COMPOUND CV9800,KG,PSLA,C,0,8.12
7/2/2026,TA0043,1201500036,COMPOUND CV9800,KG,PSLA,A,0,8.12
7/3/2026,TA0043,1201500036,COMPOUND CV9800,KG,PSLA,C,0,8.09
7/4/2026,TA0043,1201500036,COMPOUND CV9800,KG,PSLA,C,0,8.09
7/5/2026,TA0043,1201500036,COMPOUND CV9800,KG,PSLA,C,0,7.89
7/6/2026,TA0043,1201500036,COMPOUND CV9800,KG,PSLA,C,0,7.89
7/7/2026,TA0043,1201500036,COMPOUND CV9800,KG,PSLA,B,0,7.89
7/8/2026,TA0043,1201500036,COMPOUND CV9800,KG,PSLA,B,0,7.85
7/9/2026,TA0043,1201500036,COMPOUND CV9800,KG,PSLA,B,0,7.8
7/10/2026,TA0043,1201500036,COMPOUND CV9800,KG,PSLA,B,0,7.8
7/11/2026,TA0043,1201500036,COMPOUND CV9800,KG,PSLA,A,0,7.77
7/12/2026,TA0043,1201500036,COMPOUND CV9800,KG,PSLA,A,0,7.73
7/13/2026,TA0043,1201500036,COMPOUND CV9800,KG,PSLA,A,0,7.65
7/14/2026,TA0043,1201500036,COMPOUND CV9800,KG,PSLA,A,0,7.61
7/15/2026,TA0043,1201500036,COMPOUND CV9800,KG,PSLA,C,0,7.58
7/16/2026,TA0043,1201500036,COMPOUND CV9800,KG,PSLA,C,0,7.54
7/17/2026,TA0043,1201500036,COMPOUND CV9800,KG,PSLA,C,0,7.54
7/18/2026,TA0043,1201500036,COMPOUND CV9800,KG,PSLA,C,0,7.46
7/19/2026,TA0043,1201500036,COMPOUND CV9800,KG,PSLA,B,0,7.43
7/20/2026,TA0043,1201500036,COMPOUND CV9800,KG,PSLA,B,0,7.43
7/21/2026,TA0043,1201500036,COMPOUND CV9800,KG,PSLA,B,0,7.34
6/30/2026,TA0044,1201500036,COMPOUND CV9800,KG,PSLB,A,0,24.3
7/1/2026,TA0044,1201500036,COMPOUND CV9800,KG,PSLB,A,0,23
7/2/2026,TA0044,1201500036,COMPOUND CV9800,KG,PSLB,A,0,22.7
7/3/2026,TA0044,1201500036,COMPOUND CV9800,KG,PSLB,C,0,21.9
7/4/2026,TA0044,1201500036,COMPOUND CV9800,KG,PSLB,C,0,21
7/5/2026,TA0044,1201500036,COMPOUND CV9800,KG,PSLB,C,0,20.3
7/6/2026,TA0044,1201500036,COMPOUND CV9800,KG,PSLB,C,0,19.7
7/7/2026,TA0044,1201500036,COMPOUND CV9800,KG,PSLB,B,10,28.9
7/8/2026,TA0044,1201500036,COMPOUND CV9800,KG,PSLB,B,0,28
7/9/2026,TA0044,1201500036,COMPOUND CV9800,KG,PSLB,B,0,27
7/10/2026,TA0044,1201500036,COMPOUND CV9800,KG,PSLB,B,0,26.3
7/11/2026,TA0044,1201500036,COMPOUND CV9800,KG,PSLB,A,0,25.4
7/12/2026,TA0044,1201500036,COMPOUND CV9800,KG,PSLB,A,0,24.6
7/13/2026,TA0044,1201500036,COMPOUND CV9800,KG,PSLB,A,0,24
7/14/2026,TA0044,1201500036,COMPOUND CV9800,KG,PSLB,A,0,22.8
7/15/2026,TA0044,1201500036,COMPOUND CV9800,KG,PSLB,C,0,22
7/16/2026,TA0044,1201500036,COMPOUND CV9800,KG,PSLB,C,0,21.2
7/17/2026,TA0044,1201500036,COMPOUND CV9800,KG,PSLB,C,0,20.5
7/18/2026,TA0044,1201500036,COMPOUND CV9800,KG,PSLB,C,0,19.8
7/21/2026,TA0044,1201500036,COMPOUND CV9800,KG,PSLB,B,10,27
6/30/2026,TA0045,1201500002,COMPOUND EMEC-6,KG,PSLA,A,0,1.33
7/1/2026,TA0045,1201500002,COMPOUND EMEC-6,KG,PSLA,C,15,16.2
7/2/2026,TA0045,1201500002,COMPOUND EMEC-6,KG,PSLA,A,0,16.2
7/3/2026,TA0045,1201500002,COMPOUND EMEC-6,KG,PSLA,C,0,16.06
7/4/2026,TA0045,1201500002,COMPOUND EMEC-6,KG,PSLA,C,0,16.06
7/5/2026,TA0045,1201500002,COMPOUND EMEC-6,KG,PSLA,C,0,15.32
7/6/2026,TA0045,1201500002,COMPOUND EMEC-6,KG,PSLA,C,0,15.32
7/7/2026,TA0045,1201500002,COMPOUND EMEC-6,KG,PSLA,B,0,15.27
7/8/2026,TA0045,1201500002,COMPOUND EMEC-6,KG,PSLA,B,0,14.97
7/9/2026,TA0045,1201500002,COMPOUND EMEC-6,KG,PSLA,B,0,14.73
7/10/2026,TA0045,1201500002,COMPOUND EMEC-6,KG,PSLA,B,0,14.73
7/11/2026,TA0045,1201500002,COMPOUND EMEC-6,KG,PSLA,A,0,14.59
7/12/2026,TA0045,1201500002,COMPOUND EMEC-6,KG,PSLA,A,0,14.52
7/13/2026,TA0045,1201500002,COMPOUND EMEC-6,KG,PSLA,A,0,14.25
7/14/2026,TA0045,1201500002,COMPOUND EMEC-6,KG,PSLA,A,0,14.12
7/15/2026,TA0045,1201500002,COMPOUND EMEC-6,KG,PSLA,C,0,13.67
7/16/2026,TA0045,1201500002,COMPOUND EMEC-6,KG,PSLA,C,0,13.57
7/17/2026,TA0045,1201500002,COMPOUND EMEC-6,KG,PSLA,C,0,13.57
7/18/2026,TA0045,1201500002,COMPOUND EMEC-6,KG,PSLA,C,0,13.18
7/19/2026,TA0045,1201500002,COMPOUND EMEC-6,KG,PSLA,B,0,13.07
7/20/2026,TA0045,1201500002,COMPOUND EMEC-6,KG,PSLA,B,0,13.07
7/21/2026,TA0045,1201500002,COMPOUND EMEC-6,KG,PSLA,B,0,12.7
6/30/2026,TA0046,1201500002,COMPOUND EMEC-6,KG,PSLB,A,0,3.6
7/1/2026,TA0046,1201500002,COMPOUND EMEC-6,KG,PSLB,A,15,15
7/2/2026,TA0046,1201500002,COMPOUND EMEC-6,KG,PSLB,A,0,14
7/3/2026,TA0046,1201500002,COMPOUND EMEC-6,KG,PSLB,C,0,11.5
7/4/2026,TA0046,1201500002,COMPOUND EMEC-6,KG,PSLB,C,0,8.6
7/5/2026,TA0046,1201500002,COMPOUND EMEC-6,KG,PSLB,C,0,6
7/6/2026,TA0046,1201500002,COMPOUND EMEC-6,KG,PSLB,C,15,19.5
7/7/2026,TA0046,1201500002,COMPOUND EMEC-6,KG,PSLB,B,0,17
7/8/2026,TA0046,1201500002,COMPOUND EMEC-6,KG,PSLB,B,0,14.5
7/9/2026,TA0046,1201500002,COMPOUND EMEC-6,KG,PSLB,B,15,26.2
7/10/2026,TA0046,1201500002,COMPOUND EMEC-6,KG,PSLB,B,0,24.8
7/11/2026,TA0046,1201500002,COMPOUND EMEC-6,KG,PSLB,A,0,22.2
7/12/2026,TA0046,1201500002,COMPOUND EMEC-6,KG,PSLB,A,0,20
7/13/2026,TA0046,1201500002,COMPOUND EMEC-6,KG,PSLB,A,0,18
7/14/2026,TA0046,1201500002,COMPOUND EMEC-6,KG,PSLB,A,0,15
7/15/2026,TA0046,1201500002,COMPOUND EMEC-6,KG,PSLB,C,15,27.5
7/16/2026,TA0046,1201500002,COMPOUND EMEC-6,KG,PSLB,C,0,25
7/17/2026,TA0046,1201500002,COMPOUND EMEC-6,KG,PSLB,C,0,23
7/18/2026,TA0046,1201500002,COMPOUND EMEC-6,KG,PSLB,C,0,20
7/21/2026,TA0046,1201500002,COMPOUND EMEC-6,KG,PSLB,B,15,27.1
6/30/2026,TA0047,1201500033,COMPOUND NIKALET ECR,KG,FPSA,A,0,9.64
7/1/2026,TA0047,1201500033,COMPOUND NIKALET ECR,KG,FPSA,A,0,9.29
7/2/2026,TA0047,1201500033,COMPOUND NIKALET ECR,KG,FPSA,A,0,9.05
7/3/2026,TA0047,1201500033,COMPOUND NIKALET ECR,KG,FPSA,C,0,8.56
7/4/2026,TA0047,1201500033,COMPOUND NIKALET ECR,KG,FPSA,C,0,7.76
7/5/2026,TA0047,1201500033,COMPOUND NIKALET ECR,KG,FPSA,C,0,7.689
7/6/2026,TA0047,1201500033,COMPOUND NIKALET ECR,KG,FPSA,C,0,7.539
7/7/2026,TA0047,1201500033,COMPOUND NIKALET ECR,KG,FPSA,B,0,7.02
7/8/2026,TA0047,1201500033,COMPOUND NIKALET ECR,KG,FPSA,B,0,6.42
7/9/2026,TA0047,1201500033,COMPOUND NIKALET ECR,KG,FPSA,B,0,6.04
7/10/2026,TA0047,1201500033,COMPOUND NIKALET ECR,KG,FPSA,B,0,5.44
7/11/2026,TA0047,1201500033,COMPOUND NIKALET ECR,KG,FPSA,A,0,4.89
7/12/2026,TA0047,1201500033,COMPOUND NIKALET ECR,KG,FPSA,A,0,4.47
7/13/2026,TA0047,1201500033,COMPOUND NIKALET ECR,KG,FPSA,A,0,4.04
7/14/2026,TA0047,1201500033,COMPOUND NIKALET ECR,KG,FPSA,A,0,3.09
7/15/2026,TA0047,1201500033,COMPOUND NIKALET ECR,KG,FPSA,C,0,2.45
7/16/2026,TA0047,1201500033,COMPOUND NIKALET ECR,KG,FPSA,C,0,1.96
7/17/2026,TA0047,1201500033,COMPOUND NIKALET ECR,KG,FPSA,C,0,1.53
7/18/2026,TA0047,1201500033,COMPOUND NIKALET ECR,KG,FPSA,C,0,1.25
7/19/2026,TA0047,1201500033,COMPOUND NIKALET ECR,KG,FPSA,B,0,0.85
7/20/2026,TA0047,1201500033,COMPOUND NIKALET ECR,KG,FPSA,B,10,10.37
7/21/2026,TA0047,1201500033,COMPOUND NIKALET ECR,KG,FPSA,B,0,10.06
6/30/2026,TA0048,1401990006,COTTON  CLOTHES (35CM.X45CM.),PC,POLYMER,A,0,3000
7/1/2026,TA0048,1401990006,COTTON  CLOTHES (35CM.X45CM.),PC,POLYMER,A,2000,3000
7/2/2026,TA0048,1401990006,COTTON  CLOTHES (35CM.X45CM.),PC,POLYMER,A,3000,4000
7/3/2026,TA0048,1401990006,COTTON  CLOTHES (35CM.X45CM.),PC,POLYMER,C,3000,5000
7/4/2026,TA0048,1401990006,COTTON  CLOTHES (35CM.X45CM.),PC,POLYMER,C,0,3500
7/5/2026,TA0048,1401990006,COTTON  CLOTHES (35CM.X45CM.),PC,POLYMER,C,0,2500
7/6/2026,TA0048,1401990006,COTTON  CLOTHES (35CM.X45CM.),PC,POLYMER,C,2500,3000
7/7/2026,TA0048,1401990006,COTTON  CLOTHES (35CM.X45CM.),PC,POLYMER,B,2500,3500
7/8/2026,TA0048,1401990006,COTTON  CLOTHES (35CM.X45CM.),PC,POLYMER,B,2500,3500
7/9/2026,TA0048,1401990006,COTTON  CLOTHES (35CM.X45CM.),PC,POLYMER,B,2500,5000
7/10/2026,TA0048,1401990006,COTTON  CLOTHES (35CM.X45CM.),PC,POLYMER,B,2500,5000
7/11/2026,TA0048,1401990006,COTTON  CLOTHES (35CM.X45CM.),PC,POLYMER,A,0,4000
7/12/2026,TA0048,1401990006,COTTON  CLOTHES (35CM.X45CM.),PC,POLYMER,A,0,2500
7/13/2026,TA0048,1401990006,COTTON  CLOTHES (35CM.X45CM.),PC,POLYMER,A,2000,3000
7/14/2026,TA0048,1401990006,COTTON  CLOTHES (35CM.X45CM.),PC,POLYMER,A,2000,3000
7/15/2026,TA0048,1401990006,COTTON  CLOTHES (35CM.X45CM.),PC,POLYMER,C,2000,4000
7/16/2026,TA0048,1401990006,COTTON  CLOTHES (35CM.X45CM.),PC,POLYMER,C,2500,4500
7/17/2026,TA0048,1401990006,COTTON  CLOTHES (35CM.X45CM.),PC,POLYMER,C,2500,5000
7/18/2026,TA0048,1401990006,COTTON  CLOTHES (35CM.X45CM.),PC,POLYMER,C,0,3500
7/19/2026,TA0048,1401990006,COTTON  CLOTHES (35CM.X45CM.),PC,POLYMER,C,0,2000
7/20/2026,TA0048,1401990006,COTTON  CLOTHES (35CM.X45CM.),PC,POLYMER,B,2000,3000
7/21/2026,TA0048,1401990006,COTTON  CLOTHES (35CM.X45CM.),PC,POLYMER,B,2000,2500
6/30/2026,TA0049,1401990011,COTTON  CLOTHES(13CM.X22CM.),PC,PSLA,A,0,90
7/1/2026,TA0049,1401990011,COTTON  CLOTHES(13CM.X22CM.),PC,PSLA,C,0,70
7/2/2026,TA0049,1401990011,COTTON  CLOTHES(13CM.X22CM.),PC,PSLA,A,0,60
7/3/2026,TA0049,1401990011,COTTON  CLOTHES(13CM.X22CM.),PC,PSLA,C,0,40
7/4/2026,TA0049,1401990011,COTTON  CLOTHES(13CM.X22CM.),PC,PSLA,C,0,30
7/5/2026,TA0049,1401990011,COTTON  CLOTHES(13CM.X22CM.),PC,PSLA,C,0,10
7/6/2026,TA0049,1401990011,COTTON  CLOTHES(13CM.X22CM.),PC,PSLA,C,500,500
7/7/2026,TA0049,1401990011,COTTON  CLOTHES(13CM.X22CM.),PC,PSLA,B,0,490
7/8/2026,TA0049,1401990011,COTTON  CLOTHES(13CM.X22CM.),PC,PSLA,B,0,480
7/9/2026,TA0049,1401990011,COTTON  CLOTHES(13CM.X22CM.),PC,PSLA,B,0,460
7/10/2026,TA0049,1401990011,COTTON  CLOTHES(13CM.X22CM.),PC,PSLA,B,0,450
7/11/2026,TA0049,1401990011,COTTON  CLOTHES(13CM.X22CM.),PC,PSLA,A,0,430
7/12/2026,TA0049,1401990011,COTTON  CLOTHES(13CM.X22CM.),PC,PSLA,A,0,410
7/13/2026,TA0049,1401990011,COTTON  CLOTHES(13CM.X22CM.),PC,PSLA,A,0,400
7/14/2026,TA0049,1401990011,COTTON  CLOTHES(13CM.X22CM.),PC,PSLA,A,0,390
7/15/2026,TA0049,1401990011,COTTON  CLOTHES(13CM.X22CM.),PC,PSLA,C,0,370
7/16/2026,TA0049,1401990011,COTTON  CLOTHES(13CM.X22CM.),PC,PSLA,C,0,350
7/17/2026,TA0049,1401990011,COTTON  CLOTHES(13CM.X22CM.),PC,PSLA,C,0,340
7/18/2026,TA0049,1401990011,COTTON  CLOTHES(13CM.X22CM.),PC,PSLA,C,0,320
7/19/2026,TA0049,1401990011,COTTON  CLOTHES(13CM.X22CM.),PC,PSLA,B,0,310
7/20/2026,TA0049,1401990011,COTTON  CLOTHES(13CM.X22CM.),PC,PSLA,B,0,290
7/21/2026,TA0049,1401990011,COTTON  CLOTHES(13CM.X22CM.),PC,PSLA,B,0,270
6/30/2026,TA0050,1401990011,COTTON  CLOTHES(13CM.X22CM.),PC,PSLB,A,0,1000
7/1/2026,TA0050,1401990011,COTTON  CLOTHES(13CM.X22CM.),PC,PSLB,A,0,800
7/2/2026,TA0050,1401990011,COTTON  CLOTHES(13CM.X22CM.),PC,PSLB,A,1000,1600
7/3/2026,TA0050,1401990011,COTTON  CLOTHES(13CM.X22CM.),PC,PSLB,C,0,1440
7/4/2026,TA0050,1401990011,COTTON  CLOTHES(13CM.X22CM.),PC,PSLB,C,0,1240
7/5/2026,TA0050,1401990011,COTTON  CLOTHES(13CM.X22CM.),PC,PSLB,C,0,1020
7/6/2026,TA0050,1401990011,COTTON  CLOTHES(13CM.X22CM.),PC,PSLB,C,500,1300
7/7/2026,TA0050,1401990011,COTTON  CLOTHES(13CM.X22CM.),PC,PSLB,B,0,1100
7/8/2026,TA0050,1401990011,COTTON  CLOTHES(13CM.X22CM.),PC,PSLB,B,0,800
7/9/2026,TA0050,1401990011,COTTON  CLOTHES(13CM.X22CM.),PC,PSLB,B,1000,1600
7/10/2026,TA0050,1401990011,COTTON  CLOTHES(13CM.X22CM.),PC,PSLB,B,0,1420
7/11/2026,TA0050,1401990011,COTTON  CLOTHES(13CM.X22CM.),PC,PSLB,A,0,1200
7/12/2026,TA0050,1401990011,COTTON  CLOTHES(13CM.X22CM.),PC,PSLB,A,0,1000
7/13/2026,TA0050,1401990011,COTTON  CLOTHES(13CM.X22CM.),PC,PSLB,A,0,800
7/14/2026,TA0050,1401990011,COTTON  CLOTHES(13CM.X22CM.),PC,PSLB,A,0,600
7/15/2026,TA0050,1401990011,COTTON  CLOTHES(13CM.X22CM.),PC,PSLB,C,500,900
7/16/2026,TA0050,1401990011,COTTON  CLOTHES(13CM.X22CM.),PC,PSLB,C,0,720
7/17/2026,TA0050,1401990011,COTTON  CLOTHES(13CM.X22CM.),PC,PSLB,C,0,540
7/18/2026,TA0050,1401990011,COTTON  CLOTHES(13CM.X22CM.),PC,PSLB,C,0,360
7/21/2026,TA0050,1401990011,COTTON  CLOTHES(13CM.X22CM.),PC,PSLB,B,0,300
6/30/2026,TA0051,1201703006,COVER TAPE  SPTA-55-480,METER,FPSA,A,0,17685
7/1/2026,TA0051,1201703006,COVER TAPE  SPTA-55-480,METER,FPSA,A,9600,25167
7/2/2026,TA0051,1201703006,COVER TAPE  SPTA-55-480,METER,FPSA,A,0,23147
7/3/2026,TA0051,1201703006,COVER TAPE  SPTA-55-480,METER,FPSA,C,0,21149
7/4/2026,TA0051,1201703006,COVER TAPE  SPTA-55-480,METER,FPSA,C,0,19415
7/5/2026,TA0051,1201703006,COVER TAPE  SPTA-55-480,METER,FPSA,C,0,17206
7/6/2026,TA0051,1201703006,COVER TAPE  SPTA-55-480,METER,FPSA,C,0,14953
7/7/2026,TA0051,1201703006,COVER TAPE  SPTA-55-480,METER,FPSA,B,9600,22428
7/8/2026,TA0051,1201703006,COVER TAPE  SPTA-55-480,METER,FPSA,B,0,20640
7/9/2026,TA0051,1201703006,COVER TAPE  SPTA-55-480,METER,FPSA,B,9600,28404
7/10/2026,TA0051,1201703006,COVER TAPE  SPTA-55-480,METER,FPSA,B,0,26119
7/11/2026,TA0051,1201703006,COVER TAPE  SPTA-55-480,METER,FPSA,A,0,13386
7/12/2026,TA0051,1201703006,COVER TAPE  SPTA-55-480,METER,FPSA,A,0,10898
7/13/2026,TA0051,1201703006,COVER TAPE  SPTA-55-480,METER,FPSA,A,9600,17444
7/14/2026,TA0051,1201703006,COVER TAPE  SPTA-55-480,METER,FPSA,A,0,14391
7/15/2026,TA0051,1201703006,COVER TAPE  SPTA-55-480,METER,FPSA,C,9600,21157
7/16/2026,TA0051,1201703006,COVER TAPE  SPTA-55-480,METER,FPSA,C,0,18341
7/17/2026,TA0051,1201703006,COVER TAPE  SPTA-55-480,METER,FPSA,C,0,15446
7/18/2026,TA0051,1201703006,COVER TAPE  SPTA-55-480,METER,FPSA,C,0,12405
7/19/2026,TA0051,1201703006,COVER TAPE  SPTA-55-480,METER,FPSA,B,0,8892
7/20/2026,TA0051,1201703006,COVER TAPE  SPTA-55-480,METER,FPSA,B,9600,15138
7/21/2026,TA0051,1201703006,COVER TAPE  SPTA-55-480,METER,FPSA,B,0,11966
6/30/2026,TA0052,1201703006,COVER TAPE  SPTA-55-480,METER,PSLA,A,0,20805
7/1/2026,TA0052,1201703006,COVER TAPE  SPTA-55-480,METER,PSLA,C,0,19143
7/2/2026,TA0052,1201703006,COVER TAPE  SPTA-55-480,METER,PSLA,A,0,17423
7/3/2026,TA0052,1201703006,COVER TAPE  SPTA-55-480,METER,PSLA,C,0,16320
7/4/2026,TA0052,1201703006,COVER TAPE  SPTA-55-480,METER,PSLA,C,0,14400
7/5/2026,TA0052,1201703006,COVER TAPE  SPTA-55-480,METER,PSLA,C,0,12960
7/6/2026,TA0052,1201703006,COVER TAPE  SPTA-55-480,METER,PSLA,C,0,11520
7/7/2026,TA0052,1201703006,COVER TAPE  SPTA-55-480,METER,PSLA,B,0,9878
7/8/2026,TA0052,1201703006,COVER TAPE  SPTA-55-480,METER,PSLA,B,0,8414
7/9/2026,TA0052,1201703006,COVER TAPE  SPTA-55-480,METER,PSLA,B,0,6750
7/10/2026,TA0052,1201703006,COVER TAPE  SPTA-55-480,METER,PSLA,B,9600,14820
7/11/2026,TA0052,1201703006,COVER TAPE  SPTA-55-480,METER,PSLA,A,0,13716
7/12/2026,TA0052,1201703006,COVER TAPE  SPTA-55-480,METER,PSLA,A,0,12196
7/13/2026,TA0052,1201703006,COVER TAPE  SPTA-55-480,METER,PSLA,A,0,10420
7/14/2026,TA0052,1201703006,COVER TAPE  SPTA-55-480,METER,PSLA,A,0,9148
7/15/2026,TA0052,1201703006,COVER TAPE  SPTA-55-480,METER,PSLA,C,9600,17760
7/16/2026,TA0052,1201703006,COVER TAPE  SPTA-55-480,METER,PSLA,C,0,16320
7/17/2026,TA0052,1201703006,COVER TAPE  SPTA-55-480,METER,PSLA,C,0,14880
7/18/2026,TA0052,1201703006,COVER TAPE  SPTA-55-480,METER,PSLA,C,0,13440
7/19/2026,TA0052,1201703006,COVER TAPE  SPTA-55-480,METER,PSLA,B,0,11886
7/20/2026,TA0052,1201703006,COVER TAPE  SPTA-55-480,METER,PSLA,B,9600,20368
7/21/2026,TA0052,1201703006,COVER TAPE  SPTA-55-480,METER,PSLA,B,0,18846
6/30/2026,TA0053,1201703006,COVER TAPE  SPTA-55-480,METER,PSLB,A,28800,52800
7/1/2026,TA0053,1201703006,COVER TAPE  SPTA-55-480,METER,PSLB,A,28800,57600
7/2/2026,TA0053,1201703006,COVER TAPE  SPTA-55-480,METER,PSLB,A,28800,67200
7/3/2026,TA0053,1201703006,COVER TAPE  SPTA-55-480,METER,PSLB,C,28800,76800
7/4/2026,TA0053,1201703006,COVER TAPE  SPTA-55-480,METER,PSLB,C,0,57600
7/5/2026,TA0053,1201703006,COVER TAPE  SPTA-55-480,METER,PSLB,C,0,43200
7/6/2026,TA0053,1201703006,COVER TAPE  SPTA-55-480,METER,PSLB,C,19200,44640
7/7/2026,TA0053,1201703006,COVER TAPE  SPTA-55-480,METER,PSLB,B,28800,57600
7/8/2026,TA0053,1201703006,COVER TAPE  SPTA-55-480,METER,PSLB,B,28800,57600
7/9/2026,TA0053,1201703006,COVER TAPE  SPTA-55-480,METER,PSLB,B,28800,67200
7/10/2026,TA0053,1201703006,COVER TAPE  SPTA-55-480,METER,PSLB,B,28800,76800
7/11/2026,TA0053,1201703006,COVER TAPE  SPTA-55-480,METER,PSLB,A,0,67200
7/12/2026,TA0053,1201703006,COVER TAPE  SPTA-55-480,METER,PSLB,A,0,43200
7/13/2026,TA0053,1201703006,COVER TAPE  SPTA-55-480,METER,PSLB,A,28800,52800
7/14/2026,TA0053,1201703006,COVER TAPE  SPTA-55-480,METER,PSLB,A,28800,62400
7/15/2026,TA0053,1201703006,COVER TAPE  SPTA-55-480,METER,PSLB,C,28800,73920
7/16/2026,TA0053,1201703006,COVER TAPE  SPTA-55-480,METER,PSLB,C,28800,82080
7/17/2026,TA0053,1201703006,COVER TAPE  SPTA-55-480,METER,PSLB,C,28800,91200
7/18/2026,TA0053,1201703006,COVER TAPE  SPTA-55-480,METER,PSLB,C,0,72000
7/19/2026,TA0053,1201703006,COVER TAPE  SPTA-55-480,METER,PSLB,B,0,57600
7/20/2026,TA0053,1201703006,COVER TAPE  SPTA-55-480,METER,PSLB,B,19200,57600
7/21/2026,TA0053,1201703006,COVER TAPE  SPTA-55-480,METER,PSLB,B,19200,57600
6/30/2026,TA0054,1201703004,COVER TAPE A-5.3,METER,GPS,A,0,1800
7/1/2026,TA0054,1201703004,COVER TAPE A-5.3,METER,GPS,A,0,1400
7/2/2026,TA0054,1201703004,COVER TAPE A-5.3,METER,GPS,A,5000,5800
7/3/2026,TA0054,1201703004,COVER TAPE A-5.3,METER,GPS,C,0,5200
7/4/2026,TA0054,1201703004,COVER TAPE A-5.3,METER,GPS,C,0,4600
7/5/2026,TA0054,1201703004,COVER TAPE A-5.3,METER,GPS,C,0,3800
7/6/2026,TA0054,1201703004,COVER TAPE A-5.3,METER,GPS,C,5000,8200
7/7/2026,TA0054,1201703004,COVER TAPE A-5.3,METER,GPS,B,0,7600
7/8/2026,TA0054,1201703004,COVER TAPE A-5.3,METER,GPS,B,0,6800
7/9/2026,TA0054,1201703004,COVER TAPE A-5.3,METER,GPS,B,0,6200
7/10/2026,TA0054,1201703004,COVER TAPE A-5.3,METER,GPS,B,5000,10000
7/11/2026,TA0054,1201703004,COVER TAPE A-5.3,METER,GPS,A,0,9600
7/12/2026,TA0054,1201703004,COVER TAPE A-5.3,METER,GPS,A,0,8600
7/13/2026,TA0054,1201703004,COVER TAPE A-5.3,METER,GPS,A,0,7800
7/14/2026,TA0054,1201703004,COVER TAPE A-5.3,METER,GPS,A,0,7200
7/15/2026,TA0054,1201703004,COVER TAPE A-5.3,METER,GPS,C,0,6600
7/16/2026,TA0054,1201703004,COVER TAPE A-5.3,METER,GPS,C,5000,10800
7/17/2026,TA0054,1201703004,COVER TAPE A-5.3,METER,GPS,C,0,9800
7/18/2026,TA0054,1201703004,COVER TAPE A-5.3,METER,GPS,C,0,9000
7/19/2026,TA0054,1201703004,COVER TAPE A-5.3,METER,GPS,B,0,8200
7/20/2026,TA0054,1201703004,COVER TAPE A-5.3,METER,GPS,B,0,7200
7/21/2026,TA0054,1201703004,COVER TAPE A-5.3,METER,GPS,B,0,6400
6/30/2026,TA0055,1201702034,C-TAPE TP-A08-PS(H)  (A08),METER,FPSA,A,0,9818
7/1/2026,TA0055,1201702034,C-TAPE TP-A08-PS(H)  (A08),METER,FPSA,A,3000,11122
7/2/2026,TA0055,1201702034,C-TAPE TP-A08-PS(H)  (A08),METER,FPSA,A,0,9684
7/3/2026,TA0055,1201702034,C-TAPE TP-A08-PS(H)  (A08),METER,FPSA,C,3000,11354
7/4/2026,TA0055,1201702034,C-TAPE TP-A08-PS(H)  (A08),METER,FPSA,C,0,9983
7/5/2026,TA0055,1201702034,C-TAPE TP-A08-PS(H)  (A08),METER,FPSA,C,0,8469
7/6/2026,TA0055,1201702034,C-TAPE TP-A08-PS(H)  (A08),METER,FPSA,C,3000,10104
7/7/2026,TA0055,1201702034,C-TAPE TP-A08-PS(H)  (A08),METER,FPSA,B,0,8997
7/8/2026,TA0055,1201702034,C-TAPE TP-A08-PS(H)  (A08),METER,FPSA,B,3000,10774
7/9/2026,TA0055,1201702034,C-TAPE TP-A08-PS(H)  (A08),METER,FPSA,B,0,9648
7/10/2026,TA0055,1201702034,C-TAPE TP-A08-PS(H)  (A08),METER,FPSA,B,3000,11267
7/11/2026,TA0055,1201702034,C-TAPE TP-A08-PS(H)  (A08),METER,FPSA,A,0,9866
7/12/2026,TA0055,1201702034,C-TAPE TP-A08-PS(H)  (A08),METER,FPSA,A,0,8297
7/13/2026,TA0055,1201702034,C-TAPE TP-A08-PS(H)  (A08),METER,FPSA,A,0,6714
7/14/2026,TA0055,1201702034,C-TAPE TP-A08-PS(H)  (A08),METER,FPSA,A,3000,8123
7/15/2026,TA0055,1201702034,C-TAPE TP-A08-PS(H)  (A08),METER,FPSA,C,0,6550
7/16/2026,TA0055,1201702034,C-TAPE TP-A08-PS(H)  (A08),METER,FPSA,C,0,5166
7/17/2026,TA0055,1201702034,C-TAPE TP-A08-PS(H)  (A08),METER,FPSA,C,6000,9538
7/18/2026,TA0055,1201702034,C-TAPE TP-A08-PS(H)  (A08),METER,FPSA,C,0,7803
7/19/2026,TA0055,1201702034,C-TAPE TP-A08-PS(H)  (A08),METER,FPSA,B,0,6558
7/20/2026,TA0055,1201702034,C-TAPE TP-A08-PS(H)  (A08),METER,FPSA,B,3000,8072
7/21/2026,TA0055,1201702034,C-TAPE TP-A08-PS(H)  (A08),METER,FPSA,B,0,6567
6/30/2026,TA0056,1201702001,C-TAPE TP-A-PS(H)  ,METER,PSLA,A,0,9048
7/1/2026,TA0056,1201702001,C-TAPE TP-A-PS(H)  ,METER,PSLA,C,3936,11326
7/2/2026,TA0056,1201702001,C-TAPE TP-A-PS(H)  ,METER,PSLA,A,0,9607
7/3/2026,TA0056,1201702001,C-TAPE TP-A-PS(H)  ,METER,PSLA,C,0,8281
7/4/2026,TA0056,1201702001,C-TAPE TP-A-PS(H)  ,METER,PSLA,C,0,6888
7/5/2026,TA0056,1201702001,C-TAPE TP-A-PS(H)  ,METER,PSLA,C,0,5412
7/6/2026,TA0056,1201702001,C-TAPE TP-A-PS(H)  ,METER,PSLA,C,3936,7872
7/7/2026,TA0056,1201702001,C-TAPE TP-A-PS(H)  ,METER,PSLA,B,0,6232
7/8/2026,TA0056,1201702001,C-TAPE TP-A-PS(H)  ,METER,PSLA,B,3936,8706
7/9/2026,TA0056,1201702001,C-TAPE TP-A-PS(H)  ,METER,PSLA,B,0,7332
7/10/2026,TA0056,1201702001,C-TAPE TP-A-PS(H)  ,METER,PSLA,B,3936,9488
7/11/2026,TA0056,1201702001,C-TAPE TP-A-PS(H)  ,METER,PSLA,A,0,8216
7/12/2026,TA0056,1201702001,C-TAPE TP-A-PS(H)  ,METER,PSLA,A,0,6994
7/13/2026,TA0056,1201702001,C-TAPE TP-A-PS(H)  ,METER,PSLA,A,3936,9158
7/14/2026,TA0056,1201702001,C-TAPE TP-A-PS(H)  ,METER,PSLA,A,0,7870
7/15/2026,TA0056,1201702001,C-TAPE TP-A-PS(H)  ,METER,PSLA,C,3936,10824
7/16/2026,TA0056,1201702001,C-TAPE TP-A-PS(H)  ,METER,PSLA,C,0,9840
7/17/2026,TA0056,1201702001,C-TAPE TP-A-PS(H)  ,METER,PSLA,C,3936,12066
7/18/2026,TA0056,1201702001,C-TAPE TP-A-PS(H)  ,METER,PSLA,C,0,10824
7/19/2026,TA0056,1201702001,C-TAPE TP-A-PS(H)  ,METER,PSLA,B,0,9274
7/20/2026,TA0056,1201702001,C-TAPE TP-A-PS(H)  ,METER,PSLA,B,3936,12094
7/21/2026,TA0056,1201702001,C-TAPE TP-A-PS(H)  ,METER,PSLA,B,0,10573
6/30/2026,TA0057,1201704004,C-TAPE TP-B15-PS(H),METER,PSLB,A,0,1500
7/1/2026,TA0057,1201704004,C-TAPE TP-B15-PS(H),METER,PSLB,A,0,1500
7/2/2026,TA0057,1201704004,C-TAPE TP-B15-PS(H),METER,PSLB,A,0,1500
7/3/2026,TA0057,1201704004,C-TAPE TP-B15-PS(H),METER,PSLB,C,2000,2500
7/4/2026,TA0057,1201704004,C-TAPE TP-B15-PS(H),METER,PSLB,C,0,2000
7/5/2026,TA0057,1201704004,C-TAPE TP-B15-PS(H),METER,PSLB,C,0,1000
7/6/2026,TA0057,1201704004,C-TAPE TP-B15-PS(H),METER,PSLB,C,2000,2000
7/7/2026,TA0057,1201704004,C-TAPE TP-B15-PS(H),METER,PSLB,B,0,2000
7/8/2026,TA0057,1201704004,C-TAPE TP-B15-PS(H),METER,PSLB,B,2000,2000
7/9/2026,TA0057,1201704004,C-TAPE TP-B15-PS(H),METER,PSLB,B,0,4000
7/10/2026,TA0057,1201704004,C-TAPE TP-B15-PS(H),METER,PSLB,B,2000,4000
7/11/2026,TA0057,1201704004,C-TAPE TP-B15-PS(H),METER,PSLB,A,0,5000
7/12/2026,TA0057,1201704004,C-TAPE TP-B15-PS(H),METER,PSLB,A,0,4000
7/13/2026,TA0057,1201704004,C-TAPE TP-B15-PS(H),METER,PSLB,A,0,4000
7/14/2026,TA0057,1201704004,C-TAPE TP-B15-PS(H),METER,PSLB,A,4000,7500
7/15/2026,TA0057,1201704004,C-TAPE TP-B15-PS(H),METER,PSLB,C,0,7000
7/16/2026,TA0057,1201704004,C-TAPE TP-B15-PS(H),METER,PSLB,C,2000,8000
7/17/2026,TA0057,1201704004,C-TAPE TP-B15-PS(H),METER,PSLB,C,0,7000
7/18/2026,TA0057,1201704004,C-TAPE TP-B15-PS(H),METER,PSLB,C,0,5000
7/19/2026,TA0057,1201704004,C-TAPE TP-B15-PS(H),METER,PSLB,B,0,5000
7/20/2026,TA0057,1201704004,C-TAPE TP-B15-PS(H),METER,PSLB,B,0,4500
6/30/2026,TA0058,1201702032,C-TAPE TP-NR-V2-PS(H) (A3),METER,FPSA,A,3000,8419
7/1/2026,TA0058,1201702032,C-TAPE TP-NR-V2-PS(H) (A3),METER,FPSA,A,0,8419
7/2/2026,TA0058,1201702032,C-TAPE TP-NR-V2-PS(H) (A3),METER,FPSA,A,0,8419
7/3/2026,TA0058,1201702032,C-TAPE TP-NR-V2-PS(H) (A3),METER,FPSA,C,0,8231
7/4/2026,TA0058,1201702032,C-TAPE TP-NR-V2-PS(H) (A3),METER,FPSA,C,0,8231
7/5/2026,TA0058,1201702032,C-TAPE TP-NR-V2-PS(H) (A3),METER,FPSA,C,0,8231
7/6/2026,TA0058,1201702032,C-TAPE TP-NR-V2-PS(H) (A3),METER,FPSA,C,0,7794
7/7/2026,TA0058,1201702032,C-TAPE TP-NR-V2-PS(H) (A3),METER,FPSA,B,0,7369
7/8/2026,TA0058,1201702032,C-TAPE TP-NR-V2-PS(H) (A3),METER,FPSA,B,0,7200
7/9/2026,TA0058,1201702032,C-TAPE TP-NR-V2-PS(H) (A3),METER,FPSA,B,3000,9865
7/10/2026,TA0058,1201702032,C-TAPE TP-NR-V2-PS(H) (A3),METER,FPSA,B,0,9230
7/11/2026,TA0058,1201702032,C-TAPE TP-NR-V2-PS(H) (A3),METER,FPSA,A,0,8655
7/12/2026,TA0058,1201702032,C-TAPE TP-NR-V2-PS(H) (A3),METER,FPSA,A,0,8105
7/13/2026,TA0058,1201702032,C-TAPE TP-NR-V2-PS(H) (A3),METER,FPSA,A,0,7205
7/14/2026,TA0058,1201702032,C-TAPE TP-NR-V2-PS(H) (A3),METER,FPSA,A,0,6296
7/15/2026,TA0058,1201702032,C-TAPE TP-NR-V2-PS(H) (A3),METER,FPSA,C,0,5668
7/16/2026,TA0058,1201702032,C-TAPE TP-NR-V2-PS(H) (A3),METER,FPSA,C,3000,7956
7/17/2026,TA0058,1201702032,C-TAPE TP-NR-V2-PS(H) (A3),METER,FPSA,C,0,7169
7/18/2026,TA0058,1201702032,C-TAPE TP-NR-V2-PS(H) (A3),METER,FPSA,C,0,5847
7/19/2026,TA0058,1201702032,C-TAPE TP-NR-V2-PS(H) (A3),METER,FPSA,B,0,4745
7/20/2026,TA0058,1201702032,C-TAPE TP-NR-V2-PS(H) (A3),METER,FPSA,B,3000,6545
7/21/2026,TA0058,1201702032,C-TAPE TP-NR-V2-PS(H) (A3),METER,FPSA,B,0,5791
6/30/2026,TA0059,1201702033,C-TAPE TP-NU-PS (H) (A2),METER,FPSA,A,0,3145
7/1/2026,TA0059,1201702033,C-TAPE TP-NU-PS (H) (A2),METER,FPSA,A,0,2828
7/2/2026,TA0059,1201702033,C-TAPE TP-NU-PS (H) (A2),METER,FPSA,A,3000,5444
7/3/2026,TA0059,1201702033,C-TAPE TP-NU-PS (H) (A2),METER,FPSA,C,0,5094
7/4/2026,TA0059,1201702033,C-TAPE TP-NU-PS (H) (A2),METER,FPSA,C,0,4731
7/5/2026,TA0059,1201702033,C-TAPE TP-NU-PS (H) (A2),METER,FPSA,C,0,4062
7/6/2026,TA0059,1201702033,C-TAPE TP-NU-PS (H) (A2),METER,FPSA,C,3000,6570
7/7/2026,TA0059,1201702033,C-TAPE TP-NU-PS (H) (A2),METER,FPSA,B,0,6139
7/8/2026,TA0059,1201702033,C-TAPE TP-NU-PS (H) (A2),METER,FPSA,B,3000,9000
7/9/2026,TA0059,1201702033,C-TAPE TP-NU-PS (H) (A2),METER,FPSA,B,0,8583
7/10/2026,TA0059,1201702033,C-TAPE TP-NU-PS (H) (A2),METER,FPSA,B,3000,11301
7/11/2026,TA0059,1201702033,C-TAPE TP-NU-PS (H) (A2),METER,FPSA,A,0,10689
7/12/2026,TA0059,1201702033,C-TAPE TP-NU-PS (H) (A2),METER,FPSA,A,0,10381
7/13/2026,TA0059,1201702033,C-TAPE TP-NU-PS (H) (A2),METER,FPSA,A,0,9969
7/14/2026,TA0059,1201702033,C-TAPE TP-NU-PS (H) (A2),METER,FPSA,A,0,9532
7/15/2026,TA0059,1201702033,C-TAPE TP-NU-PS (H) (A2),METER,FPSA,C,0,9115
7/16/2026,TA0059,1201702033,C-TAPE TP-NU-PS (H) (A2),METER,FPSA,C,0,8591
7/17/2026,TA0059,1201702033,C-TAPE TP-NU-PS (H) (A2),METER,FPSA,C,0,8166
7/18/2026,TA0059,1201702033,C-TAPE TP-NU-PS (H) (A2),METER,FPSA,C,0,8166
7/19/2026,TA0059,1201702033,C-TAPE TP-NU-PS (H) (A2),METER,FPSA,B,0,7405
7/20/2026,TA0059,1201702033,C-TAPE TP-NU-PS (H) (A2),METER,FPSA,B,0,7085
7/21/2026,TA0059,1201702033,C-TAPE TP-NU-PS (H) (A2),METER,FPSA,B,3000,9534
6/30/2026,TA0060,1201702018,C-TAPE TP-NW-PS(H),METER,FPSB,A,0,4526
7/1/2026,TA0060,1201702018,C-TAPE TP-NW-PS(H),METER,FPSB,A,4000,6976
7/2/2026,TA0060,1201702018,C-TAPE TP-NW-PS(H),METER,FPSB,A,0,5475
7/3/2026,TA0060,1201702018,C-TAPE TP-NW-PS(H),METER,FPSB,C,6000,9200
7/4/2026,TA0060,1201702018,C-TAPE TP-NW-PS(H),METER,FPSB,C,0,7000
7/5/2026,TA0060,1201702018,C-TAPE TP-NW-PS(H),METER,FPSB,C,0,5500
7/6/2026,TA0060,1201702018,C-TAPE TP-NW-PS(H),METER,FPSB,C,2000,5800
7/7/2026,TA0060,1201702018,C-TAPE TP-NW-PS(H),METER,FPSB,B,0,4479
7/8/2026,TA0060,1201702018,C-TAPE TP-NW-PS(H),METER,FPSB,B,0,3140
7/9/2026,TA0060,1201702018,C-TAPE TP-NW-PS(H),METER,FPSB,B,2000,3150
7/10/2026,TA0060,1201702018,C-TAPE TP-NW-PS(H),METER,FPSB,B,4000,5959
7/11/2026,TA0060,1201702018,C-TAPE TP-NW-PS(H),METER,FPSB,A,0,4398
7/12/2026,TA0060,1201702018,C-TAPE TP-NW-PS(H),METER,FPSB,A,0,2550
7/13/2026,TA0060,1201702018,C-TAPE TP-NW-PS(H),METER,FPSB,A,4000,4900
7/14/2026,TA0060,1201702018,C-TAPE TP-NW-PS(H),METER,FPSB,A,2000,4830
7/15/2026,TA0060,1201702018,C-TAPE TP-NW-PS(H),METER,FPSB,C,2000,4790
7/16/2026,TA0060,1201702018,C-TAPE TP-NW-PS(H),METER,FPSB,C,2000,5326
7/17/2026,TA0060,1201702018,C-TAPE TP-NW-PS(H),METER,FPSB,C,4000,7826
7/18/2026,TA0060,1201702018,C-TAPE TP-NW-PS(H),METER,FPSB,C,0,6156
7/19/2026,TA0060,1201702018,C-TAPE TP-NW-PS(H),METER,FPSB,B,0,4456
7/20/2026,TA0060,1201702018,C-TAPE TP-NW-PS(H),METER,FPSB,B,4000,6806
7/21/2026,TA0060,1201702018,C-TAPE TP-NW-PS(H),METER,FPSB,B,0,5277
6/30/2026,TA0061,1201702018,C-TAPE TP-NW-PS(H),METER,PSLB,A,12000,18000
7/1/2026,TA0061,1201702018,C-TAPE TP-NW-PS(H),METER,PSLB,A,14000,26000
7/2/2026,TA0061,1201702018,C-TAPE TP-NW-PS(H),METER,PSLB,A,14000,30000
7/3/2026,TA0061,1201702018,C-TAPE TP-NW-PS(H),METER,PSLB,C,12000,30000
7/4/2026,TA0061,1201702018,C-TAPE TP-NW-PS(H),METER,PSLB,C,0,14000
7/5/2026,TA0061,1201702018,C-TAPE TP-NW-PS(H),METER,PSLB,C,0,8000
7/6/2026,TA0061,1201702018,C-TAPE TP-NW-PS(H),METER,PSLB,C,12000,15000
7/7/2026,TA0061,1201702018,C-TAPE TP-NW-PS(H),METER,PSLB,B,12000,19000
7/8/2026,TA0061,1201702018,C-TAPE TP-NW-PS(H),METER,PSLB,B,14000,19000
7/9/2026,TA0061,1201702018,C-TAPE TP-NW-PS(H),METER,PSLB,B,14000,19000
7/10/2026,TA0061,1201702018,C-TAPE TP-NW-PS(H),METER,PSLB,B,14000,19000
7/11/2026,TA0061,1201702018,C-TAPE TP-NW-PS(H),METER,PSLB,A,0,20000
7/12/2026,TA0061,1201702018,C-TAPE TP-NW-PS(H),METER,PSLB,A,0,10000
7/13/2026,TA0061,1201702018,C-TAPE TP-NW-PS(H),METER,PSLB,A,16000,16000
7/14/2026,TA0061,1201702018,C-TAPE TP-NW-PS(H),METER,PSLB,A,18000,24000
7/15/2026,TA0061,1201702018,C-TAPE TP-NW-PS(H),METER,PSLB,C,18000,34000
7/16/2026,TA0061,1201702018,C-TAPE TP-NW-PS(H),METER,PSLB,C,18000,41000
7/17/2026,TA0061,1201702018,C-TAPE TP-NW-PS(H),METER,PSLB,C,16000,45000
7/18/2026,TA0061,1201702018,C-TAPE TP-NW-PS(H),METER,PSLB,C,0,39000
7/19/2026,TA0061,1201702018,C-TAPE TP-NW-PS(H),METER,PSLB,B,0,32000
7/20/2026,TA0061,1201702018,C-TAPE TP-NW-PS(H),METER,PSLB,B,14000,36000
7/21/2026,TA0061,1201702018,C-TAPE TP-NW-PS(H),METER,PSLB,B,14000,36000
6/30/2026,TA0062,1201702035,C-TAPE TP-S-PC(H)( PRODUCT  KT),METER,PSLB,A,0,12600
7/1/2026,TA0062,1201702035,C-TAPE TP-S-PC(H)( PRODUCT  KT),METER,PSLB,A,4000,16400
7/2/2026,TA0062,1201702035,C-TAPE TP-S-PC(H)( PRODUCT  KT),METER,PSLB,A,0,15400
7/3/2026,TA0062,1201702035,C-TAPE TP-S-PC(H)( PRODUCT  KT),METER,PSLB,C,4000,18400
7/4/2026,TA0062,1201702035,C-TAPE TP-S-PC(H)( PRODUCT  KT),METER,PSLB,C,0,18400
7/5/2026,TA0062,1201702035,C-TAPE TP-S-PC(H)( PRODUCT  KT),METER,PSLB,C,0,18000
7/6/2026,TA0062,1201702035,C-TAPE TP-S-PC(H)( PRODUCT  KT),METER,PSLB,C,0,18000
7/7/2026,TA0062,1201702035,C-TAPE TP-S-PC(H)( PRODUCT  KT),METER,PSLB,B,0,17500
7/8/2026,TA0062,1201702035,C-TAPE TP-S-PC(H)( PRODUCT  KT),METER,PSLB,B,0,17500
7/9/2026,TA0062,1201702035,C-TAPE TP-S-PC(H)( PRODUCT  KT),METER,PSLB,B,0,17500
7/10/2026,TA0062,1201702035,C-TAPE TP-S-PC(H)( PRODUCT  KT),METER,PSLB,B,0,17500
7/11/2026,TA0062,1201702035,C-TAPE TP-S-PC(H)( PRODUCT  KT),METER,PSLB,A,0,16000
7/12/2026,TA0062,1201702035,C-TAPE TP-S-PC(H)( PRODUCT  KT),METER,PSLB,A,0,15500
7/13/2026,TA0062,1201702035,C-TAPE TP-S-PC(H)( PRODUCT  KT),METER,PSLB,A,0,15300
7/14/2026,TA0062,1201702035,C-TAPE TP-S-PC(H)( PRODUCT  KT),METER,PSLB,A,0,15000
7/15/2026,TA0062,1201702035,C-TAPE TP-S-PC(H)( PRODUCT  KT),METER,PSLB,C,0,15000
7/16/2026,TA0062,1201702035,C-TAPE TP-S-PC(H)( PRODUCT  KT),METER,PSLB,C,0,14000
7/17/2026,TA0062,1201702035,C-TAPE TP-S-PC(H)( PRODUCT  KT),METER,PSLB,C,0,14000
7/18/2026,TA0062,1201702035,C-TAPE TP-S-PC(H)( PRODUCT  KT),METER,PSLB,C,0,14000
7/19/2026,TA0062,1201702035,C-TAPE TP-S-PC(H)( PRODUCT  KT),METER,PSLB,B,0,14000
7/20/2026,TA0062,1201702035,C-TAPE TP-S-PC(H)( PRODUCT  KT),METER,PSLB,B,0,13000
7/21/2026,TA0062,1201702035,C-TAPE TP-S-PC(H)( PRODUCT  KT),METER,PSLB,B,0,13000
6/30/2026,TA0063,1201702005,C-TAPE TP-S-PS (H) B2,METER,PSLB,A,13776,23616
7/1/2026,TA0063,1201702005,C-TAPE TP-S-PS (H) B2,METER,PSLB,A,13776,29520
7/2/2026,TA0063,1201702005,C-TAPE TP-S-PS (H) B2,METER,PSLB,A,13776,35424
7/3/2026,TA0063,1201702005,C-TAPE TP-S-PS (H) B2,METER,PSLB,C,13776,41328
7/4/2026,TA0063,1201702005,C-TAPE TP-S-PS (H) B2,METER,PSLB,C,0,31488
7/5/2026,TA0063,1201702005,C-TAPE TP-S-PS (H) B2,METER,PSLB,C,0,22632
7/6/2026,TA0063,1201702005,C-TAPE TP-S-PS (H) B2,METER,PSLB,C,11808,26076
7/7/2026,TA0063,1201702005,C-TAPE TP-S-PS (H) B2,METER,PSLB,B,11808,29520
7/8/2026,TA0063,1201702005,C-TAPE TP-S-PS (H) B2,METER,PSLB,B,11808,29520
7/9/2026,TA0063,1201702005,C-TAPE TP-S-PS (H) B2,METER,PSLB,B,11808,29520
7/10/2026,TA0063,1201702005,C-TAPE TP-S-PS (H) B2,METER,PSLB,B,11808,29520
7/11/2026,TA0063,1201702005,C-TAPE TP-S-PS (H) B2,METER,PSLB,A,0,29520
7/12/2026,TA0063,1201702005,C-TAPE TP-S-PS (H) B2,METER,PSLB,A,0,21648
7/13/2026,TA0063,1201702005,C-TAPE TP-S-PS (H) B2,METER,PSLB,A,7872,25584
7/14/2026,TA0063,1201702005,C-TAPE TP-S-PS (H) B2,METER,PSLB,A,9840,25584
7/15/2026,TA0063,1201702005,C-TAPE TP-S-PS (H) B2,METER,PSLB,C,7872,23616
7/16/2026,TA0063,1201702005,C-TAPE TP-S-PS (H) B2,METER,PSLB,C,9840,23616
7/17/2026,TA0063,1201702005,C-TAPE TP-S-PS (H) B2,METER,PSLB,C,7872,24600
7/18/2026,TA0063,1201702005,C-TAPE TP-S-PS (H) B2,METER,PSLB,C,0,16236
7/19/2026,TA0063,1201702005,C-TAPE TP-S-PS (H) B2,METER,PSLB,C,0,5904
7/20/2026,TA0063,1201702005,C-TAPE TP-S-PS (H) B2,METER,PSLB,B,11808,8856
7/21/2026,TA0063,1201702005,C-TAPE TP-S-PS (H) B2,METER,PSLB,B,11808,11808
7/7/2026,TA0064,1201500039,DAIFREE MS-175,KG,FPSA,B,0,0
7/8/2026,TA0064,1201500039,DAIFREE MS-175,KG,FPSA,B,0,0
7/9/2026,TA0064,1201500039,DAIFREE MS-175,KG,FPSA,B,0,0
7/19/2026,TA0064,1201500039,DAIFREE MS-175,KG,FPSA,B,0,0
7/20/2026,TA0064,1201500039,DAIFREE MS-175,KG,FPSA,B,0,0
7/21/2026,TA0064,1201500039,DAIFREE MS-175,KG,FPSA,B,0,0
6/30/2026,TA0066,1201300008,DAWANOL  PMA,KG,POLYMER,A,0,150
7/1/2026,TA0066,1201300008,DAWANOL  PMA,KG,POLYMER,A,0,150
7/2/2026,TA0066,1201300008,DAWANOL  PMA,KG,POLYMER,A,0,150
7/3/2026,TA0066,1201300008,DAWANOL  PMA,KG,POLYMER,C,0,145
7/4/2026,TA0066,1201300008,DAWANOL  PMA,KG,POLYMER,C,0,135
7/5/2026,TA0066,1201300008,DAWANOL  PMA,KG,POLYMER,C,0,135
7/6/2026,TA0066,1201300008,DAWANOL  PMA,KG,POLYMER,C,0,125
7/7/2026,TA0066,1201300008,DAWANOL  PMA,KG,POLYMER,B,0,115
7/8/2026,TA0066,1201300008,DAWANOL  PMA,KG,POLYMER,B,0,115
7/9/2026,TA0066,1201300008,DAWANOL  PMA,KG,POLYMER,B,0,105
7/10/2026,TA0066,1201300008,DAWANOL  PMA,KG,POLYMER,B,0,90
7/11/2026,TA0066,1201300008,DAWANOL  PMA,KG,POLYMER,A,0,90
7/12/2026,TA0066,1201300008,DAWANOL  PMA,KG,POLYMER,A,0,85
7/13/2026,TA0066,1201300008,DAWANOL  PMA,KG,POLYMER,A,0,85
7/14/2026,TA0066,1201300008,DAWANOL  PMA,KG,POLYMER,A,0,75
7/15/2026,TA0066,1201300008,DAWANOL  PMA,KG,POLYMER,C,0,65
7/16/2026,TA0066,1201300008,DAWANOL  PMA,KG,POLYMER,C,0,60
7/17/2026,TA0066,1201300008,DAWANOL  PMA,KG,POLYMER,C,0,50
7/18/2026,TA0066,1201300008,DAWANOL  PMA,KG,POLYMER,C,0,50
7/19/2026,TA0066,1201300008,DAWANOL  PMA,KG,POLYMER,C,0,40
7/20/2026,TA0066,1201300008,DAWANOL  PMA,KG,POLYMER,B,0,40
7/21/2026,TA0066,1201300008,DAWANOL  PMA,KG,POLYMER,B,0,25
6/30/2026,TA0067,Diamond  Sheet (50-55mm),DIAMOND  SHEET (50-55MM),PC,FPSA,A,0,250
7/1/2026,TA0067,Diamond  Sheet (50-55mm),DIAMOND  SHEET (50-55MM),PC,FPSA,A,0,249
7/2/2026,TA0067,Diamond  Sheet (50-55mm),DIAMOND  SHEET (50-55MM),PC,FPSA,A,0,247
7/3/2026,TA0067,Diamond  Sheet (50-55mm),DIAMOND  SHEET (50-55MM),PC,FPSA,C,0,241
7/4/2026,TA0067,Diamond  Sheet (50-55mm),DIAMOND  SHEET (50-55MM),PC,FPSA,C,0,239
7/5/2026,TA0067,Diamond  Sheet (50-55mm),DIAMOND  SHEET (50-55MM),PC,FPSA,C,0,238
7/6/2026,TA0067,Diamond  Sheet (50-55mm),DIAMOND  SHEET (50-55MM),PC,FPSA,C,0,236
7/7/2026,TA0067,Diamond  Sheet (50-55mm),DIAMOND  SHEET (50-55MM),PC,FPSA,B,0,236
7/8/2026,TA0067,Diamond  Sheet (50-55mm),DIAMOND  SHEET (50-55MM),PC,FPSA,B,0,234
7/9/2026,TA0067,Diamond  Sheet (50-55mm),DIAMOND  SHEET (50-55MM),PC,FPSA,B,0,234
7/10/2026,TA0067,Diamond  Sheet (50-55mm),DIAMOND  SHEET (50-55MM),PC,FPSA,B,0,231
7/11/2026,TA0067,Diamond  Sheet (50-55mm),DIAMOND  SHEET (50-55MM),PC,FPSA,A,0,228
7/12/2026,TA0067,Diamond  Sheet (50-55mm),DIAMOND  SHEET (50-55MM),PC,FPSA,A,0,227
7/13/2026,TA0067,Diamond  Sheet (50-55mm),DIAMOND  SHEET (50-55MM),PC,FPSA,A,0,223
7/14/2026,TA0067,Diamond  Sheet (50-55mm),DIAMOND  SHEET (50-55MM),PC,FPSA,A,0,219
7/15/2026,TA0067,Diamond  Sheet (50-55mm),DIAMOND  SHEET (50-55MM),PC,FPSA,C,0,214
7/16/2026,TA0067,Diamond  Sheet (50-55mm),DIAMOND  SHEET (50-55MM),PC,FPSA,C,0,213
7/17/2026,TA0067,Diamond  Sheet (50-55mm),DIAMOND  SHEET (50-55MM),PC,FPSA,C,0,212
7/18/2026,TA0067,Diamond  Sheet (50-55mm),DIAMOND  SHEET (50-55MM),PC,FPSA,C,0,209
7/19/2026,TA0067,Diamond  Sheet (50-55mm),DIAMOND  SHEET (50-55MM),PC,FPSA,B,0,207
7/20/2026,TA0067,Diamond  Sheet (50-55mm),DIAMOND  SHEET (50-55MM),PC,FPSA,B,0,201
7/21/2026,TA0067,Diamond  Sheet (50-55mm),DIAMOND  SHEET (50-55MM),PC,FPSA,B,0,198
6/30/2026,TA0068,1401990101,DICING BLADE 220JS(75MM),PC,GPS,A,0,10
7/1/2026,TA0068,1401990101,DICING BLADE 220JS(75MM),PC,GPS,A,0,10
7/2/2026,TA0068,1401990101,DICING BLADE 220JS(75MM),PC,GPS,A,10,18
7/3/2026,TA0068,1401990101,DICING BLADE 220JS(75MM),PC,GPS,C,0,18
7/4/2026,TA0068,1401990101,DICING BLADE 220JS(75MM),PC,GPS,C,0,18
7/5/2026,TA0068,1401990101,DICING BLADE 220JS(75MM),PC,GPS,C,0,16
7/6/2026,TA0068,1401990101,DICING BLADE 220JS(75MM),PC,GPS,C,0,16
7/7/2026,TA0068,1401990101,DICING BLADE 220JS(75MM),PC,GPS,B,0,16
7/8/2026,TA0068,1401990101,DICING BLADE 220JS(75MM),PC,GPS,B,10,24
7/9/2026,TA0068,1401990101,DICING BLADE 220JS(75MM),PC,GPS,B,0,24
7/10/2026,TA0068,1401990101,DICING BLADE 220JS(75MM),PC,GPS,B,0,22
7/11/2026,TA0068,1401990101,DICING BLADE 220JS(75MM),PC,GPS,A,0,22
7/12/2026,TA0068,1401990101,DICING BLADE 220JS(75MM),PC,GPS,A,0,22
7/13/2026,TA0068,1401990101,DICING BLADE 220JS(75MM),PC,GPS,A,0,20
7/14/2026,TA0068,1401990101,DICING BLADE 220JS(75MM),PC,GPS,A,0,20
7/15/2026,TA0068,1401990101,DICING BLADE 220JS(75MM),PC,GPS,C,0,18
7/16/2026,TA0068,1401990101,DICING BLADE 220JS(75MM),PC,GPS,C,0,18
7/17/2026,TA0068,1401990101,DICING BLADE 220JS(75MM),PC,GPS,C,0,16
7/18/2026,TA0068,1401990101,DICING BLADE 220JS(75MM),PC,GPS,C,0,16
7/19/2026,TA0068,1401990101,DICING BLADE 220JS(75MM),PC,GPS,B,0,14
7/20/2026,TA0068,1401990101,DICING BLADE 220JS(75MM),PC,GPS,B,0,14
7/21/2026,TA0068,1401990101,DICING BLADE 220JS(75MM),PC,GPS,B,0,12
6/30/2026,TA0069,1401990099,DIEMOND WHEEL TYPE  (NEW),PC,FPSA,A,0,32
7/1/2026,TA0069,1401990099,DIEMOND WHEEL TYPE  (NEW),PC,FPSA,A,50,64
7/2/2026,TA0069,1401990099,DIEMOND WHEEL TYPE  (NEW),PC,FPSA,A,0,40
7/3/2026,TA0069,1401990099,DIEMOND WHEEL TYPE  (NEW),PC,FPSA,C,50,64
7/4/2026,TA0069,1401990099,DIEMOND WHEEL TYPE  (NEW),PC,FPSA,C,0,44
7/5/2026,TA0069,1401990099,DIEMOND WHEEL TYPE  (NEW),PC,FPSA,C,0,22
7/6/2026,TA0069,1401990099,DIEMOND WHEEL TYPE  (NEW),PC,FPSA,C,20,14
7/7/2026,TA0069,1401990099,DIEMOND WHEEL TYPE  (NEW),PC,FPSA,B,50,40
7/8/2026,TA0069,1401990099,DIEMOND WHEEL TYPE  (NEW),PC,FPSA,B,50,54
7/9/2026,TA0069,1401990099,DIEMOND WHEEL TYPE  (NEW),PC,FPSA,B,20,56
7/10/2026,TA0069,1401990099,DIEMOND WHEEL TYPE  (NEW),PC,FPSA,B,80,110
7/11/2026,TA0069,1401990099,DIEMOND WHEEL TYPE  (NEW),PC,FPSA,A,0,92
7/12/2026,TA0069,1401990099,DIEMOND WHEEL TYPE  (NEW),PC,FPSA,A,0,68
7/13/2026,TA0069,1401990099,DIEMOND WHEEL TYPE  (NEW),PC,FPSA,A,50,90
7/14/2026,TA0069,1401990099,DIEMOND WHEEL TYPE  (NEW),PC,FPSA,A,0,62
7/15/2026,TA0069,1401990099,DIEMOND WHEEL TYPE  (NEW),PC,FPSA,C,50,88
7/16/2026,TA0069,1401990099,DIEMOND WHEEL TYPE  (NEW),PC,FPSA,C,0,58
7/17/2026,TA0069,1401990099,DIEMOND WHEEL TYPE  (NEW),PC,FPSA,C,50,84
7/18/2026,TA0069,1401990099,DIEMOND WHEEL TYPE  (NEW),PC,FPSA,C,0,68
7/19/2026,TA0069,1401990099,DIEMOND WHEEL TYPE  (NEW),PC,FPSA,B,0,48
7/20/2026,TA0069,1401990099,DIEMOND WHEEL TYPE  (NEW),PC,FPSA,B,50,82
7/21/2026,TA0069,1401990099,DIEMOND WHEEL TYPE  (NEW),PC,FPSA,B,0,60
6/30/2026,TA0070,1401990099,DIEMOND WHEEL TYPE  (NEW),PC,FPSB,A,0,0
7/5/2026,TA0070,1401990099,DIEMOND WHEEL TYPE  (NEW),PC,FPSB,C,0,0
7/14/2026,TA0070,1401990099,DIEMOND WHEEL TYPE  (NEW),PC,FPSB,A,0,0
7/18/2026,TA0070,1401990099,DIEMOND WHEEL TYPE  (NEW),PC,FPSB,C,0,0
7/9/2026,TA0071,1401990102,DIEMOND WHEEL TYPE REGUIDE  (N1),PC,FPSA,B,30,14
7/10/2026,TA0071,1401990102,DIEMOND WHEEL TYPE REGUIDE  (N1),PC,FPSA,B,0,4
7/11/2026,TA0071,1401990102,DIEMOND WHEEL TYPE REGUIDE  (N1),PC,FPSA,A,0,0
7/12/2026,TA0071,1401990102,DIEMOND WHEEL TYPE REGUIDE  (N1),PC,FPSA,A,0,0
7/16/2026,TA0071,1401990102,DIEMOND WHEEL TYPE REGUIDE  (N1),PC,FPSA,C,50,48
7/17/2026,TA0071,1401990102,DIEMOND WHEEL TYPE REGUIDE  (N1),PC,FPSA,C,0,40
7/18/2026,TA0071,1401990102,DIEMOND WHEEL TYPE REGUIDE  (N1),PC,FPSA,C,0,34
7/19/2026,TA0071,1401990102,DIEMOND WHEEL TYPE REGUIDE  (N1),PC,FPSA,B,0,30
7/20/2026,TA0071,1401990102,DIEMOND WHEEL TYPE REGUIDE  (N1),PC,FPSA,B,0,28
7/21/2026,TA0071,1401990102,DIEMOND WHEEL TYPE REGUIDE  (N1),PC,FPSA,B,50,70
6/30/2026,TA0072,1401990102,DIEMOND WHEEL TYPE REGUIDE  (N1),PC,FPSB,A,0,26
7/1/2026,TA0072,1401990102,DIEMOND WHEEL TYPE REGUIDE  (N1),PC,FPSB,A,0,26
7/2/2026,TA0072,1401990102,DIEMOND WHEEL TYPE REGUIDE  (N1),PC,FPSB,A,0,22
7/3/2026,TA0072,1401990102,DIEMOND WHEEL TYPE REGUIDE  (N1),PC,FPSB,C,10,26
7/4/2026,TA0072,1401990102,DIEMOND WHEEL TYPE REGUIDE  (N1),PC,FPSB,C,0,26
7/5/2026,TA0072,1401990102,DIEMOND WHEEL TYPE REGUIDE  (N1),PC,FPSB,C,0,24
7/6/2026,TA0072,1401990102,DIEMOND WHEEL TYPE REGUIDE  (N1),PC,FPSB,C,0,24
7/7/2026,TA0072,1401990102,DIEMOND WHEEL TYPE REGUIDE  (N1),PC,FPSB,B,10,30
7/8/2026,TA0072,1401990102,DIEMOND WHEEL TYPE REGUIDE  (N1),PC,FPSB,B,0,24
7/9/2026,TA0072,1401990102,DIEMOND WHEEL TYPE REGUIDE  (N1),PC,FPSB,B,0,22
7/10/2026,TA0072,1401990102,DIEMOND WHEEL TYPE REGUIDE  (N1),PC,FPSB,B,10,26
7/11/2026,TA0072,1401990102,DIEMOND WHEEL TYPE REGUIDE  (N1),PC,FPSB,A,0,26
7/12/2026,TA0072,1401990102,DIEMOND WHEEL TYPE REGUIDE  (N1),PC,FPSB,A,0,24
7/13/2026,TA0072,1401990102,DIEMOND WHEEL TYPE REGUIDE  (N1),PC,FPSB,A,0,18
7/14/2026,TA0072,1401990102,DIEMOND WHEEL TYPE REGUIDE  (N1),PC,FPSB,A,0,14
7/15/2026,TA0072,1401990102,DIEMOND WHEEL TYPE REGUIDE  (N1),PC,FPSB,C,0,14
7/16/2026,TA0072,1401990102,DIEMOND WHEEL TYPE REGUIDE  (N1),PC,FPSB,C,10,18
7/17/2026,TA0072,1401990102,DIEMOND WHEEL TYPE REGUIDE  (N1),PC,FPSB,C,0,16
7/18/2026,TA0072,1401990102,DIEMOND WHEEL TYPE REGUIDE  (N1),PC,FPSB,C,0,12
7/19/2026,TA0072,1401990102,DIEMOND WHEEL TYPE REGUIDE  (N1),PC,FPSB,B,0,6
7/20/2026,TA0072,1401990102,DIEMOND WHEEL TYPE REGUIDE  (N1),PC,FPSB,B,10,16
7/21/2026,TA0072,1401990102,DIEMOND WHEEL TYPE REGUIDE  (N1),PC,FPSB,B,0,14
7/19/2026,TA0073,1401990103,DIEMOND WHEEL TYPE REGUIDE  (N2),PC,FPSA,B,0,0
7/21/2026,TA0073,1401990103,DIEMOND WHEEL TYPE REGUIDE  (N2),PC,FPSA,B,0,0
6/30/2026,TA0074,1401990103,DIEMOND WHEEL TYPE REGUIDE  (N2),PC,FPSB,A,0,0
7/5/2026,TA0074,1401990103,DIEMOND WHEEL TYPE REGUIDE  (N2),PC,FPSB,C,0,0
7/14/2026,TA0074,1401990103,DIEMOND WHEEL TYPE REGUIDE  (N2),PC,FPSB,A,0,0
7/18/2026,TA0074,1401990103,DIEMOND WHEEL TYPE REGUIDE  (N2),PC,FPSB,C,0,0
6/30/2026,TA0075,1201400008,ECO SOLDER PASTE,G,GPS,A,1350,7229
7/1/2026,TA0075,1201400008,ECO SOLDER PASTE,G,GPS,A,0,7168
7/2/2026,TA0075,1201400008,ECO SOLDER PASTE,G,GPS,A,0,7168
7/3/2026,TA0075,1201400008,ECO SOLDER PASTE,G,GPS,C,0,7148
7/4/2026,TA0075,1201400008,ECO SOLDER PASTE,G,GPS,C,0,7148
7/5/2026,TA0075,1201400008,ECO SOLDER PASTE,G,GPS,C,0,7086
7/6/2026,TA0075,1201400008,ECO SOLDER PASTE,G,GPS,C,0,7023
7/7/2026,TA0075,1201400008,ECO SOLDER PASTE,G,GPS,B,0,6963
7/8/2026,TA0075,1201400008,ECO SOLDER PASTE,G,GPS,B,0,6963
7/9/2026,TA0075,1201400008,ECO SOLDER PASTE,G,GPS,B,0,6942
7/10/2026,TA0075,1201400008,ECO SOLDER PASTE,G,GPS,B,0,6880
7/11/2026,TA0075,1201400008,ECO SOLDER PASTE,G,GPS,A,0,6880
7/12/2026,TA0075,1201400008,ECO SOLDER PASTE,G,GPS,A,0,6810
7/13/2026,TA0075,1201400008,ECO SOLDER PASTE,G,GPS,A,0,6744
7/14/2026,TA0075,1201400008,ECO SOLDER PASTE,G,GPS,A,0,6690
7/15/2026,TA0075,1201400008,ECO SOLDER PASTE,G,GPS,C,0,6690
7/16/2026,TA0075,1201400008,ECO SOLDER PASTE,G,GPS,C,0,6630
7/17/2026,TA0075,1201400008,ECO SOLDER PASTE,G,GPS,C,0,6630
7/18/2026,TA0075,1201400008,ECO SOLDER PASTE,G,GPS,C,0,6558
7/19/2026,TA0075,1201400008,ECO SOLDER PASTE,G,GPS,B,0,6558
7/20/2026,TA0075,1201400008,ECO SOLDER PASTE,G,GPS,B,0,5000
7/21/2026,TA0075,1201400008,ECO SOLDER PASTE,G,GPS,B,0,4955
6/30/2026,TA0076,1201221029,ECON-CL01,KG,POLYMER,A,0,10
7/1/2026,TA0076,1201221029,ECON-CL01,KG,POLYMER,A,0,10
7/2/2026,TA0076,1201221029,ECON-CL01,KG,POLYMER,A,0,10
7/3/2026,TA0076,1201221029,ECON-CL01,KG,POLYMER,C,5,15
7/4/2026,TA0076,1201221029,ECON-CL01,KG,POLYMER,C,0,15
7/5/2026,TA0076,1201221029,ECON-CL01,KG,POLYMER,C,0,15
7/6/2026,TA0076,1201221029,ECON-CL01,KG,POLYMER,C,0,15
7/7/2026,TA0076,1201221029,ECON-CL01,KG,POLYMER,B,0,15
7/8/2026,TA0076,1201221029,ECON-CL01,KG,POLYMER,B,0,15
7/9/2026,TA0076,1201221029,ECON-CL01,KG,POLYMER,B,0,15
7/10/2026,TA0076,1201221029,ECON-CL01,KG,POLYMER,B,0,15
7/11/2026,TA0076,1201221029,ECON-CL01,KG,POLYMER,A,0,15
7/12/2026,TA0076,1201221029,ECON-CL01,KG,POLYMER,A,0,15
7/13/2026,TA0076,1201221029,ECON-CL01,KG,POLYMER,A,0,15
7/14/2026,TA0076,1201221029,ECON-CL01,KG,POLYMER,A,0,15
7/15/2026,TA0076,1201221029,ECON-CL01,KG,POLYMER,C,0,15
7/16/2026,TA0076,1201221029,ECON-CL01,KG,POLYMER,C,0,15
7/17/2026,TA0076,1201221029,ECON-CL01,KG,POLYMER,C,0,10
7/18/2026,TA0076,1201221029,ECON-CL01,KG,POLYMER,C,0,10
7/19/2026,TA0076,1201221029,ECON-CL01,KG,POLYMER,C,0,10
7/20/2026,TA0076,1201221029,ECON-CL01,KG,POLYMER,B,0,10
7/21/2026,TA0076,1201221029,ECON-CL01,KG,POLYMER,B,0,10
6/30/2026,TA0077,1201220009,ETHANOL ABSOLUTE,LITER,GPS,A,0,12.5
7/1/2026,TA0077,1201220009,ETHANOL ABSOLUTE,LITER,GPS,A,0,12.5
7/2/2026,TA0077,1201220009,ETHANOL ABSOLUTE,LITER,GPS,A,0,12.5
7/3/2026,TA0077,1201220009,ETHANOL ABSOLUTE,LITER,GPS,C,0,12
7/4/2026,TA0077,1201220009,ETHANOL ABSOLUTE,LITER,GPS,C,0,12
7/5/2026,TA0077,1201220009,ETHANOL ABSOLUTE,LITER,GPS,C,0,12
7/6/2026,TA0077,1201220009,ETHANOL ABSOLUTE,LITER,GPS,C,0,11.5
7/7/2026,TA0077,1201220009,ETHANOL ABSOLUTE,LITER,GPS,B,0,11.5
7/8/2026,TA0077,1201220009,ETHANOL ABSOLUTE,LITER,GPS,B,0,10.5
7/9/2026,TA0077,1201220009,ETHANOL ABSOLUTE,LITER,GPS,B,0,10
7/10/2026,TA0077,1201220009,ETHANOL ABSOLUTE,LITER,GPS,B,0,10
7/11/2026,TA0077,1201220009,ETHANOL ABSOLUTE,LITER,GPS,A,0,10
7/12/2026,TA0077,1201220009,ETHANOL ABSOLUTE,LITER,GPS,A,0,9.5
7/13/2026,TA0077,1201220009,ETHANOL ABSOLUTE,LITER,GPS,A,0,9.5
7/14/2026,TA0077,1201220009,ETHANOL ABSOLUTE,LITER,GPS,A,0,9
7/15/2026,TA0077,1201220009,ETHANOL ABSOLUTE,LITER,GPS,C,0,9
7/16/2026,TA0077,1201220009,ETHANOL ABSOLUTE,LITER,GPS,C,0,8.5
7/17/2026,TA0077,1201220009,ETHANOL ABSOLUTE,LITER,GPS,C,0,8.5
7/18/2026,TA0077,1201220009,ETHANOL ABSOLUTE,LITER,GPS,C,0,8.5
7/19/2026,TA0077,1201220009,ETHANOL ABSOLUTE,LITER,GPS,B,0,8.25
7/20/2026,TA0077,1201220009,ETHANOL ABSOLUTE,LITER,GPS,B,0,8.25
7/21/2026,TA0077,1201220009,ETHANOL ABSOLUTE,LITER,GPS,B,0,7.75
6/30/2026,TA0078,1201220009,ETHANOL ABSOLUTE,LITER,POLYMER,A,120,190
7/1/2026,TA0078,1201220009,ETHANOL ABSOLUTE,LITER,POLYMER,A,240,270
7/2/2026,TA0078,1201220009,ETHANOL ABSOLUTE,LITER,POLYMER,A,240,370
7/3/2026,TA0078,1201220009,ETHANOL ABSOLUTE,LITER,POLYMER,C,240,440
7/4/2026,TA0078,1201220009,ETHANOL ABSOLUTE,LITER,POLYMER,C,0,330
7/5/2026,TA0078,1201220009,ETHANOL ABSOLUTE,LITER,POLYMER,C,0,165
7/6/2026,TA0078,1201220009,ETHANOL ABSOLUTE,LITER,POLYMER,C,210,225
7/7/2026,TA0078,1201220009,ETHANOL ABSOLUTE,LITER,POLYMER,B,210,270
7/8/2026,TA0078,1201220009,ETHANOL ABSOLUTE,LITER,POLYMER,B,210,355
7/9/2026,TA0078,1201220009,ETHANOL ABSOLUTE,LITER,POLYMER,B,225,420
7/10/2026,TA0078,1201220009,ETHANOL ABSOLUTE,LITER,POLYMER,B,240,540
7/11/2026,TA0078,1201220009,ETHANOL ABSOLUTE,LITER,POLYMER,A,0,415
7/12/2026,TA0078,1201220009,ETHANOL ABSOLUTE,LITER,POLYMER,A,0,265
7/13/2026,TA0078,1201220009,ETHANOL ABSOLUTE,LITER,POLYMER,A,180,305
7/14/2026,TA0078,1201220009,ETHANOL ABSOLUTE,LITER,POLYMER,A,240,380
7/15/2026,TA0078,1201220009,ETHANOL ABSOLUTE,LITER,POLYMER,C,240,490
7/16/2026,TA0078,1201220009,ETHANOL ABSOLUTE,LITER,POLYMER,C,240,570
7/17/2026,TA0078,1201220009,ETHANOL ABSOLUTE,LITER,POLYMER,C,240,675
7/18/2026,TA0078,1201220009,ETHANOL ABSOLUTE,LITER,POLYMER,C,0,510
7/19/2026,TA0078,1201220009,ETHANOL ABSOLUTE,LITER,POLYMER,C,0,370
7/20/2026,TA0078,1201220009,ETHANOL ABSOLUTE,LITER,POLYMER,B,150,360
7/21/2026,TA0078,1201220009,ETHANOL ABSOLUTE,LITER,POLYMER,B,150,390
6/30/2026,TA0079,1401400011,ETHYL ALCOHOL 95%,KG,FPSA,A,0,9.72
7/1/2026,TA0079,1401400011,ETHYL ALCOHOL 95%,KG,FPSA,A,0,8
7/2/2026,TA0079,1401400011,ETHYL ALCOHOL 95%,KG,FPSA,A,15,21.3
7/3/2026,TA0079,1401400011,ETHYL ALCOHOL 95%,KG,FPSA,C,0,19.74
7/4/2026,TA0079,1401400011,ETHYL ALCOHOL 95%,KG,FPSA,C,0,18.24
7/5/2026,TA0079,1401400011,ETHYL ALCOHOL 95%,KG,FPSA,C,0,16.71
7/6/2026,TA0079,1401400011,ETHYL ALCOHOL 95%,KG,FPSA,C,0,15.63
7/7/2026,TA0079,1401400011,ETHYL ALCOHOL 95%,KG,FPSA,B,15,28
7/8/2026,TA0079,1401400011,ETHYL ALCOHOL 95%,KG,FPSA,B,0,26.2
7/9/2026,TA0079,1401400011,ETHYL ALCOHOL 95%,KG,FPSA,B,0,25
7/10/2026,TA0079,1401400011,ETHYL ALCOHOL 95%,KG,FPSA,B,0,24
7/11/2026,TA0079,1401400011,ETHYL ALCOHOL 95%,KG,FPSA,A,0,20.98
7/12/2026,TA0079,1401400011,ETHYL ALCOHOL 95%,KG,FPSA,A,0,19.24
7/13/2026,TA0079,1401400011,ETHYL ALCOHOL 95%,KG,FPSA,A,0,17.45
7/14/2026,TA0079,1401400011,ETHYL ALCOHOL 95%,KG,FPSA,A,0,15.75
7/15/2026,TA0079,1401400011,ETHYL ALCOHOL 95%,KG,FPSA,C,0,13.9
7/16/2026,TA0079,1401400011,ETHYL ALCOHOL 95%,KG,FPSA,C,15,25.5
7/17/2026,TA0079,1401400011,ETHYL ALCOHOL 95%,KG,FPSA,C,0,23.15
7/18/2026,TA0079,1401400011,ETHYL ALCOHOL 95%,KG,FPSA,C,0,22.05
7/19/2026,TA0079,1401400011,ETHYL ALCOHOL 95%,KG,FPSA,B,0,20
7/20/2026,TA0079,1401400011,ETHYL ALCOHOL 95%,KG,FPSA,B,0,19
7/21/2026,TA0079,1401400011,ETHYL ALCOHOL 95%,KG,FPSA,B,0,17.6
6/30/2026,TA0080,1401400011,ETHYL ALCOHOL 95%,KG,POLYMER,A,90,165
7/1/2026,TA0080,1401400011,ETHYL ALCOHOL 95%,KG,POLYMER,A,90,150
7/2/2026,TA0080,1401400011,ETHYL ALCOHOL 95%,KG,POLYMER,A,120,255
7/3/2026,TA0080,1401400011,ETHYL ALCOHOL 95%,KG,POLYMER,C,120,300
7/4/2026,TA0080,1401400011,ETHYL ALCOHOL 95%,KG,POLYMER,C,0,225
7/5/2026,TA0080,1401400011,ETHYL ALCOHOL 95%,KG,POLYMER,C,0,165
7/6/2026,TA0080,1401400011,ETHYL ALCOHOL 95%,KG,POLYMER,C,60,150
7/7/2026,TA0080,1401400011,ETHYL ALCOHOL 95%,KG,POLYMER,B,90,135
7/8/2026,TA0080,1401400011,ETHYL ALCOHOL 95%,KG,POLYMER,B,90,195
7/9/2026,TA0080,1401400011,ETHYL ALCOHOL 95%,KG,POLYMER,B,105,210
7/10/2026,TA0080,1401400011,ETHYL ALCOHOL 95%,KG,POLYMER,B,120,210
7/11/2026,TA0080,1401400011,ETHYL ALCOHOL 95%,KG,POLYMER,A,0,195
7/12/2026,TA0080,1401400011,ETHYL ALCOHOL 95%,KG,POLYMER,A,0,135
7/13/2026,TA0080,1401400011,ETHYL ALCOHOL 95%,KG,POLYMER,A,90,135
7/14/2026,TA0080,1401400011,ETHYL ALCOHOL 95%,KG,POLYMER,A,90,210
7/15/2026,TA0080,1401400011,ETHYL ALCOHOL 95%,KG,POLYMER,C,90,240
7/16/2026,TA0080,1401400011,ETHYL ALCOHOL 95%,KG,POLYMER,C,90,225
7/17/2026,TA0080,1401400011,ETHYL ALCOHOL 95%,KG,POLYMER,C,105,315
7/18/2026,TA0080,1401400011,ETHYL ALCOHOL 95%,KG,POLYMER,C,0,270
7/19/2026,TA0080,1401400011,ETHYL ALCOHOL 95%,KG,POLYMER,C,0,150
7/20/2026,TA0080,1401400011,ETHYL ALCOHOL 95%,KG,POLYMER,B,105,210
7/21/2026,TA0080,1401400011,ETHYL ALCOHOL 95%,KG,POLYMER,B,105,255
6/30/2026,TA0081,1401400011,ETHYL ALCOHOL 95%,KG,PSLB,A,0,0
7/1/2026,TA0081,1401400011,ETHYL ALCOHOL 95%,KG,PSLB,A,15,7
7/2/2026,TA0081,1401400011,ETHYL ALCOHOL 95%,KG,PSLB,A,15,17
7/3/2026,TA0081,1401400011,ETHYL ALCOHOL 95%,KG,PSLB,C,30,38
7/4/2026,TA0081,1401400011,ETHYL ALCOHOL 95%,KG,PSLB,C,0,30
7/5/2026,TA0081,1401400011,ETHYL ALCOHOL 95%,KG,PSLB,C,0,22
7/6/2026,TA0081,1401400011,ETHYL ALCOHOL 95%,KG,PSLB,C,0,12
7/7/2026,TA0081,1401400011,ETHYL ALCOHOL 95%,KG,PSLB,B,15,18
7/8/2026,TA0081,1401400011,ETHYL ALCOHOL 95%,KG,PSLB,B,0,14
7/9/2026,TA0081,1401400011,ETHYL ALCOHOL 95%,KG,PSLB,B,15,23
7/10/2026,TA0081,1401400011,ETHYL ALCOHOL 95%,KG,PSLB,B,15,29
7/11/2026,TA0081,1401400011,ETHYL ALCOHOL 95%,KG,PSLB,A,0,19
7/12/2026,TA0081,1401400011,ETHYL ALCOHOL 95%,KG,PSLB,A,0,9
7/13/2026,TA0081,1401400011,ETHYL ALCOHOL 95%,KG,PSLB,A,15,17
7/14/2026,TA0081,1401400011,ETHYL ALCOHOL 95%,KG,PSLB,A,0,8
7/15/2026,TA0081,1401400011,ETHYL ALCOHOL 95%,KG,PSLB,C,15,16
7/16/2026,TA0081,1401400011,ETHYL ALCOHOL 95%,KG,PSLB,C,15,26
7/17/2026,TA0081,1401400011,ETHYL ALCOHOL 95%,KG,PSLB,C,30,48
7/18/2026,TA0081,1401400011,ETHYL ALCOHOL 95%,KG,PSLB,C,0,38
7/21/2026,TA0081,1401400011,ETHYL ALCOHOL 95%,KG,PSLB,B,0,26
6/30/2026,TA0082,1201221024,ETHYLENE GLYCOL,LITER,POLYMER,A,0,5
7/1/2026,TA0082,1201221024,ETHYLENE GLYCOL,LITER,POLYMER,A,10,15
7/2/2026,TA0082,1201221024,ETHYLENE GLYCOL,LITER,POLYMER,A,0,15
7/3/2026,TA0082,1201221024,ETHYLENE GLYCOL,LITER,POLYMER,C,10,25
7/4/2026,TA0082,1201221024,ETHYLENE GLYCOL,LITER,POLYMER,C,0,15
7/5/2026,TA0082,1201221024,ETHYLENE GLYCOL,LITER,POLYMER,C,0,15
7/6/2026,TA0082,1201221024,ETHYLENE GLYCOL,LITER,POLYMER,C,10,25
7/7/2026,TA0082,1201221024,ETHYLENE GLYCOL,LITER,POLYMER,B,0,20
7/8/2026,TA0082,1201221024,ETHYLENE GLYCOL,LITER,POLYMER,B,0,20
7/9/2026,TA0082,1201221024,ETHYLENE GLYCOL,LITER,POLYMER,B,0,20
7/10/2026,TA0082,1201221024,ETHYLENE GLYCOL,LITER,POLYMER,B,0,15
7/11/2026,TA0082,1201221024,ETHYLENE GLYCOL,LITER,POLYMER,A,0,15
7/12/2026,TA0082,1201221024,ETHYLENE GLYCOL,LITER,POLYMER,A,0,15
7/13/2026,TA0082,1201221024,ETHYLENE GLYCOL,LITER,POLYMER,A,0,15
7/14/2026,TA0082,1201221024,ETHYLENE GLYCOL,LITER,POLYMER,A,0,15
7/15/2026,TA0082,1201221024,ETHYLENE GLYCOL,LITER,POLYMER,C,0,15
7/16/2026,TA0082,1201221024,ETHYLENE GLYCOL,LITER,POLYMER,C,0,5
7/17/2026,TA0082,1201221024,ETHYLENE GLYCOL,LITER,POLYMER,C,10,15
7/18/2026,TA0082,1201221024,ETHYLENE GLYCOL,LITER,POLYMER,C,0,15
7/19/2026,TA0082,1201221024,ETHYLENE GLYCOL,LITER,POLYMER,C,0,15
7/20/2026,TA0082,1201221024,ETHYLENE GLYCOL,LITER,POLYMER,B,0,12.5
7/21/2026,TA0082,1201221024,ETHYLENE GLYCOL,LITER,POLYMER,B,10,22.5
6/30/2026,TA0083,1401990007,FINGER STALL ( M ),PC,PSLB,A,1440,8640
7/1/2026,TA0083,1401990007,FINGER STALL ( M ),PC,PSLB,A,0,5760
7/2/2026,TA0083,1401990007,FINGER STALL ( M ),PC,PSLB,A,1440,5760
7/3/2026,TA0083,1401990007,FINGER STALL ( M ),PC,PSLB,C,0,2880
7/4/2026,TA0083,1401990007,FINGER STALL ( M ),PC,PSLB,C,0,2880
7/5/2026,TA0083,1401990007,FINGER STALL ( M ),PC,PSLB,C,0,2880
7/6/2026,TA0083,1401990007,FINGER STALL ( M ),PC,PSLB,C,0,2880
7/7/2026,TA0083,1401990007,FINGER STALL ( M ),PC,PSLB,B,0,2880
7/8/2026,TA0083,1401990007,FINGER STALL ( M ),PC,PSLB,B,7200,7200
7/9/2026,TA0083,1401990007,FINGER STALL ( M ),PC,PSLB,B,0,7200
7/10/2026,TA0083,1401990007,FINGER STALL ( M ),PC,PSLB,B,0,7200
7/11/2026,TA0083,1401990007,FINGER STALL ( M ),PC,PSLB,A,0,4320
7/12/2026,TA0083,1401990007,FINGER STALL ( M ),PC,PSLB,A,0,4320
7/13/2026,TA0083,1401990007,FINGER STALL ( M ),PC,PSLB,A,2880,7200
7/14/2026,TA0083,1401990007,FINGER STALL ( M ),PC,PSLB,A,0,7200
7/15/2026,TA0083,1401990007,FINGER STALL ( M ),PC,PSLB,C,0,7200
7/16/2026,TA0083,1401990007,FINGER STALL ( M ),PC,PSLB,C,0,5760
7/17/2026,TA0083,1401990007,FINGER STALL ( M ),PC,PSLB,C,2880,8640
7/18/2026,TA0083,1401990007,FINGER STALL ( M ),PC,PSLB,C,0,8640
7/21/2026,TA0083,1401990007,FINGER STALL ( M ),PC,PSLB,B,0,4320
6/30/2026,TA0084,1401990005,FINGER STALL ( S ),PC,PSLB,A,0,8640
7/1/2026,TA0084,1401990005,FINGER STALL ( S ),PC,PSLB,A,7200,12960
7/2/2026,TA0084,1401990005,FINGER STALL ( S ),PC,PSLB,A,0,10080
7/3/2026,TA0084,1401990005,FINGER STALL ( S ),PC,PSLB,C,7200,15840
7/4/2026,TA0084,1401990005,FINGER STALL ( S ),PC,PSLB,C,0,15840
7/5/2026,TA0084,1401990005,FINGER STALL ( S ),PC,PSLB,C,0,11520
7/6/2026,TA0084,1401990005,FINGER STALL ( S ),PC,PSLB,C,4320,8640
7/7/2026,TA0084,1401990005,FINGER STALL ( S ),PC,PSLB,B,0,8640
7/8/2026,TA0084,1401990005,FINGER STALL ( S ),PC,PSLB,B,7200,14400
7/9/2026,TA0084,1401990005,FINGER STALL ( S ),PC,PSLB,B,0,11520
7/10/2026,TA0084,1401990005,FINGER STALL ( S ),PC,PSLB,B,7200,17280
7/11/2026,TA0084,1401990005,FINGER STALL ( S ),PC,PSLB,A,0,12960
7/12/2026,TA0084,1401990005,FINGER STALL ( S ),PC,PSLB,A,0,10080
7/13/2026,TA0084,1401990005,FINGER STALL ( S ),PC,PSLB,A,7200,14400
7/14/2026,TA0084,1401990005,FINGER STALL ( S ),PC,PSLB,A,0,12960
7/15/2026,TA0084,1401990005,FINGER STALL ( S ),PC,PSLB,C,4320,15840
7/16/2026,TA0084,1401990005,FINGER STALL ( S ),PC,PSLB,C,0,12960
7/17/2026,TA0084,1401990005,FINGER STALL ( S ),PC,PSLB,C,7200,14400
7/18/2026,TA0084,1401990005,FINGER STALL ( S ),PC,PSLB,C,0,11520
7/21/2026,TA0084,1401990005,FINGER STALL ( S ),PC,PSLB,B,0,10080
6/30/2026,TA0085,1201500037,FLUID EXPOXY RESIN CV5788FS,G,GPS,A,0,16250
7/1/2026,TA0085,1201500037,FLUID EXPOXY RESIN CV5788FS,G,GPS,A,0,14750
7/2/2026,TA0085,1201500037,FLUID EXPOXY RESIN CV5788FS,G,GPS,A,0,13000
7/3/2026,TA0085,1201500037,FLUID EXPOXY RESIN CV5788FS,G,GPS,C,20000,32000
7/4/2026,TA0085,1201500037,FLUID EXPOXY RESIN CV5788FS,G,GPS,C,0,30500
7/5/2026,TA0085,1201500037,FLUID EXPOXY RESIN CV5788FS,G,GPS,C,0,28500
7/6/2026,TA0085,1201500037,FLUID EXPOXY RESIN CV5788FS,G,GPS,C,0,26500
7/7/2026,TA0085,1201500037,FLUID EXPOXY RESIN CV5788FS,G,GPS,B,0,24750
7/8/2026,TA0085,1201500037,FLUID EXPOXY RESIN CV5788FS,G,GPS,B,0,23000
7/9/2026,TA0085,1201500037,FLUID EXPOXY RESIN CV5788FS,G,GPS,B,0,21250
7/10/2026,TA0085,1201500037,FLUID EXPOXY RESIN CV5788FS,G,GPS,B,0,20750
7/11/2026,TA0085,1201500037,FLUID EXPOXY RESIN CV5788FS,G,GPS,A,0,18750
7/12/2026,TA0085,1201500037,FLUID EXPOXY RESIN CV5788FS,G,GPS,A,0,17000
7/13/2026,TA0085,1201500037,FLUID EXPOXY RESIN CV5788FS,G,GPS,A,20000,35250
7/14/2026,TA0085,1201500037,FLUID EXPOXY RESIN CV5788FS,G,GPS,A,0,33500
7/15/2026,TA0085,1201500037,FLUID EXPOXY RESIN CV5788FS,G,GPS,C,0,31250
7/16/2026,TA0085,1201500037,FLUID EXPOXY RESIN CV5788FS,G,GPS,C,0,29250
7/17/2026,TA0085,1201500037,FLUID EXPOXY RESIN CV5788FS,G,GPS,C,0,27250
7/18/2026,TA0085,1201500037,FLUID EXPOXY RESIN CV5788FS,G,GPS,C,0,25000
7/19/2026,TA0085,1201500037,FLUID EXPOXY RESIN CV5788FS,G,GPS,B,0,23000
7/20/2026,TA0085,1201500037,FLUID EXPOXY RESIN CV5788FS,G,GPS,B,0,21000
7/21/2026,TA0085,1201500037,FLUID EXPOXY RESIN CV5788FS,G,GPS,B,0,19500
6/30/2026,TA0086,1206001002,G/PS SUBSTRATE  TYPE-6 ( PCB ),PC,GPS,A,0,0
7/1/2026,TA0086,1206001002,G/PS SUBSTRATE  TYPE-6 ( PCB ),PC,GPS,A,0,0
7/2/2026,TA0086,1206001002,G/PS SUBSTRATE  TYPE-6 ( PCB ),PC,GPS,A,0,0
7/7/2026,TA0086,1206001002,G/PS SUBSTRATE  TYPE-6 ( PCB ),PC,GPS,B,0,0
7/8/2026,TA0086,1206001002,G/PS SUBSTRATE  TYPE-6 ( PCB ),PC,GPS,B,0,0
7/9/2026,TA0086,1206001002,G/PS SUBSTRATE  TYPE-6 ( PCB ),PC,GPS,B,0,0
7/10/2026,TA0086,1206001002,G/PS SUBSTRATE  TYPE-6 ( PCB ),PC,GPS,B,0,0
7/11/2026,TA0086,1206001002,G/PS SUBSTRATE  TYPE-6 ( PCB ),PC,GPS,A,0,0
7/12/2026,TA0086,1206001002,G/PS SUBSTRATE  TYPE-6 ( PCB ),PC,GPS,A,0,0
7/13/2026,TA0086,1206001002,G/PS SUBSTRATE  TYPE-6 ( PCB ),PC,GPS,A,0,0
7/14/2026,TA0086,1206001002,G/PS SUBSTRATE  TYPE-6 ( PCB ),PC,GPS,A,0,0
7/19/2026,TA0086,1206001002,G/PS SUBSTRATE  TYPE-6 ( PCB ),PC,GPS,B,0,0
7/20/2026,TA0086,1206001002,G/PS SUBSTRATE  TYPE-6 ( PCB ),PC,GPS,B,0,0
7/21/2026,TA0086,1206001002,G/PS SUBSTRATE  TYPE-6 ( PCB ),PC,GPS,B,0,0
6/30/2026,TA0087,1206001003,G/PS SUBSTRATE DOOSAN ( PCB ),PC,GPS,A,0,2350
7/1/2026,TA0087,1206001003,G/PS SUBSTRATE DOOSAN ( PCB ),PC,GPS,A,0,2230
7/2/2026,TA0087,1206001003,G/PS SUBSTRATE DOOSAN ( PCB ),PC,GPS,A,0,2056
7/3/2026,TA0087,1206001003,G/PS SUBSTRATE DOOSAN ( PCB ),PC,GPS,C,0,1925
7/4/2026,TA0087,1206001003,G/PS SUBSTRATE DOOSAN ( PCB ),PC,GPS,C,0,1769
7/5/2026,TA0087,1206001003,G/PS SUBSTRATE DOOSAN ( PCB ),PC,GPS,C,0,1603
7/6/2026,TA0087,1206001003,G/PS SUBSTRATE DOOSAN ( PCB ),PC,GPS,C,0,1513
7/7/2026,TA0087,1206001003,G/PS SUBSTRATE DOOSAN ( PCB ),PC,GPS,B,0,1254
7/8/2026,TA0087,1206001003,G/PS SUBSTRATE DOOSAN ( PCB ),PC,GPS,B,124,2211
7/9/2026,TA0087,1206001003,G/PS SUBSTRATE DOOSAN ( PCB ),PC,GPS,B,0,2011
7/10/2026,TA0087,1206001003,G/PS SUBSTRATE DOOSAN ( PCB ),PC,GPS,B,0,1941
7/11/2026,TA0087,1206001003,G/PS SUBSTRATE DOOSAN ( PCB ),PC,GPS,A,0,1785
7/12/2026,TA0087,1206001003,G/PS SUBSTRATE DOOSAN ( PCB ),PC,GPS,A,0,1630
7/13/2026,TA0087,1206001003,G/PS SUBSTRATE DOOSAN ( PCB ),PC,GPS,A,0,1437
7/14/2026,TA0087,1206001003,G/PS SUBSTRATE DOOSAN ( PCB ),PC,GPS,A,0,1228
7/15/2026,TA0087,1206001003,G/PS SUBSTRATE DOOSAN ( PCB ),PC,GPS,C,0,987
7/16/2026,TA0087,1206001003,G/PS SUBSTRATE DOOSAN ( PCB ),PC,GPS,C,1934,2722
7/17/2026,TA0087,1206001003,G/PS SUBSTRATE DOOSAN ( PCB ),PC,GPS,C,0,2518
7/18/2026,TA0087,1206001003,G/PS SUBSTRATE DOOSAN ( PCB ),PC,GPS,C,0,2326
7/19/2026,TA0087,1206001003,G/PS SUBSTRATE DOOSAN ( PCB ),PC,GPS,B,0,2152
7/20/2026,TA0087,1206001003,G/PS SUBSTRATE DOOSAN ( PCB ),PC,GPS,B,0,1952
7/21/2026,TA0087,1206001003,G/PS SUBSTRATE DOOSAN ( PCB ),PC,GPS,B,0,1777
6/30/2026,TA0088,GLASS WOOL 225Tx250x370,GLASS WOOL 225TX250X370,PC,GPS,A,0,206
7/1/2026,TA0088,GLASS WOOL 225Tx250x370,GLASS WOOL 225TX250X370,PC,GPS,A,0,206
7/2/2026,TA0088,GLASS WOOL 225Tx250x370,GLASS WOOL 225TX250X370,PC,GPS,A,0,206
7/3/2026,TA0088,GLASS WOOL 225Tx250x370,GLASS WOOL 225TX250X370,PC,GPS,C,0,206
7/4/2026,TA0088,GLASS WOOL 225Tx250x370,GLASS WOOL 225TX250X370,PC,GPS,C,0,206
7/5/2026,TA0088,GLASS WOOL 225Tx250x370,GLASS WOOL 225TX250X370,PC,GPS,C,0,206
7/6/2026,TA0088,GLASS WOOL 225Tx250x370,GLASS WOOL 225TX250X370,PC,GPS,C,0,206
7/7/2026,TA0088,GLASS WOOL 225Tx250x370,GLASS WOOL 225TX250X370,PC,GPS,B,0,206
7/8/2026,TA0088,GLASS WOOL 225Tx250x370,GLASS WOOL 225TX250X370,PC,GPS,B,0,206
7/9/2026,TA0088,GLASS WOOL 225Tx250x370,GLASS WOOL 225TX250X370,PC,GPS,B,0,206
7/10/2026,TA0088,GLASS WOOL 225Tx250x370,GLASS WOOL 225TX250X370,PC,GPS,B,0,206
7/11/2026,TA0088,GLASS WOOL 225Tx250x370,GLASS WOOL 225TX250X370,PC,GPS,A,0,206
7/12/2026,TA0088,GLASS WOOL 225Tx250x370,GLASS WOOL 225TX250X370,PC,GPS,A,0,206
7/13/2026,TA0088,GLASS WOOL 225Tx250x370,GLASS WOOL 225TX250X370,PC,GPS,A,0,206
7/14/2026,TA0088,GLASS WOOL 225Tx250x370,GLASS WOOL 225TX250X370,PC,GPS,A,0,206
7/15/2026,TA0088,GLASS WOOL 225Tx250x370,GLASS WOOL 225TX250X370,PC,GPS,C,0,206
7/16/2026,TA0088,GLASS WOOL 225Tx250x370,GLASS WOOL 225TX250X370,PC,GPS,C,0,206
7/17/2026,TA0088,GLASS WOOL 225Tx250x370,GLASS WOOL 225TX250X370,PC,GPS,C,0,206
7/18/2026,TA0088,GLASS WOOL 225Tx250x370,GLASS WOOL 225TX250X370,PC,GPS,C,0,206
7/19/2026,TA0088,GLASS WOOL 225Tx250x370,GLASS WOOL 225TX250X370,PC,GPS,B,0,206
7/20/2026,TA0088,GLASS WOOL 225Tx250x370,GLASS WOOL 225TX250X370,PC,GPS,B,0,206
7/21/2026,TA0088,GLASS WOOL 225Tx250x370,GLASS WOOL 225TX250X370,PC,GPS,B,0,206
6/30/2026,TA0089,1401560005,GLASS WOOL(KARAKURI),PC,PSLA,A,0,79
7/1/2026,TA0089,1401560005,GLASS WOOL(KARAKURI),PC,PSLA,C,0,79
7/2/2026,TA0089,1401560005,GLASS WOOL(KARAKURI),PC,PSLA,A,0,72
7/3/2026,TA0089,1401560005,GLASS WOOL(KARAKURI),PC,PSLA,C,0,72
7/4/2026,TA0089,1401560005,GLASS WOOL(KARAKURI),PC,PSLA,C,0,72
7/5/2026,TA0089,1401560005,GLASS WOOL(KARAKURI),PC,PSLA,C,0,72
7/6/2026,TA0089,1401560005,GLASS WOOL(KARAKURI),PC,PSLA,C,0,72
7/7/2026,TA0089,1401560005,GLASS WOOL(KARAKURI),PC,PSLA,B,0,72
7/8/2026,TA0089,1401560005,GLASS WOOL(KARAKURI),PC,PSLA,B,0,72
7/9/2026,TA0089,1401560005,GLASS WOOL(KARAKURI),PC,PSLA,B,0,70
7/10/2026,TA0089,1401560005,GLASS WOOL(KARAKURI),PC,PSLA,B,0,70
7/11/2026,TA0089,1401560005,GLASS WOOL(KARAKURI),PC,PSLA,A,0,70
7/12/2026,TA0089,1401560005,GLASS WOOL(KARAKURI),PC,PSLA,A,0,70
7/13/2026,TA0089,1401560005,GLASS WOOL(KARAKURI),PC,PSLA,A,0,70
7/14/2026,TA0089,1401560005,GLASS WOOL(KARAKURI),PC,PSLA,A,0,70
7/15/2026,TA0089,1401560005,GLASS WOOL(KARAKURI),PC,PSLA,C,0,70
7/16/2026,TA0089,1401560005,GLASS WOOL(KARAKURI),PC,PSLA,C,0,70
7/17/2026,TA0089,1401560005,GLASS WOOL(KARAKURI),PC,PSLA,C,0,67
7/18/2026,TA0089,1401560005,GLASS WOOL(KARAKURI),PC,PSLA,C,0,67
7/19/2026,TA0089,1401560005,GLASS WOOL(KARAKURI),PC,PSLA,B,0,67
7/20/2026,TA0089,1401560005,GLASS WOOL(KARAKURI),PC,PSLA,B,0,67
7/21/2026,TA0089,1401560005,GLASS WOOL(KARAKURI),PC,PSLA,B,0,60
6/30/2026,TA0090,1401560005,GLASS WOOL(KARAKURI),PC,PSLB,A,0,50
7/1/2026,TA0090,1401560005,GLASS WOOL(KARAKURI),PC,PSLB,A,100,120
7/2/2026,TA0090,1401560005,GLASS WOOL(KARAKURI),PC,PSLB,A,0,0
7/3/2026,TA0090,1401560005,GLASS WOOL(KARAKURI),PC,PSLB,C,50,30
7/4/2026,TA0090,1401560005,GLASS WOOL(KARAKURI),PC,PSLB,C,0,30
7/5/2026,TA0090,1401560005,GLASS WOOL(KARAKURI),PC,PSLB,C,0,30
7/6/2026,TA0090,1401560005,GLASS WOOL(KARAKURI),PC,PSLB,C,0,30
7/7/2026,TA0090,1401560005,GLASS WOOL(KARAKURI),PC,PSLB,B,50,100
7/8/2026,TA0090,1401560005,GLASS WOOL(KARAKURI),PC,PSLB,B,50,100
7/9/2026,TA0090,1401560005,GLASS WOOL(KARAKURI),PC,PSLB,B,100,200
7/10/2026,TA0090,1401560005,GLASS WOOL(KARAKURI),PC,PSLB,B,0,200
7/11/2026,TA0090,1401560005,GLASS WOOL(KARAKURI),PC,PSLB,A,0,150
7/12/2026,TA0090,1401560005,GLASS WOOL(KARAKURI),PC,PSLB,A,0,150
7/13/2026,TA0090,1401560005,GLASS WOOL(KARAKURI),PC,PSLB,A,50,200
7/14/2026,TA0090,1401560005,GLASS WOOL(KARAKURI),PC,PSLB,A,50,250
7/15/2026,TA0090,1401560005,GLASS WOOL(KARAKURI),PC,PSLB,C,50,250
7/16/2026,TA0090,1401560005,GLASS WOOL(KARAKURI),PC,PSLB,C,50,300
7/17/2026,TA0090,1401560005,GLASS WOOL(KARAKURI),PC,PSLB,C,50,350
7/18/2026,TA0090,1401560005,GLASS WOOL(KARAKURI),PC,PSLB,C,0,350
7/21/2026,TA0090,1401560005,GLASS WOOL(KARAKURI),PC,PSLB,B,0,350
6/30/2026,TA0091,1206001001,GSV SUBSTRAT TYPE-4 HITACHI ( PCB ),PC,GPS,A,92,59
7/1/2026,TA0091,1206001001,GSV SUBSTRAT TYPE-4 HITACHI ( PCB ),PC,GPS,A,0,59
7/2/2026,TA0091,1206001001,GSV SUBSTRAT TYPE-4 HITACHI ( PCB ),PC,GPS,A,0,59
7/3/2026,TA0091,1206001001,GSV SUBSTRAT TYPE-4 HITACHI ( PCB ),PC,GPS,C,0,59
7/4/2026,TA0091,1206001001,GSV SUBSTRAT TYPE-4 HITACHI ( PCB ),PC,GPS,C,0,59
7/5/2026,TA0091,1206001001,GSV SUBSTRAT TYPE-4 HITACHI ( PCB ),PC,GPS,C,0,59
7/6/2026,TA0091,1206001001,GSV SUBSTRAT TYPE-4 HITACHI ( PCB ),PC,GPS,C,0,59
7/7/2026,TA0091,1206001001,GSV SUBSTRAT TYPE-4 HITACHI ( PCB ),PC,GPS,B,0,59
7/8/2026,TA0091,1206001001,GSV SUBSTRAT TYPE-4 HITACHI ( PCB ),PC,GPS,B,0,59
7/9/2026,TA0091,1206001001,GSV SUBSTRAT TYPE-4 HITACHI ( PCB ),PC,GPS,B,0,59
7/10/2026,TA0091,1206001001,GSV SUBSTRAT TYPE-4 HITACHI ( PCB ),PC,GPS,B,0,59
7/11/2026,TA0091,1206001001,GSV SUBSTRAT TYPE-4 HITACHI ( PCB ),PC,GPS,A,0,59
7/12/2026,TA0091,1206001001,GSV SUBSTRAT TYPE-4 HITACHI ( PCB ),PC,GPS,A,0,59
7/13/2026,TA0091,1206001001,GSV SUBSTRAT TYPE-4 HITACHI ( PCB ),PC,GPS,A,0,59
7/14/2026,TA0091,1206001001,GSV SUBSTRAT TYPE-4 HITACHI ( PCB ),PC,GPS,A,0,59
7/15/2026,TA0091,1206001001,GSV SUBSTRAT TYPE-4 HITACHI ( PCB ),PC,GPS,C,0,59
7/16/2026,TA0091,1206001001,GSV SUBSTRAT TYPE-4 HITACHI ( PCB ),PC,GPS,C,0,59
7/17/2026,TA0091,1206001001,GSV SUBSTRAT TYPE-4 HITACHI ( PCB ),PC,GPS,C,0,59
7/18/2026,TA0091,1206001001,GSV SUBSTRAT TYPE-4 HITACHI ( PCB ),PC,GPS,C,0,59
7/19/2026,TA0091,1206001001,GSV SUBSTRAT TYPE-4 HITACHI ( PCB ),PC,GPS,B,0,59
7/20/2026,TA0091,1206001001,GSV SUBSTRAT TYPE-4 HITACHI ( PCB ),PC,GPS,B,0,59
7/21/2026,TA0091,1206001001,GSV SUBSTRAT TYPE-4 HITACHI ( PCB ),PC,GPS,B,0,59
6/30/2026,TA0092,1401220013,HYDROGEN,G,ANODIZE,A,0,2
7/1/2026,TA0092,1401220013,HYDROGEN,G,ANODIZE,A,0,2
7/2/2026,TA0092,1401220013,HYDROGEN,G,ANODIZE,A,0,2
7/3/2026,TA0092,1401220013,HYDROGEN,G,ANODIZE,C,0,2
7/4/2026,TA0092,1401220013,HYDROGEN,G,ANODIZE,C,0,1
7/5/2026,TA0092,1401220013,HYDROGEN,G,ANODIZE,C,0,1
7/6/2026,TA0092,1401220013,HYDROGEN,G,ANODIZE,C,0,1
7/7/2026,TA0092,1401220013,HYDROGEN,G,ANODIZE,B,0,1
7/8/2026,TA0092,1401220013,HYDROGEN,G,ANODIZE,B,2.5,3.5
7/9/2026,TA0092,1401220013,HYDROGEN,G,ANODIZE,B,0,2.5
7/10/2026,TA0092,1401220013,HYDROGEN,G,ANODIZE,B,0,2.5
7/11/2026,TA0092,1401220013,HYDROGEN,G,ANODIZE,A,0,2.5
7/12/2026,TA0092,1401220013,HYDROGEN,G,ANODIZE,A,0,2.5
7/13/2026,TA0092,1401220013,HYDROGEN,G,ANODIZE,A,0,2.5
7/14/2026,TA0092,1401220013,HYDROGEN,G,ANODIZE,A,0,2.5
7/15/2026,TA0092,1401220013,HYDROGEN,G,ANODIZE,C,0,2.5
7/16/2026,TA0092,1401220013,HYDROGEN,G,ANODIZE,C,0,2.5
7/17/2026,TA0092,1401220013,HYDROGEN,G,ANODIZE,C,0,2.5
7/18/2026,TA0092,1401220013,HYDROGEN,G,ANODIZE,C,0,1.5
7/19/2026,TA0092,1401220013,HYDROGEN,G,ANODIZE,B,0,1.5
7/20/2026,TA0092,1401220013,HYDROGEN,G,ANODIZE,B,0,1.5
7/21/2026,TA0092,1401220013,HYDROGEN,G,ANODIZE,B,0,1.5
6/30/2026,TA0093,1401902034,INNER BOX NAG 13/17,PC,GPS,A,0,0
7/1/2026,TA0093,1401902034,INNER BOX NAG 13/17,PC,GPS,A,0,0
7/2/2026,TA0093,1401902034,INNER BOX NAG 13/17,PC,GPS,A,0,0
7/7/2026,TA0093,1401902034,INNER BOX NAG 13/17,PC,GPS,B,0,0
7/8/2026,TA0093,1401902034,INNER BOX NAG 13/17,PC,GPS,B,0,0
7/9/2026,TA0093,1401902034,INNER BOX NAG 13/17,PC,GPS,B,0,0
7/10/2026,TA0093,1401902034,INNER BOX NAG 13/17,PC,GPS,B,0,0
7/11/2026,TA0093,1401902034,INNER BOX NAG 13/17,PC,GPS,A,0,0
7/12/2026,TA0093,1401902034,INNER BOX NAG 13/17,PC,GPS,A,0,0
7/13/2026,TA0093,1401902034,INNER BOX NAG 13/17,PC,GPS,A,0,0
7/14/2026,TA0093,1401902034,INNER BOX NAG 13/17,PC,GPS,A,0,0
7/19/2026,TA0093,1401902034,INNER BOX NAG 13/17,PC,GPS,B,0,0
7/20/2026,TA0093,1401902034,INNER BOX NAG 13/17,PC,GPS,B,0,0
7/21/2026,TA0093,1401902034,INNER BOX NAG 13/17,PC,GPS,B,0,0
6/30/2026,TA0094,1401902036,INNER BOX NAG 2/3,PC,PSLB,A,150,50
7/1/2026,TA0094,1401902036,INNER BOX NAG 2/3,PC,PSLB,A,150,150
7/2/2026,TA0094,1401902036,INNER BOX NAG 2/3,PC,PSLB,A,400,300
7/3/2026,TA0094,1401902036,INNER BOX NAG 2/3,PC,PSLB,C,150,350
7/4/2026,TA0094,1401902036,INNER BOX NAG 2/3,PC,PSLB,C,0,200
7/5/2026,TA0094,1401902036,INNER BOX NAG 2/3,PC,PSLB,C,0,100
7/6/2026,TA0094,1401902036,INNER BOX NAG 2/3,PC,PSLB,C,200,250
7/7/2026,TA0094,1401902036,INNER BOX NAG 2/3,PC,PSLB,B,200,250
7/8/2026,TA0094,1401902036,INNER BOX NAG 2/3,PC,PSLB,B,200,250
7/9/2026,TA0094,1401902036,INNER BOX NAG 2/3,PC,PSLB,B,200,300
7/10/2026,TA0094,1401902036,INNER BOX NAG 2/3,PC,PSLB,B,200,400
7/11/2026,TA0094,1401902036,INNER BOX NAG 2/3,PC,PSLB,A,0,300
7/12/2026,TA0094,1401902036,INNER BOX NAG 2/3,PC,PSLB,A,0,200
7/13/2026,TA0094,1401902036,INNER BOX NAG 2/3,PC,PSLB,A,200,250
7/14/2026,TA0094,1401902036,INNER BOX NAG 2/3,PC,PSLB,A,200,300
7/15/2026,TA0094,1401902036,INNER BOX NAG 2/3,PC,PSLB,C,200,400
7/16/2026,TA0094,1401902036,INNER BOX NAG 2/3,PC,PSLB,C,200,500
7/17/2026,TA0094,1401902036,INNER BOX NAG 2/3,PC,PSLB,C,200,500
7/18/2026,TA0094,1401902036,INNER BOX NAG 2/3,PC,PSLB,C,0,400
7/19/2026,TA0094,1401902036,INNER BOX NAG 2/3,PC,PSLB,B,0,250
7/20/2026,TA0094,1401902036,INNER BOX NAG 2/3,PC,PSLB,B,0,100
7/21/2026,TA0094,1401902036,INNER BOX NAG 2/3,PC,PSLB,B,100,100
6/30/2026,TA0095,1401902030,INNER BOX NAG 3/5,PC,PSLB,A,400,500
7/1/2026,TA0095,1401902030,INNER BOX NAG 3/5,PC,PSLB,A,300,600
7/2/2026,TA0095,1401902030,INNER BOX NAG 3/5,PC,PSLB,A,400,750
7/3/2026,TA0095,1401902030,INNER BOX NAG 3/5,PC,PSLB,C,300,850
7/4/2026,TA0095,1401902030,INNER BOX NAG 3/5,PC,PSLB,C,0,550
7/5/2026,TA0095,1401902030,INNER BOX NAG 3/5,PC,PSLB,C,0,300
7/6/2026,TA0095,1401902030,INNER BOX NAG 3/5,PC,PSLB,C,300,450
7/7/2026,TA0095,1401902030,INNER BOX NAG 3/5,PC,PSLB,B,300,500
7/8/2026,TA0095,1401902030,INNER BOX NAG 3/5,PC,PSLB,B,300,500
7/9/2026,TA0095,1401902030,INNER BOX NAG 3/5,PC,PSLB,B,300,650
7/10/2026,TA0095,1401902030,INNER BOX NAG 3/5,PC,PSLB,B,300,600
7/11/2026,TA0095,1401902030,INNER BOX NAG 3/5,PC,PSLB,A,0,700
7/12/2026,TA0095,1401902030,INNER BOX NAG 3/5,PC,PSLB,A,0,550
7/13/2026,TA0095,1401902030,INNER BOX NAG 3/5,PC,PSLB,A,300,400
7/14/2026,TA0095,1401902030,INNER BOX NAG 3/5,PC,PSLB,A,350,500
7/15/2026,TA0095,1401902030,INNER BOX NAG 3/5,PC,PSLB,C,300,600
7/16/2026,TA0095,1401902030,INNER BOX NAG 3/5,PC,PSLB,C,300,750
7/17/2026,TA0095,1401902030,INNER BOX NAG 3/5,PC,PSLB,C,350,900
7/18/2026,TA0095,1401902030,INNER BOX NAG 3/5,PC,PSLB,C,0,800
7/19/2026,TA0095,1401902030,INNER BOX NAG 3/5,PC,PSLB,B,0,450
7/20/2026,TA0095,1401902030,INNER BOX NAG 3/5,PC,PSLB,B,0,400
7/21/2026,TA0095,1401902030,INNER BOX NAG 3/5,PC,PSLB,B,250,450
6/30/2026,TA0096,1401902031,INNER BOX NAG 5/7,PC,GPS,A,0,55
7/1/2026,TA0096,1401902031,INNER BOX NAG 5/7,PC,GPS,A,0,51
7/2/2026,TA0096,1401902031,INNER BOX NAG 5/7,PC,GPS,A,0,41
7/3/2026,TA0096,1401902031,INNER BOX NAG 5/7,PC,GPS,C,0,37
7/4/2026,TA0096,1401902031,INNER BOX NAG 5/7,PC,GPS,C,0,34
7/5/2026,TA0096,1401902031,INNER BOX NAG 5/7,PC,GPS,C,0,29
7/6/2026,TA0096,1401902031,INNER BOX NAG 5/7,PC,GPS,C,0,26
7/7/2026,TA0096,1401902031,INNER BOX NAG 5/7,PC,GPS,B,0,22
7/8/2026,TA0096,1401902031,INNER BOX NAG 5/7,PC,GPS,B,0,15
7/9/2026,TA0096,1401902031,INNER BOX NAG 5/7,PC,GPS,B,0,11
7/10/2026,TA0096,1401902031,INNER BOX NAG 5/7,PC,GPS,B,0,6
7/11/2026,TA0096,1401902031,INNER BOX NAG 5/7,PC,GPS,A,0,4
7/12/2026,TA0096,1401902031,INNER BOX NAG 5/7,PC,GPS,A,0,2
7/13/2026,TA0096,1401902031,INNER BOX NAG 5/7,PC,GPS,A,100,96
7/14/2026,TA0096,1401902031,INNER BOX NAG 5/7,PC,GPS,A,0,89
7/15/2026,TA0096,1401902031,INNER BOX NAG 5/7,PC,GPS,C,0,87
7/16/2026,TA0096,1401902031,INNER BOX NAG 5/7,PC,GPS,C,0,80
7/17/2026,TA0096,1401902031,INNER BOX NAG 5/7,PC,GPS,C,0,75
7/18/2026,TA0096,1401902031,INNER BOX NAG 5/7,PC,GPS,C,0,69
7/19/2026,TA0096,1401902031,INNER BOX NAG 5/7,PC,GPS,B,0,63
7/20/2026,TA0096,1401902031,INNER BOX NAG 5/7,PC,GPS,B,0,57
7/21/2026,TA0096,1401902031,INNER BOX NAG 5/7,PC,GPS,B,0,50
6/30/2026,TA0097,1401902031,INNER BOX NAG 5/7,PC,PSLA,A,0,167
7/1/2026,TA0097,1401902031,INNER BOX NAG 5/7,PC,PSLA,C,50,199
7/2/2026,TA0097,1401902031,INNER BOX NAG 5/7,PC,PSLA,A,0,178
7/3/2026,TA0097,1401902031,INNER BOX NAG 5/7,PC,PSLA,C,0,163
7/4/2026,TA0097,1401902031,INNER BOX NAG 5/7,PC,PSLA,C,0,148
7/5/2026,TA0097,1401902031,INNER BOX NAG 5/7,PC,PSLA,C,0,130
7/6/2026,TA0097,1401902031,INNER BOX NAG 5/7,PC,PSLA,C,50,170
7/7/2026,TA0097,1401902031,INNER BOX NAG 5/7,PC,PSLA,B,0,156
7/8/2026,TA0097,1401902031,INNER BOX NAG 5/7,PC,PSLA,B,0,139
7/9/2026,TA0097,1401902031,INNER BOX NAG 5/7,PC,PSLA,B,0,122
7/10/2026,TA0097,1401902031,INNER BOX NAG 5/7,PC,PSLA,B,50,153
7/11/2026,TA0097,1401902031,INNER BOX NAG 5/7,PC,PSLA,A,0,135
7/12/2026,TA0097,1401902031,INNER BOX NAG 5/7,PC,PSLA,A,0,114
7/13/2026,TA0097,1401902031,INNER BOX NAG 5/7,PC,PSLA,A,0,90
7/14/2026,TA0097,1401902031,INNER BOX NAG 5/7,PC,PSLA,A,0,72
7/15/2026,TA0097,1401902031,INNER BOX NAG 5/7,PC,PSLA,C,50,102
7/16/2026,TA0097,1401902031,INNER BOX NAG 5/7,PC,PSLA,C,0,90
7/17/2026,TA0097,1401902031,INNER BOX NAG 5/7,PC,PSLA,C,50,127
7/18/2026,TA0097,1401902031,INNER BOX NAG 5/7,PC,PSLA,C,0,110
7/19/2026,TA0097,1401902031,INNER BOX NAG 5/7,PC,PSLA,B,0,94
7/20/2026,TA0097,1401902031,INNER BOX NAG 5/7,PC,PSLA,B,100,178
7/21/2026,TA0097,1401902031,INNER BOX NAG 5/7,PC,PSLA,B,0,163
6/30/2026,TA0098,1401902031,INNER BOX NAG 5/7,PC,PSLB,A,0,200
7/1/2026,TA0098,1401902031,INNER BOX NAG 5/7,PC,PSLB,A,100,250
7/2/2026,TA0098,1401902031,INNER BOX NAG 5/7,PC,PSLB,A,0,220
7/3/2026,TA0098,1401902031,INNER BOX NAG 5/7,PC,PSLB,C,100,300
7/4/2026,TA0098,1401902031,INNER BOX NAG 5/7,PC,PSLB,C,0,270
7/5/2026,TA0098,1401902031,INNER BOX NAG 5/7,PC,PSLB,C,0,250
7/6/2026,TA0098,1401902031,INNER BOX NAG 5/7,PC,PSLB,C,100,300
7/7/2026,TA0098,1401902031,INNER BOX NAG 5/7,PC,PSLB,B,0,300
7/8/2026,TA0098,1401902031,INNER BOX NAG 5/7,PC,PSLB,B,100,200
7/9/2026,TA0098,1401902031,INNER BOX NAG 5/7,PC,PSLB,B,0,300
7/10/2026,TA0098,1401902031,INNER BOX NAG 5/7,PC,PSLB,B,100,300
7/11/2026,TA0098,1401902031,INNER BOX NAG 5/7,PC,PSLB,A,0,400
7/12/2026,TA0098,1401902031,INNER BOX NAG 5/7,PC,PSLB,A,0,350
7/13/2026,TA0098,1401902031,INNER BOX NAG 5/7,PC,PSLB,A,150,350
7/14/2026,TA0098,1401902031,INNER BOX NAG 5/7,PC,PSLB,A,200,500
7/15/2026,TA0098,1401902031,INNER BOX NAG 5/7,PC,PSLB,C,150,500
7/16/2026,TA0098,1401902031,INNER BOX NAG 5/7,PC,PSLB,C,200,650
7/17/2026,TA0098,1401902031,INNER BOX NAG 5/7,PC,PSLB,C,150,800
7/18/2026,TA0098,1401902031,INNER BOX NAG 5/7,PC,PSLB,C,0,750
7/19/2026,TA0098,1401902031,INNER BOX NAG 5/7,PC,PSLB,B,0,700
7/20/2026,TA0098,1401902031,INNER BOX NAG 5/7,PC,PSLB,B,0,600
7/21/2026,TA0098,1401902031,INNER BOX NAG 5/7,PC,PSLB,B,100,600
6/30/2026,TA0099,1401902032,INNER BOX NAG 8/10,PC,PSLA,A,0,101
7/1/2026,TA0099,1401902032,INNER BOX NAG 8/10,PC,PSLA,C,50,147
7/2/2026,TA0099,1401902032,INNER BOX NAG 8/10,PC,PSLA,A,0,145
7/3/2026,TA0099,1401902032,INNER BOX NAG 8/10,PC,PSLA,C,0,142
7/4/2026,TA0099,1401902032,INNER BOX NAG 8/10,PC,PSLA,C,0,134
7/5/2026,TA0099,1401902032,INNER BOX NAG 8/10,PC,PSLA,C,0,126
7/6/2026,TA0099,1401902032,INNER BOX NAG 8/10,PC,PSLA,C,0,117
7/7/2026,TA0099,1401902032,INNER BOX NAG 8/10,PC,PSLA,B,0,110
7/8/2026,TA0099,1401902032,INNER BOX NAG 8/10,PC,PSLA,B,0,107
7/9/2026,TA0099,1401902032,INNER BOX NAG 8/10,PC,PSLA,B,0,103
7/10/2026,TA0099,1401902032,INNER BOX NAG 8/10,PC,PSLA,B,0,98
7/11/2026,TA0099,1401902032,INNER BOX NAG 8/10,PC,PSLA,A,0,95
7/12/2026,TA0099,1401902032,INNER BOX NAG 8/10,PC,PSLA,A,0,91
7/13/2026,TA0099,1401902032,INNER BOX NAG 8/10,PC,PSLA,A,0,90
7/14/2026,TA0099,1401902032,INNER BOX NAG 8/10,PC,PSLA,A,0,85
7/15/2026,TA0099,1401902032,INNER BOX NAG 8/10,PC,PSLA,C,0,85
7/16/2026,TA0099,1401902032,INNER BOX NAG 8/10,PC,PSLA,C,0,83
7/17/2026,TA0099,1401902032,INNER BOX NAG 8/10,PC,PSLA,C,50,128
7/18/2026,TA0099,1401902032,INNER BOX NAG 8/10,PC,PSLA,C,0,123
7/19/2026,TA0099,1401902032,INNER BOX NAG 8/10,PC,PSLA,B,0,117
7/20/2026,TA0099,1401902032,INNER BOX NAG 8/10,PC,PSLA,B,0,117
7/21/2026,TA0099,1401902032,INNER BOX NAG 8/10,PC,PSLA,B,0,112
6/30/2026,TA0100,1401902033,INNER BOX NAG 9/13,PC,GPS,A,0,0
7/1/2026,TA0100,1401902033,INNER BOX NAG 9/13,PC,GPS,A,0,0
7/2/2026,TA0100,1401902033,INNER BOX NAG 9/13,PC,GPS,A,0,0
7/7/2026,TA0100,1401902033,INNER BOX NAG 9/13,PC,GPS,B,0,0
7/8/2026,TA0100,1401902033,INNER BOX NAG 9/13,PC,GPS,B,0,0
7/9/2026,TA0100,1401902033,INNER BOX NAG 9/13,PC,GPS,B,0,0
7/10/2026,TA0100,1401902033,INNER BOX NAG 9/13,PC,GPS,B,0,0
7/11/2026,TA0100,1401902033,INNER BOX NAG 9/13,PC,GPS,A,0,0
7/12/2026,TA0100,1401902033,INNER BOX NAG 9/13,PC,GPS,A,0,0
7/13/2026,TA0100,1401902033,INNER BOX NAG 9/13,PC,GPS,A,0,0
7/14/2026,TA0100,1401902033,INNER BOX NAG 9/13,PC,GPS,A,0,0
7/19/2026,TA0100,1401902033,INNER BOX NAG 9/13,PC,GPS,B,0,0
7/20/2026,TA0100,1401902033,INNER BOX NAG 9/13,PC,GPS,B,0,0
7/21/2026,TA0100,1401902033,INNER BOX NAG 9/13,PC,GPS,B,0,0
6/30/2026,TA0101,1201400006,INSULATING RESIN ( DBN519S),G,FPSA,A,0,169.04
7/1/2026,TA0101,1201400006,INSULATING RESIN ( DBN519S),G,FPSA,A,100,257.13
7/2/2026,TA0101,1201400006,INSULATING RESIN ( DBN519S),G,FPSA,A,0,244.2
7/3/2026,TA0101,1201400006,INSULATING RESIN ( DBN519S),G,FPSA,C,0,232.19
7/4/2026,TA0101,1201400006,INSULATING RESIN ( DBN519S),G,FPSA,C,0,217.93
7/5/2026,TA0101,1201400006,INSULATING RESIN ( DBN519S),G,FPSA,C,0,197.47
7/6/2026,TA0101,1201400006,INSULATING RESIN ( DBN519S),G,FPSA,C,0,177.6
7/7/2026,TA0101,1201400006,INSULATING RESIN ( DBN519S),G,FPSA,B,0,164.15
7/8/2026,TA0101,1201400006,INSULATING RESIN ( DBN519S),G,FPSA,B,0,143.68
7/9/2026,TA0101,1201400006,INSULATING RESIN ( DBN519S),G,FPSA,B,100,225.16
7/10/2026,TA0101,1201400006,INSULATING RESIN ( DBN519S),G,FPSA,B,0,205.65
7/11/2026,TA0101,1201400006,INSULATING RESIN ( DBN519S),G,FPSA,A,0,186.53
7/12/2026,TA0101,1201400006,INSULATING RESIN ( DBN519S),G,FPSA,A,0,168.15
7/13/2026,TA0101,1201400006,INSULATING RESIN ( DBN519S),G,FPSA,A,0,151.8
7/14/2026,TA0101,1201400006,INSULATING RESIN ( DBN519S),G,FPSA,A,100,237.78
7/15/2026,TA0101,1201400006,INSULATING RESIN ( DBN519S),G,FPSA,C,0,222.22
7/16/2026,TA0101,1201400006,INSULATING RESIN ( DBN519S),G,FPSA,C,0,209.09
7/17/2026,TA0101,1201400006,INSULATING RESIN ( DBN519S),G,FPSA,C,100,291.32
7/18/2026,TA0101,1201400006,INSULATING RESIN ( DBN519S),G,FPSA,C,0,274.07
7/19/2026,TA0101,1201400006,INSULATING RESIN ( DBN519S),G,FPSA,B,0,252.79
7/20/2026,TA0101,1201400006,INSULATING RESIN ( DBN519S),G,FPSA,B,0,233.38
7/21/2026,TA0101,1201400006,INSULATING RESIN ( DBN519S),G,FPSA,B,0,213.4
6/30/2026,TA0102,1201400010,ION TRAP- IXE-700F,G,GPS,A,0,0
7/1/2026,TA0102,1201400010,ION TRAP- IXE-700F,G,GPS,A,0,0
7/2/2026,TA0102,1201400010,ION TRAP- IXE-700F,G,GPS,A,0,0
7/7/2026,TA0102,1201400010,ION TRAP- IXE-700F,G,GPS,B,0,0
7/8/2026,TA0102,1201400010,ION TRAP- IXE-700F,G,GPS,B,0,0
7/9/2026,TA0102,1201400010,ION TRAP- IXE-700F,G,GPS,B,0,0
7/10/2026,TA0102,1201400010,ION TRAP- IXE-700F,G,GPS,B,0,0
7/11/2026,TA0102,1201400010,ION TRAP- IXE-700F,G,GPS,A,0,0
7/12/2026,TA0102,1201400010,ION TRAP- IXE-700F,G,GPS,A,0,0
7/13/2026,TA0102,1201400010,ION TRAP- IXE-700F,G,GPS,A,0,0
7/14/2026,TA0102,1201400010,ION TRAP- IXE-700F,G,GPS,A,0,0
7/19/2026,TA0102,1201400010,ION TRAP- IXE-700F,G,GPS,B,0,0
7/20/2026,TA0102,1201400010,ION TRAP- IXE-700F,G,GPS,B,0,0
7/21/2026,TA0102,1201400010,ION TRAP- IXE-700F,G,GPS,B,0,0
6/30/2026,TA0103,1401990096,JK WIPER 150S,PC,GPS,A,0,6
7/1/2026,TA0103,1401990096,JK WIPER 150S,PC,GPS,A,0,6
7/2/2026,TA0103,1401990096,JK WIPER 150S,PC,GPS,A,0,6
7/3/2026,TA0103,1401990096,JK WIPER 150S,PC,GPS,C,0,5
7/4/2026,TA0103,1401990096,JK WIPER 150S,PC,GPS,C,0,5
7/5/2026,TA0103,1401990096,JK WIPER 150S,PC,GPS,C,0,5
7/6/2026,TA0103,1401990096,JK WIPER 150S,PC,GPS,C,36,40
7/7/2026,TA0103,1401990096,JK WIPER 150S,PC,GPS,B,0,39
7/8/2026,TA0103,1401990096,JK WIPER 150S,PC,GPS,B,0,39
7/9/2026,TA0103,1401990096,JK WIPER 150S,PC,GPS,B,0,38
7/10/2026,TA0103,1401990096,JK WIPER 150S,PC,GPS,B,0,37
7/11/2026,TA0103,1401990096,JK WIPER 150S,PC,GPS,A,0,37
7/12/2026,TA0103,1401990096,JK WIPER 150S,PC,GPS,A,0,36
7/13/2026,TA0103,1401990096,JK WIPER 150S,PC,GPS,A,0,36
7/14/2026,TA0103,1401990096,JK WIPER 150S,PC,GPS,A,0,36
7/15/2026,TA0103,1401990096,JK WIPER 150S,PC,GPS,C,0,36
7/16/2026,TA0103,1401990096,JK WIPER 150S,PC,GPS,C,0,35
7/17/2026,TA0103,1401990096,JK WIPER 150S,PC,GPS,C,0,34
7/18/2026,TA0103,1401990096,JK WIPER 150S,PC,GPS,C,0,34
7/19/2026,TA0103,1401990096,JK WIPER 150S,PC,GPS,B,0,34
7/20/2026,TA0103,1401990096,JK WIPER 150S,PC,GPS,B,0,34
7/21/2026,TA0103,1401990096,JK WIPER 150S,PC,GPS,B,0,33
6/30/2026,TA0104,1201201002,KBM 403,LITER,ANODIZE,A,0,4713
7/1/2026,TA0104,1201201002,KBM 403,LITER,ANODIZE,A,18000,21579
7/2/2026,TA0104,1201201002,KBM 403,LITER,ANODIZE,A,0,20049
7/3/2026,TA0104,1201201002,KBM 403,LITER,ANODIZE,C,0,18675
7/4/2026,TA0104,1201201002,KBM 403,LITER,ANODIZE,C,0,17301
7/5/2026,TA0104,1201201002,KBM 403,LITER,ANODIZE,C,0,13180
7/6/2026,TA0104,1201201002,KBM 403,LITER,ANODIZE,C,0,10912
7/7/2026,TA0104,1201201002,KBM 403,LITER,ANODIZE,B,0,9440
7/8/2026,TA0104,1201201002,KBM 403,LITER,ANODIZE,B,0,8306
7/9/2026,TA0104,1201201002,KBM 403,LITER,ANODIZE,B,18000,24974
7/10/2026,TA0104,1201201002,KBM 403,LITER,ANODIZE,B,0,23840
7/11/2026,TA0104,1201201002,KBM 403,LITER,ANODIZE,A,0,22336
7/12/2026,TA0104,1201201002,KBM 403,LITER,ANODIZE,A,0,21345
7/13/2026,TA0104,1201201002,KBM 403,LITER,ANODIZE,A,0,19651
7/14/2026,TA0104,1201201002,KBM 403,LITER,ANODIZE,A,0,18000
7/15/2026,TA0104,1201201002,KBM 403,LITER,ANODIZE,C,0,16866
7/16/2026,TA0104,1201201002,KBM 403,LITER,ANODIZE,C,0,15732
7/17/2026,TA0104,1201201002,KBM 403,LITER,ANODIZE,C,0,14598
7/18/2026,TA0104,1201201002,KBM 403,LITER,ANODIZE,C,0,13464
7/19/2026,TA0104,1201201002,KBM 403,LITER,ANODIZE,B,0,12330
7/20/2026,TA0104,1201201002,KBM 403,LITER,ANODIZE,B,0,10636
7/21/2026,TA0104,1201201002,KBM 403,LITER,ANODIZE,B,18000,27304
6/30/2026,TA0105,1401990098,MASK -3M,PC,POLYMER,A,240,700
7/1/2026,TA0105,1401990098,MASK -3M,PC,POLYMER,A,120,730
7/2/2026,TA0105,1401990098,MASK -3M,PC,POLYMER,A,190,850
7/3/2026,TA0105,1401990098,MASK -3M,PC,POLYMER,C,240,1020
7/4/2026,TA0105,1401990098,MASK -3M,PC,POLYMER,C,0,950
7/5/2026,TA0105,1401990098,MASK -3M,PC,POLYMER,C,0,950
7/6/2026,TA0105,1401990098,MASK -3M,PC,POLYMER,C,240,1050
7/7/2026,TA0105,1401990098,MASK -3M,PC,POLYMER,B,0,900
7/8/2026,TA0105,1401990098,MASK -3M,PC,POLYMER,B,0,760
7/9/2026,TA0105,1401990098,MASK -3M,PC,POLYMER,B,120,740
7/10/2026,TA0105,1401990098,MASK -3M,PC,POLYMER,B,120,718
7/11/2026,TA0105,1401990098,MASK -3M,PC,POLYMER,A,0,680
7/12/2026,TA0105,1401990098,MASK -3M,PC,POLYMER,A,0,670
7/13/2026,TA0105,1401990098,MASK -3M,PC,POLYMER,A,120,700
7/14/2026,TA0105,1401990098,MASK -3M,PC,POLYMER,A,120,760
7/15/2026,TA0105,1401990098,MASK -3M,PC,POLYMER,C,120,810
7/16/2026,TA0105,1401990098,MASK -3M,PC,POLYMER,C,240,970
7/17/2026,TA0105,1401990098,MASK -3M,PC,POLYMER,C,120,1010
7/18/2026,TA0105,1401990098,MASK -3M,PC,POLYMER,C,0,1010
7/19/2026,TA0105,1401990098,MASK -3M,PC,POLYMER,C,0,910
7/20/2026,TA0105,1401990098,MASK -3M,PC,POLYMER,B,0,750
7/21/2026,TA0105,1401990098,MASK -3M,PC,POLYMER,B,0,600
6/30/2026,TA0106,1201201001,METHANOL 99.8,LITER,ANODIZE,A,32,44.7
7/1/2026,TA0106,1201201001,METHANOL 99.8,LITER,ANODIZE,A,32,54.3
7/2/2026,TA0106,1201201001,METHANOL 99.8,LITER,ANODIZE,A,32,63.9
7/3/2026,TA0106,1201201001,METHANOL 99.8,LITER,ANODIZE,C,32,70.7
7/4/2026,TA0106,1201201001,METHANOL 99.8,LITER,ANODIZE,C,0,48.3
7/5/2026,TA0106,1201201001,METHANOL 99.8,LITER,ANODIZE,C,0,25.9
7/6/2026,TA0106,1201201001,METHANOL 99.8,LITER,ANODIZE,C,16,9.5
7/7/2026,TA0106,1201201001,METHANOL 99.8,LITER,ANODIZE,B,80,58
7/8/2026,TA0106,1201201001,METHANOL 99.8,LITER,ANODIZE,B,32,67.6
7/9/2026,TA0106,1201201001,METHANOL 99.8,LITER,ANODIZE,B,32,77.2
7/10/2026,TA0106,1201201001,METHANOL 99.8,LITER,ANODIZE,B,32,86.8
7/11/2026,TA0106,1201201001,METHANOL 99.8,LITER,ANODIZE,A,0,64.4
7/12/2026,TA0106,1201201001,METHANOL 99.8,LITER,ANODIZE,A,0,42
7/13/2026,TA0106,1201201001,METHANOL 99.8,LITER,ANODIZE,A,16,30
7/14/2026,TA0106,1201201001,METHANOL 99.8,LITER,ANODIZE,A,64,71.6
7/15/2026,TA0106,1201201001,METHANOL 99.8,LITER,ANODIZE,C,32,81.2
7/16/2026,TA0106,1201201001,METHANOL 99.8,LITER,ANODIZE,C,32,90.8
7/17/2026,TA0106,1201201001,METHANOL 99.8,LITER,ANODIZE,C,32,100.4
7/18/2026,TA0106,1201201001,METHANOL 99.8,LITER,ANODIZE,C,0,78
7/19/2026,TA0106,1201201001,METHANOL 99.8,LITER,ANODIZE,B,0,55.6
7/20/2026,TA0106,1201201001,METHANOL 99.8,LITER,ANODIZE,B,16,43.6
7/21/2026,TA0106,1201201001,METHANOL 99.8,LITER,ANODIZE,B,32,53.2
6/30/2026,TA0107,1201500041,METHYL ISOBUTYL KETONE,LITER,PSLB,A,0,0
7/1/2026,TA0107,1201500041,METHYL ISOBUTYL KETONE,LITER,PSLB,A,20,10
7/2/2026,TA0107,1201500041,METHYL ISOBUTYL KETONE,LITER,PSLB,A,40,30
7/3/2026,TA0107,1201500041,METHYL ISOBUTYL KETONE,LITER,PSLB,C,30,40
7/4/2026,TA0107,1201500041,METHYL ISOBUTYL KETONE,LITER,PSLB,C,0,30
7/5/2026,TA0107,1201500041,METHYL ISOBUTYL KETONE,LITER,PSLB,C,0,20
7/6/2026,TA0107,1201500041,METHYL ISOBUTYL KETONE,LITER,PSLB,C,20,20
7/7/2026,TA0107,1201500041,METHYL ISOBUTYL KETONE,LITER,PSLB,B,20,20
7/8/2026,TA0107,1201500041,METHYL ISOBUTYL KETONE,LITER,PSLB,B,20,30
7/9/2026,TA0107,1201500041,METHYL ISOBUTYL KETONE,LITER,PSLB,B,30,40
7/10/2026,TA0107,1201500041,METHYL ISOBUTYL KETONE,LITER,PSLB,B,30,50
7/11/2026,TA0107,1201500041,METHYL ISOBUTYL KETONE,LITER,PSLB,A,0,40
7/12/2026,TA0107,1201500041,METHYL ISOBUTYL KETONE,LITER,PSLB,A,0,30
7/13/2026,TA0107,1201500041,METHYL ISOBUTYL KETONE,LITER,PSLB,A,20,30
7/14/2026,TA0107,1201500041,METHYL ISOBUTYL KETONE,LITER,PSLB,A,20,40
7/15/2026,TA0107,1201500041,METHYL ISOBUTYL KETONE,LITER,PSLB,C,20,40
7/16/2026,TA0107,1201500041,METHYL ISOBUTYL KETONE,LITER,PSLB,C,30,60
7/17/2026,TA0107,1201500041,METHYL ISOBUTYL KETONE,LITER,PSLB,C,30,80
7/18/2026,TA0107,1201500041,METHYL ISOBUTYL KETONE,LITER,PSLB,C,0,60
7/21/2026,TA0107,1201500041,METHYL ISOBUTYL KETONE,LITER,PSLB,B,20,60
6/30/2026,TA0108,1201500042,MOLDING LINER NE83G,PC,FPSB,A,100,226
7/1/2026,TA0108,1201500042,MOLDING LINER NE83G,PC,FPSB,A,100,292
7/2/2026,TA0108,1201500042,MOLDING LINER NE83G,PC,FPSB,A,100,326
7/3/2026,TA0108,1201500042,MOLDING LINER NE83G,PC,FPSB,C,200,456
7/4/2026,TA0108,1201500042,MOLDING LINER NE83G,PC,FPSB,C,0,390
7/5/2026,TA0108,1201500042,MOLDING LINER NE83G,PC,FPSB,C,0,324
7/6/2026,TA0108,1201500042,MOLDING LINER NE83G,PC,FPSB,C,200,452
7/7/2026,TA0108,1201500042,MOLDING LINER NE83G,PC,FPSB,B,0,358
7/8/2026,TA0108,1201500042,MOLDING LINER NE83G,PC,FPSB,B,0,244
7/9/2026,TA0108,1201500042,MOLDING LINER NE83G,PC,FPSB,B,300,470
7/10/2026,TA0108,1201500042,MOLDING LINER NE83G,PC,FPSB,B,0,386
7/11/2026,TA0108,1201500042,MOLDING LINER NE83G,PC,FPSB,A,0,290
7/12/2026,TA0108,1201500042,MOLDING LINER NE83G,PC,FPSB,A,0,218
7/13/2026,TA0108,1201500042,MOLDING LINER NE83G,PC,FPSB,A,300,444
7/14/2026,TA0108,1201500042,MOLDING LINER NE83G,PC,FPSB,A,0,376
7/15/2026,TA0108,1201500042,MOLDING LINER NE83G,PC,FPSB,C,200,502
7/16/2026,TA0108,1201500042,MOLDING LINER NE83G,PC,FPSB,C,0,438
7/17/2026,TA0108,1201500042,MOLDING LINER NE83G,PC,FPSB,C,200,528
7/18/2026,TA0108,1201500042,MOLDING LINER NE83G,PC,FPSB,C,0,452
7/19/2026,TA0108,1201500042,MOLDING LINER NE83G,PC,FPSB,B,0,346
7/20/2026,TA0108,1201500042,MOLDING LINER NE83G,PC,FPSB,B,0,272
7/21/2026,TA0108,1201500042,MOLDING LINER NE83G,PC,FPSB,B,200,402
6/30/2026,TA0109,1405100009,MR-200,KG,PRESSING,A,0,30
7/1/2026,TA0109,1405100009,MR-200,KG,PRESSING,A,0,30
7/2/2026,TA0109,1405100009,MR-200,KG,PRESSING,A,0,30
7/3/2026,TA0109,1405100009,MR-200,KG,PRESSING,C,0,30
7/4/2026,TA0109,1405100009,MR-200,KG,PRESSING,C,0,30
7/5/2026,TA0109,1405100009,MR-200,KG,PRESSING,C,0,30
7/6/2026,TA0109,1405100009,MR-200,KG,PRESSING,C,20,20
7/7/2026,TA0109,1405100009,MR-200,KG,PRESSING,B,0,20
7/8/2026,TA0109,1405100009,MR-200,KG,PRESSING,B,0,20
7/9/2026,TA0109,1405100009,MR-200,KG,PRESSING,B,0,20
7/10/2026,TA0109,1405100009,MR-200,KG,PRESSING,B,0,20
7/11/2026,TA0109,1405100009,MR-200,KG,PRESSING,A,0,20
7/12/2026,TA0109,1405100009,MR-200,KG,PRESSING,A,0,20
7/13/2026,TA0109,1405100009,MR-200,KG,PRESSING,A,0,20
7/14/2026,TA0109,1405100009,MR-200,KG,PRESSING,A,0,20
7/15/2026,TA0109,1405100009,MR-200,KG,PRESSING,C,0,20
7/16/2026,TA0109,1405100009,MR-200,KG,PRESSING,C,0,20
7/17/2026,TA0109,1405100009,MR-200,KG,PRESSING,C,0,20
7/18/2026,TA0109,1405100009,MR-200,KG,PRESSING,C,0,20
7/19/2026,TA0109,1405100009,MR-200,KG,PRESSING,B,0,20
7/20/2026,TA0109,1405100009,MR-200,KG,PRESSING,B,0,20
7/21/2026,TA0109,1405100009,MR-200,KG,PRESSING,B,0,20
6/30/2026,TA0111,1401400024,NEEDLE MN-22G-13(I),PC,PSLB,A,0,390
7/1/2026,TA0111,1401400024,NEEDLE MN-22G-13(I),PC,PSLB,A,0,316
7/2/2026,TA0111,1401400024,NEEDLE MN-22G-13(I),PC,PSLB,A,360,603
7/3/2026,TA0111,1401400024,NEEDLE MN-22G-13(I),PC,PSLB,C,0,525
7/4/2026,TA0111,1401400024,NEEDLE MN-22G-13(I),PC,PSLB,C,0,450
7/5/2026,TA0111,1401400024,NEEDLE MN-22G-13(I),PC,PSLB,C,0,376
7/6/2026,TA0111,1401400024,NEEDLE MN-22G-13(I),PC,PSLB,C,0,297
7/7/2026,TA0111,1401400024,NEEDLE MN-22G-13(I),PC,PSLB,B,0,222
7/8/2026,TA0111,1401400024,NEEDLE MN-22G-13(I),PC,PSLB,B,360,509
7/9/2026,TA0111,1401400024,NEEDLE MN-22G-13(I),PC,PSLB,B,0,426
7/10/2026,TA0111,1401400024,NEEDLE MN-22G-13(I),PC,PSLB,B,0,345
7/11/2026,TA0111,1401400024,NEEDLE MN-22G-13(I),PC,PSLB,A,0,273
7/12/2026,TA0111,1401400024,NEEDLE MN-22G-13(I),PC,PSLB,A,0,190
7/13/2026,TA0111,1401400024,NEEDLE MN-22G-13(I),PC,PSLB,A,0,117
7/14/2026,TA0111,1401400024,NEEDLE MN-22G-13(I),PC,PSLB,A,240,278
7/15/2026,TA0111,1401400024,NEEDLE MN-22G-13(I),PC,PSLB,C,0,193
7/16/2026,TA0111,1401400024,NEEDLE MN-22G-13(I),PC,PSLB,C,240,351
7/17/2026,TA0111,1401400024,NEEDLE MN-22G-13(I),PC,PSLB,C,0,279
7/18/2026,TA0111,1401400024,NEEDLE MN-22G-13(I),PC,PSLB,C,0,192
7/21/2026,TA0111,1401400024,NEEDLE MN-22G-13(I),PC,PSLB,B,240,192
6/30/2026,TA0112,1401400009,NEEDLE MN-25G-13 (I),PC,GPS,A,120,186
7/1/2026,TA0112,1401400009,NEEDLE MN-25G-13 (I),PC,GPS,A,0,181
7/2/2026,TA0112,1401400009,NEEDLE MN-25G-13 (I),PC,GPS,A,0,177
7/3/2026,TA0112,1401400009,NEEDLE MN-25G-13 (I),PC,GPS,C,0,168
7/4/2026,TA0112,1401400009,NEEDLE MN-25G-13 (I),PC,GPS,C,0,168
7/5/2026,TA0112,1401400009,NEEDLE MN-25G-13 (I),PC,GPS,C,0,165
7/6/2026,TA0112,1401400009,NEEDLE MN-25G-13 (I),PC,GPS,C,0,159
7/7/2026,TA0112,1401400009,NEEDLE MN-25G-13 (I),PC,GPS,B,0,155
7/8/2026,TA0112,1401400009,NEEDLE MN-25G-13 (I),PC,GPS,B,120,266
7/9/2026,TA0112,1401400009,NEEDLE MN-25G-13 (I),PC,GPS,B,0,263
7/10/2026,TA0112,1401400009,NEEDLE MN-25G-13 (I),PC,GPS,B,0,258
7/11/2026,TA0112,1401400009,NEEDLE MN-25G-13 (I),PC,GPS,A,0,250
7/12/2026,TA0112,1401400009,NEEDLE MN-25G-13 (I),PC,GPS,A,0,243
7/13/2026,TA0112,1401400009,NEEDLE MN-25G-13 (I),PC,GPS,A,0,243
7/14/2026,TA0112,1401400009,NEEDLE MN-25G-13 (I),PC,GPS,A,0,234
7/15/2026,TA0112,1401400009,NEEDLE MN-25G-13 (I),PC,GPS,C,0,228
7/16/2026,TA0112,1401400009,NEEDLE MN-25G-13 (I),PC,GPS,C,0,224
7/17/2026,TA0112,1401400009,NEEDLE MN-25G-13 (I),PC,GPS,C,0,217
7/18/2026,TA0112,1401400009,NEEDLE MN-25G-13 (I),PC,GPS,C,0,210
7/19/2026,TA0112,1401400009,NEEDLE MN-25G-13 (I),PC,GPS,B,0,206
7/20/2026,TA0112,1401400009,NEEDLE MN-25G-13 (I),PC,GPS,B,0,201
7/21/2026,TA0112,1401400009,NEEDLE MN-25G-13 (I),PC,GPS,B,0,195
6/30/2026,TA0113,1401400009,NEEDLE MN-25G-13 (I),PC,PSLA,A,0,146
7/1/2026,TA0113,1401400009,NEEDLE MN-25G-13 (I),PC,PSLA,C,0,137
7/2/2026,TA0113,1401400009,NEEDLE MN-25G-13 (I),PC,PSLA,A,0,127
7/3/2026,TA0113,1401400009,NEEDLE MN-25G-13 (I),PC,PSLA,C,0,120
7/4/2026,TA0113,1401400009,NEEDLE MN-25G-13 (I),PC,PSLA,C,0,109
7/5/2026,TA0113,1401400009,NEEDLE MN-25G-13 (I),PC,PSLA,C,0,100
7/6/2026,TA0113,1401400009,NEEDLE MN-25G-13 (I),PC,PSLA,C,0,87
7/7/2026,TA0113,1401400009,NEEDLE MN-25G-13 (I),PC,PSLA,B,0,78
7/8/2026,TA0113,1401400009,NEEDLE MN-25G-13 (I),PC,PSLA,B,120,190
7/9/2026,TA0113,1401400009,NEEDLE MN-25G-13 (I),PC,PSLA,B,0,181
7/10/2026,TA0113,1401400009,NEEDLE MN-25G-13 (I),PC,PSLA,B,0,173
7/11/2026,TA0113,1401400009,NEEDLE MN-25G-13 (I),PC,PSLA,A,0,161
7/12/2026,TA0113,1401400009,NEEDLE MN-25G-13 (I),PC,PSLA,A,0,152
7/13/2026,TA0113,1401400009,NEEDLE MN-25G-13 (I),PC,PSLA,A,0,144
7/14/2026,TA0113,1401400009,NEEDLE MN-25G-13 (I),PC,PSLA,A,0,135
7/15/2026,TA0113,1401400009,NEEDLE MN-25G-13 (I),PC,PSLA,C,120,248
7/16/2026,TA0113,1401400009,NEEDLE MN-25G-13 (I),PC,PSLA,C,0,237
7/17/2026,TA0113,1401400009,NEEDLE MN-25G-13 (I),PC,PSLA,C,0,225
7/18/2026,TA0113,1401400009,NEEDLE MN-25G-13 (I),PC,PSLA,C,0,214
7/19/2026,TA0113,1401400009,NEEDLE MN-25G-13 (I),PC,PSLA,B,0,206
7/20/2026,TA0113,1401400009,NEEDLE MN-25G-13 (I),PC,PSLA,B,0,199
7/21/2026,TA0113,1401400009,NEEDLE MN-25G-13 (I),PC,PSLA,B,0,188
6/30/2026,TA0114,1401400017,NEEDLE MN-27G (I) FOR  WELDING,PC,FPSA,A,0,114
7/1/2026,TA0114,1401400017,NEEDLE MN-27G (I) FOR  WELDING,PC,FPSA,A,120,204
7/2/2026,TA0114,1401400017,NEEDLE MN-27G (I) FOR  WELDING,PC,FPSA,A,0,168
7/3/2026,TA0114,1401400017,NEEDLE MN-27G (I) FOR  WELDING,PC,FPSA,C,120,239
7/4/2026,TA0114,1401400017,NEEDLE MN-27G (I) FOR  WELDING,PC,FPSA,C,0,185
7/5/2026,TA0114,1401400017,NEEDLE MN-27G (I) FOR  WELDING,PC,FPSA,C,0,146
7/6/2026,TA0114,1401400017,NEEDLE MN-27G (I) FOR  WELDING,PC,FPSA,C,0,105
7/7/2026,TA0114,1401400017,NEEDLE MN-27G (I) FOR  WELDING,PC,FPSA,B,120,186
7/8/2026,TA0114,1401400017,NEEDLE MN-27G (I) FOR  WELDING,PC,FPSA,B,0,148
7/9/2026,TA0114,1401400017,NEEDLE MN-27G (I) FOR  WELDING,PC,FPSA,B,120,203
7/10/2026,TA0114,1401400017,NEEDLE MN-27G (I) FOR  WELDING,PC,FPSA,B,0,161
7/11/2026,TA0114,1401400017,NEEDLE MN-27G (I) FOR  WELDING,PC,FPSA,A,0,135
7/12/2026,TA0114,1401400017,NEEDLE MN-27G (I) FOR  WELDING,PC,FPSA,A,0,96
7/13/2026,TA0114,1401400017,NEEDLE MN-27G (I) FOR  WELDING,PC,FPSA,A,120,179
7/14/2026,TA0114,1401400017,NEEDLE MN-27G (I) FOR  WELDING,PC,FPSA,A,0,139
7/15/2026,TA0114,1401400017,NEEDLE MN-27G (I) FOR  WELDING,PC,FPSA,C,120,213
7/16/2026,TA0114,1401400017,NEEDLE MN-27G (I) FOR  WELDING,PC,FPSA,C,0,165
7/17/2026,TA0114,1401400017,NEEDLE MN-27G (I) FOR  WELDING,PC,FPSA,C,0,231
7/18/2026,TA0114,1401400017,NEEDLE MN-27G (I) FOR  WELDING,PC,FPSA,C,0,190
7/19/2026,TA0114,1401400017,NEEDLE MN-27G (I) FOR  WELDING,PC,FPSA,B,0,147
7/20/2026,TA0114,1401400017,NEEDLE MN-27G (I) FOR  WELDING,PC,FPSA,B,0,102
7/21/2026,TA0114,1401400017,NEEDLE MN-27G (I) FOR  WELDING,PC,FPSA,B,120,182
6/30/2026,TA0115,1401400007,NEEDLE NM-22G-13*(2HD),PC,PSLB,A,1000,1919
7/1/2026,TA0115,1401400007,NEEDLE NM-22G-13*(2HD),PC,PSLB,A,0,1775
7/2/2026,TA0115,1401400007,NEEDLE NM-22G-13*(2HD),PC,PSLB,A,0,1623
7/3/2026,TA0115,1401400007,NEEDLE NM-22G-13*(2HD),PC,PSLB,C,0,1473
7/4/2026,TA0115,1401400007,NEEDLE NM-22G-13*(2HD),PC,PSLB,C,0,1335
7/5/2026,TA0115,1401400007,NEEDLE NM-22G-13*(2HD),PC,PSLB,C,0,1191
7/6/2026,TA0115,1401400007,NEEDLE NM-22G-13*(2HD),PC,PSLB,C,0,1047
7/7/2026,TA0115,1401400007,NEEDLE NM-22G-13*(2HD),PC,PSLB,B,0,903
7/8/2026,TA0115,1401400007,NEEDLE NM-22G-13*(2HD),PC,PSLB,B,1000,1759
7/9/2026,TA0115,1401400007,NEEDLE NM-22G-13*(2HD),PC,PSLB,B,0,1615
7/10/2026,TA0115,1401400007,NEEDLE NM-22G-13*(2HD),PC,PSLB,B,0,1471
7/11/2026,TA0115,1401400007,NEEDLE NM-22G-13*(2HD),PC,PSLB,A,0,1327
7/12/2026,TA0115,1401400007,NEEDLE NM-22G-13*(2HD),PC,PSLB,A,0,1183
7/13/2026,TA0115,1401400007,NEEDLE NM-22G-13*(2HD),PC,PSLB,A,0,1039
7/14/2026,TA0115,1401400007,NEEDLE NM-22G-13*(2HD),PC,PSLB,A,1000,1895
7/15/2026,TA0115,1401400007,NEEDLE NM-22G-13*(2HD),PC,PSLB,C,0,1745
7/16/2026,TA0115,1401400007,NEEDLE NM-22G-13*(2HD),PC,PSLB,C,0,1601
7/17/2026,TA0115,1401400007,NEEDLE NM-22G-13*(2HD),PC,PSLB,C,0,1457
7/18/2026,TA0115,1401400007,NEEDLE NM-22G-13*(2HD),PC,PSLB,C,0,1313
7/21/2026,TA0115,1401400007,NEEDLE NM-22G-13*(2HD),PC,PSLB,B,0,1875
6/30/2026,TA0116,1401990095,NON-WOVEN  ROLL TS507,PC,GPS,A,0,12
7/1/2026,TA0116,1401990095,NON-WOVEN  ROLL TS507,PC,GPS,A,0,12
7/2/2026,TA0116,1401990095,NON-WOVEN  ROLL TS507,PC,GPS,A,0,12
7/3/2026,TA0116,1401990095,NON-WOVEN  ROLL TS507,PC,GPS,C,0,12
7/4/2026,TA0116,1401990095,NON-WOVEN  ROLL TS507,PC,GPS,C,0,12
7/5/2026,TA0116,1401990095,NON-WOVEN  ROLL TS507,PC,GPS,C,0,11
7/6/2026,TA0116,1401990095,NON-WOVEN  ROLL TS507,PC,GPS,C,0,10
7/7/2026,TA0116,1401990095,NON-WOVEN  ROLL TS507,PC,GPS,B,0,10
7/8/2026,TA0116,1401990095,NON-WOVEN  ROLL TS507,PC,GPS,B,0,10
7/9/2026,TA0116,1401990095,NON-WOVEN  ROLL TS507,PC,GPS,B,0,10
7/10/2026,TA0116,1401990095,NON-WOVEN  ROLL TS507,PC,GPS,B,0,10
7/11/2026,TA0116,1401990095,NON-WOVEN  ROLL TS507,PC,GPS,A,0,9
7/12/2026,TA0116,1401990095,NON-WOVEN  ROLL TS507,PC,GPS,A,0,9
7/13/2026,TA0116,1401990095,NON-WOVEN  ROLL TS507,PC,GPS,A,0,9
7/14/2026,TA0116,1401990095,NON-WOVEN  ROLL TS507,PC,GPS,A,0,9
7/15/2026,TA0116,1401990095,NON-WOVEN  ROLL TS507,PC,GPS,C,0,8
7/16/2026,TA0116,1401990095,NON-WOVEN  ROLL TS507,PC,GPS,C,0,8
7/17/2026,TA0116,1401990095,NON-WOVEN  ROLL TS507,PC,GPS,C,0,8
7/18/2026,TA0116,1401990095,NON-WOVEN  ROLL TS507,PC,GPS,C,0,8
7/19/2026,TA0116,1401990095,NON-WOVEN  ROLL TS507,PC,GPS,B,0,7
7/20/2026,TA0116,1401990095,NON-WOVEN  ROLL TS507,PC,GPS,B,0,7
7/21/2026,TA0116,1401990095,NON-WOVEN  ROLL TS507,PC,GPS,B,0,7
6/30/2026,TA0117,1201400009,OHM COAT ,G,GPS,A,0,0
7/1/2026,TA0117,1201400009,OHM COAT ,G,GPS,A,0,0
7/2/2026,TA0117,1201400009,OHM COAT ,G,GPS,A,0,0
7/7/2026,TA0117,1201400009,OHM COAT ,G,GPS,B,0,0
7/8/2026,TA0117,1201400009,OHM COAT ,G,GPS,B,0,0
7/9/2026,TA0117,1201400009,OHM COAT ,G,GPS,B,0,0
7/10/2026,TA0117,1201400009,OHM COAT ,G,GPS,B,0,0
7/11/2026,TA0117,1201400009,OHM COAT ,G,GPS,A,0,0
7/12/2026,TA0117,1201400009,OHM COAT ,G,GPS,A,0,0
7/13/2026,TA0117,1201400009,OHM COAT ,G,GPS,A,0,0
7/14/2026,TA0117,1201400009,OHM COAT ,G,GPS,A,0,0
7/19/2026,TA0117,1201400009,OHM COAT ,G,GPS,B,0,0
7/20/2026,TA0117,1201400009,OHM COAT ,G,GPS,B,0,0
7/21/2026,TA0117,1201400009,OHM COAT ,G,GPS,B,0,0
6/30/2026,TA0118,1201220010,OLFINE,LITER,POLYMER,A,0,16.9
7/1/2026,TA0118,1201220010,OLFINE,LITER,POLYMER,A,0,16.5
7/2/2026,TA0118,1201220010,OLFINE,LITER,POLYMER,A,0,16.5
7/3/2026,TA0118,1201220010,OLFINE,LITER,POLYMER,C,0,16
7/4/2026,TA0118,1201220010,OLFINE,LITER,POLYMER,C,0,15.5
7/5/2026,TA0118,1201220010,OLFINE,LITER,POLYMER,C,0,15.5
7/6/2026,TA0118,1201220010,OLFINE,LITER,POLYMER,C,0,14.5
7/7/2026,TA0118,1201220010,OLFINE,LITER,POLYMER,B,0,14.5
7/8/2026,TA0118,1201220010,OLFINE,LITER,POLYMER,B,0,13.5
7/9/2026,TA0118,1201220010,OLFINE,LITER,POLYMER,B,0,12.5
7/10/2026,TA0118,1201220010,OLFINE,LITER,POLYMER,B,0,12.5
7/11/2026,TA0118,1201220010,OLFINE,LITER,POLYMER,A,0,12.5
7/12/2026,TA0118,1201220010,OLFINE,LITER,POLYMER,A,0,11.5
7/13/2026,TA0118,1201220010,OLFINE,LITER,POLYMER,A,0,10.5
7/14/2026,TA0118,1201220010,OLFINE,LITER,POLYMER,A,0,9.7
7/15/2026,TA0118,1201220010,OLFINE,LITER,POLYMER,C,0,9.5
7/16/2026,TA0118,1201220010,OLFINE,LITER,POLYMER,C,0,9.5
7/17/2026,TA0118,1201220010,OLFINE,LITER,POLYMER,C,0,8.5
7/18/2026,TA0118,1201220010,OLFINE,LITER,POLYMER,C,0,8.5
7/19/2026,TA0118,1201220010,OLFINE,LITER,POLYMER,C,0,7.5
7/20/2026,TA0118,1201220010,OLFINE,LITER,POLYMER,B,0,6.5
7/21/2026,TA0118,1201220010,OLFINE,LITER,POLYMER,B,15,21
6/30/2026,TA0119,1401990015,PALM FIT GLOVE (L),PC,POLYMER,A,40,240
7/1/2026,TA0119,1401990015,PALM FIT GLOVE (L),PC,POLYMER,A,0,230
7/2/2026,TA0119,1401990015,PALM FIT GLOVE (L),PC,POLYMER,A,0,230
7/3/2026,TA0119,1401990015,PALM FIT GLOVE (L),PC,POLYMER,C,0,210
7/4/2026,TA0119,1401990015,PALM FIT GLOVE (L),PC,POLYMER,C,0,210
7/5/2026,TA0119,1401990015,PALM FIT GLOVE (L),PC,POLYMER,C,0,200
7/6/2026,TA0119,1401990015,PALM FIT GLOVE (L),PC,POLYMER,C,0,200
7/7/2026,TA0119,1401990015,PALM FIT GLOVE (L),PC,POLYMER,B,0,200
7/8/2026,TA0119,1401990015,PALM FIT GLOVE (L),PC,POLYMER,B,0,200
7/9/2026,TA0119,1401990015,PALM FIT GLOVE (L),PC,POLYMER,B,0,178
7/10/2026,TA0119,1401990015,PALM FIT GLOVE (L),PC,POLYMER,B,0,178
7/11/2026,TA0119,1401990015,PALM FIT GLOVE (L),PC,POLYMER,A,0,170
7/12/2026,TA0119,1401990015,PALM FIT GLOVE (L),PC,POLYMER,A,0,160
7/13/2026,TA0119,1401990015,PALM FIT GLOVE (L),PC,POLYMER,A,0,154
7/14/2026,TA0119,1401990015,PALM FIT GLOVE (L),PC,POLYMER,A,0,150
7/15/2026,TA0119,1401990015,PALM FIT GLOVE (L),PC,POLYMER,C,0,120
7/16/2026,TA0119,1401990015,PALM FIT GLOVE (L),PC,POLYMER,C,0,120
7/17/2026,TA0119,1401990015,PALM FIT GLOVE (L),PC,POLYMER,C,20,130
7/18/2026,TA0119,1401990015,PALM FIT GLOVE (L),PC,POLYMER,C,0,130
7/19/2026,TA0119,1401990015,PALM FIT GLOVE (L),PC,POLYMER,C,0,120
7/20/2026,TA0119,1401990015,PALM FIT GLOVE (L),PC,POLYMER,B,0,120
7/21/2026,TA0119,1401990015,PALM FIT GLOVE (L),PC,POLYMER,B,0,104
6/30/2026,TA0120,1401990015,PALM FIT GLOVE (L),PC,PSLB,A,50,143
7/1/2026,TA0120,1401990015,PALM FIT GLOVE (L),PC,PSLB,A,0,141
7/2/2026,TA0120,1401990015,PALM FIT GLOVE (L),PC,PSLB,A,0,136
7/3/2026,TA0120,1401990015,PALM FIT GLOVE (L),PC,PSLB,C,0,122
7/4/2026,TA0120,1401990015,PALM FIT GLOVE (L),PC,PSLB,C,0,110
7/5/2026,TA0120,1401990015,PALM FIT GLOVE (L),PC,PSLB,C,0,106
7/6/2026,TA0120,1401990015,PALM FIT GLOVE (L),PC,PSLB,C,0,105
7/7/2026,TA0120,1401990015,PALM FIT GLOVE (L),PC,PSLB,B,0,98
7/8/2026,TA0120,1401990015,PALM FIT GLOVE (L),PC,PSLB,B,0,84
7/9/2026,TA0120,1401990015,PALM FIT GLOVE (L),PC,PSLB,B,0,71
7/10/2026,TA0120,1401990015,PALM FIT GLOVE (L),PC,PSLB,B,0,59
7/11/2026,TA0120,1401990015,PALM FIT GLOVE (L),PC,PSLB,A,0,53
7/12/2026,TA0120,1401990015,PALM FIT GLOVE (L),PC,PSLB,A,0,50
7/13/2026,TA0120,1401990015,PALM FIT GLOVE (L),PC,PSLB,A,0,40
7/14/2026,TA0120,1401990015,PALM FIT GLOVE (L),PC,PSLB,A,0,30
7/15/2026,TA0120,1401990015,PALM FIT GLOVE (L),PC,PSLB,C,50,70
7/16/2026,TA0120,1401990015,PALM FIT GLOVE (L),PC,PSLB,C,0,60
7/17/2026,TA0120,1401990015,PALM FIT GLOVE (L),PC,PSLB,C,0,41
7/18/2026,TA0120,1401990015,PALM FIT GLOVE (L),PC,PSLB,C,0,37
7/21/2026,TA0120,1401990015,PALM FIT GLOVE (L),PC,PSLB,B,50,72
6/30/2026,TA0121,1401990016,PALM FIT GLOVE (M),PC,POLYMER,A,180,480
7/1/2026,TA0121,1401990016,PALM FIT GLOVE (M),PC,POLYMER,A,0,370
7/2/2026,TA0121,1401990016,PALM FIT GLOVE (M),PC,POLYMER,A,160,530
7/3/2026,TA0121,1401990016,PALM FIT GLOVE (M),PC,POLYMER,C,100,510
7/4/2026,TA0121,1401990016,PALM FIT GLOVE (M),PC,POLYMER,C,0,480
7/5/2026,TA0121,1401990016,PALM FIT GLOVE (M),PC,POLYMER,C,0,370
7/6/2026,TA0121,1401990016,PALM FIT GLOVE (M),PC,POLYMER,C,150,490
7/7/2026,TA0121,1401990016,PALM FIT GLOVE (M),PC,POLYMER,B,0,400
7/8/2026,TA0121,1401990016,PALM FIT GLOVE (M),PC,POLYMER,B,150,550
7/9/2026,TA0121,1401990016,PALM FIT GLOVE (M),PC,POLYMER,B,0,450
7/10/2026,TA0121,1401990016,PALM FIT GLOVE (M),PC,POLYMER,B,150,590
7/11/2026,TA0121,1401990016,PALM FIT GLOVE (M),PC,POLYMER,A,0,480
7/12/2026,TA0121,1401990016,PALM FIT GLOVE (M),PC,POLYMER,A,0,460
7/13/2026,TA0121,1401990016,PALM FIT GLOVE (M),PC,POLYMER,A,140,500
7/14/2026,TA0121,1401990016,PALM FIT GLOVE (M),PC,POLYMER,A,0,490
7/15/2026,TA0121,1401990016,PALM FIT GLOVE (M),PC,POLYMER,C,160,560
7/16/2026,TA0121,1401990016,PALM FIT GLOVE (M),PC,POLYMER,C,0,550
7/17/2026,TA0121,1401990016,PALM FIT GLOVE (M),PC,POLYMER,C,140,570
7/18/2026,TA0121,1401990016,PALM FIT GLOVE (M),PC,POLYMER,C,0,540
7/19/2026,TA0121,1401990016,PALM FIT GLOVE (M),PC,POLYMER,C,0,420
7/20/2026,TA0121,1401990016,PALM FIT GLOVE (M),PC,POLYMER,B,150,550
7/21/2026,TA0121,1401990016,PALM FIT GLOVE (M),PC,POLYMER,B,0,460
6/30/2026,TA0122,1401990016,PALM FIT GLOVE (M),PC,PSLB,A,0,340
7/1/2026,TA0122,1401990016,PALM FIT GLOVE (M),PC,PSLB,A,100,420
7/2/2026,TA0122,1401990016,PALM FIT GLOVE (M),PC,PSLB,A,0,320
7/3/2026,TA0122,1401990016,PALM FIT GLOVE (M),PC,PSLB,C,0,260
7/4/2026,TA0122,1401990016,PALM FIT GLOVE (M),PC,PSLB,C,0,240
7/5/2026,TA0122,1401990016,PALM FIT GLOVE (M),PC,PSLB,C,0,184
7/6/2026,TA0122,1401990016,PALM FIT GLOVE (M),PC,PSLB,C,0,180
7/7/2026,TA0122,1401990016,PALM FIT GLOVE (M),PC,PSLB,B,0,80
7/8/2026,TA0122,1401990016,PALM FIT GLOVE (M),PC,PSLB,B,300,340
7/9/2026,TA0122,1401990016,PALM FIT GLOVE (M),PC,PSLB,B,0,280
7/10/2026,TA0122,1401990016,PALM FIT GLOVE (M),PC,PSLB,B,0,255
7/11/2026,TA0122,1401990016,PALM FIT GLOVE (M),PC,PSLB,A,0,239
7/12/2026,TA0122,1401990016,PALM FIT GLOVE (M),PC,PSLB,A,0,226
7/13/2026,TA0122,1401990016,PALM FIT GLOVE (M),PC,PSLB,A,200,420
7/14/2026,TA0122,1401990016,PALM FIT GLOVE (M),PC,PSLB,A,0,410
7/15/2026,TA0122,1401990016,PALM FIT GLOVE (M),PC,PSLB,C,0,400
7/16/2026,TA0122,1401990016,PALM FIT GLOVE (M),PC,PSLB,C,0,380
7/17/2026,TA0122,1401990016,PALM FIT GLOVE (M),PC,PSLB,C,200,555
7/18/2026,TA0122,1401990016,PALM FIT GLOVE (M),PC,PSLB,C,0,515
7/21/2026,TA0122,1401990016,PALM FIT GLOVE (M),PC,PSLB,B,0,250
6/30/2026,TA0123,1401990017,PALM FIT GLOVE (S),PC,POLYMER,A,140,450
7/1/2026,TA0123,1401990017,PALM FIT GLOVE (S),PC,POLYMER,A,0,370
7/2/2026,TA0123,1401990017,PALM FIT GLOVE (S),PC,POLYMER,A,120,490
7/3/2026,TA0123,1401990017,PALM FIT GLOVE (S),PC,POLYMER,C,80,510
7/4/2026,TA0123,1401990017,PALM FIT GLOVE (S),PC,POLYMER,C,0,500
7/5/2026,TA0123,1401990017,PALM FIT GLOVE (S),PC,POLYMER,C,0,420
7/6/2026,TA0123,1401990017,PALM FIT GLOVE (S),PC,POLYMER,C,60,460
7/7/2026,TA0123,1401990017,PALM FIT GLOVE (S),PC,POLYMER,B,0,390
7/8/2026,TA0123,1401990017,PALM FIT GLOVE (S),PC,POLYMER,B,100,490
7/9/2026,TA0123,1401990017,PALM FIT GLOVE (S),PC,POLYMER,B,0,440
7/10/2026,TA0123,1401990017,PALM FIT GLOVE (S),PC,POLYMER,B,100,540
7/11/2026,TA0123,1401990017,PALM FIT GLOVE (S),PC,POLYMER,A,0,470
7/12/2026,TA0123,1401990017,PALM FIT GLOVE (S),PC,POLYMER,A,0,460
7/13/2026,TA0123,1401990017,PALM FIT GLOVE (S),PC,POLYMER,A,120,500
7/14/2026,TA0123,1401990017,PALM FIT GLOVE (S),PC,POLYMER,A,0,490
7/15/2026,TA0123,1401990017,PALM FIT GLOVE (S),PC,POLYMER,C,140,600
7/16/2026,TA0123,1401990017,PALM FIT GLOVE (S),PC,POLYMER,C,0,590
7/17/2026,TA0123,1401990017,PALM FIT GLOVE (S),PC,POLYMER,C,120,620
7/18/2026,TA0123,1401990017,PALM FIT GLOVE (S),PC,POLYMER,C,0,600
7/19/2026,TA0123,1401990017,PALM FIT GLOVE (S),PC,POLYMER,C,0,510
7/20/2026,TA0123,1401990017,PALM FIT GLOVE (S),PC,POLYMER,B,0,500
7/21/2026,TA0123,1401990017,PALM FIT GLOVE (S),PC,POLYMER,B,0,440
6/30/2026,TA0124,1401990017,PALM FIT GLOVE (S),PC,PSLB,A,0,305
7/1/2026,TA0124,1401990017,PALM FIT GLOVE (S),PC,PSLB,A,300,545
7/2/2026,TA0124,1401990017,PALM FIT GLOVE (S),PC,PSLB,A,0,420
7/3/2026,TA0124,1401990017,PALM FIT GLOVE (S),PC,PSLB,C,300,600
7/4/2026,TA0124,1401990017,PALM FIT GLOVE (S),PC,PSLB,C,0,454
7/5/2026,TA0124,1401990017,PALM FIT GLOVE (S),PC,PSLB,C,0,304
7/6/2026,TA0124,1401990017,PALM FIT GLOVE (S),PC,PSLB,C,0,250
7/7/2026,TA0124,1401990017,PALM FIT GLOVE (S),PC,PSLB,B,0,155
7/8/2026,TA0124,1401990017,PALM FIT GLOVE (S),PC,PSLB,B,300,340
7/9/2026,TA0124,1401990017,PALM FIT GLOVE (S),PC,PSLB,B,0,250
7/10/2026,TA0124,1401990017,PALM FIT GLOVE (S),PC,PSLB,B,300,390
7/11/2026,TA0124,1401990017,PALM FIT GLOVE (S),PC,PSLB,A,0,265
7/12/2026,TA0124,1401990017,PALM FIT GLOVE (S),PC,PSLB,A,0,124
7/13/2026,TA0124,1401990017,PALM FIT GLOVE (S),PC,PSLB,A,300,310
7/14/2026,TA0124,1401990017,PALM FIT GLOVE (S),PC,PSLB,A,0,210
7/15/2026,TA0124,1401990017,PALM FIT GLOVE (S),PC,PSLB,C,300,380
7/16/2026,TA0124,1401990017,PALM FIT GLOVE (S),PC,PSLB,C,0,250
7/17/2026,TA0124,1401990017,PALM FIT GLOVE (S),PC,PSLB,C,300,424
7/18/2026,TA0124,1401990017,PALM FIT GLOVE (S),PC,PSLB,C,0,291
7/21/2026,TA0124,1401990017,PALM FIT GLOVE (S),PC,PSLB,B,300,235
6/30/2026,TA0125,1201200005,PHOSPHORIC  ACID (LS),LITER,ANODIZE,A,60,110
7/1/2026,TA0125,1201200005,PHOSPHORIC  ACID (LS),LITER,ANODIZE,A,70,130
7/2/2026,TA0125,1201200005,PHOSPHORIC  ACID (LS),LITER,ANODIZE,A,70,140
7/3/2026,TA0125,1201200005,PHOSPHORIC  ACID (LS),LITER,ANODIZE,C,70,170
7/4/2026,TA0125,1201200005,PHOSPHORIC  ACID (LS),LITER,ANODIZE,C,0,130
7/5/2026,TA0125,1201200005,PHOSPHORIC  ACID (LS),LITER,ANODIZE,C,0,80
7/6/2026,TA0125,1201200005,PHOSPHORIC  ACID (LS),LITER,ANODIZE,C,70,100
7/7/2026,TA0125,1201200005,PHOSPHORIC  ACID (LS),LITER,ANODIZE,B,70,100
7/8/2026,TA0125,1201200005,PHOSPHORIC  ACID (LS),LITER,ANODIZE,B,70,130
7/9/2026,TA0125,1201200005,PHOSPHORIC  ACID (LS),LITER,ANODIZE,B,70,150
7/10/2026,TA0125,1201200005,PHOSPHORIC  ACID (LS),LITER,ANODIZE,B,70,140
7/11/2026,TA0125,1201200005,PHOSPHORIC  ACID (LS),LITER,ANODIZE,A,0,100
7/12/2026,TA0125,1201200005,PHOSPHORIC  ACID (LS),LITER,ANODIZE,A,0,40
7/13/2026,TA0125,1201200005,PHOSPHORIC  ACID (LS),LITER,ANODIZE,A,70,60
7/14/2026,TA0125,1201200005,PHOSPHORIC  ACID (LS),LITER,ANODIZE,A,70,80
7/15/2026,TA0125,1201200005,PHOSPHORIC  ACID (LS),LITER,ANODIZE,C,60,100
7/16/2026,TA0125,1201200005,PHOSPHORIC  ACID (LS),LITER,ANODIZE,C,70,120
7/17/2026,TA0125,1201200005,PHOSPHORIC  ACID (LS),LITER,ANODIZE,C,70,150
7/18/2026,TA0125,1201200005,PHOSPHORIC  ACID (LS),LITER,ANODIZE,C,0,100
7/19/2026,TA0125,1201200005,PHOSPHORIC  ACID (LS),LITER,ANODIZE,B,0,40
7/20/2026,TA0125,1201200005,PHOSPHORIC  ACID (LS),LITER,ANODIZE,B,70,70
7/21/2026,TA0125,1201200005,PHOSPHORIC  ACID (LS),LITER,ANODIZE,B,70,80
6/30/2026,TA0126,1201200005,PHOSPHORIC  ACID (LS),LITER,POLYMER,A,0,17.5
7/1/2026,TA0126,1201200005,PHOSPHORIC  ACID (LS),LITER,POLYMER,A,0,17.5
7/2/2026,TA0126,1201200005,PHOSPHORIC  ACID (LS),LITER,POLYMER,A,0,17.5
7/3/2026,TA0126,1201200005,PHOSPHORIC  ACID (LS),LITER,POLYMER,C,10,22.5
7/4/2026,TA0126,1201200005,PHOSPHORIC  ACID (LS),LITER,POLYMER,C,0,15
7/5/2026,TA0126,1201200005,PHOSPHORIC  ACID (LS),LITER,POLYMER,C,0,15
7/6/2026,TA0126,1201200005,PHOSPHORIC  ACID (LS),LITER,POLYMER,C,0,15
7/7/2026,TA0126,1201200005,PHOSPHORIC  ACID (LS),LITER,POLYMER,B,0,15
7/8/2026,TA0126,1201200005,PHOSPHORIC  ACID (LS),LITER,POLYMER,B,0,15
7/9/2026,TA0126,1201200005,PHOSPHORIC  ACID (LS),LITER,POLYMER,B,10,25
7/10/2026,TA0126,1201200005,PHOSPHORIC  ACID (LS),LITER,POLYMER,B,0,17.5
7/11/2026,TA0126,1201200005,PHOSPHORIC  ACID (LS),LITER,POLYMER,A,0,12.5
7/12/2026,TA0126,1201200005,PHOSPHORIC  ACID (LS),LITER,POLYMER,A,0,10
7/13/2026,TA0126,1201200005,PHOSPHORIC  ACID (LS),LITER,POLYMER,A,0,10
7/14/2026,TA0126,1201200005,PHOSPHORIC  ACID (LS),LITER,POLYMER,A,0,10
7/15/2026,TA0126,1201200005,PHOSPHORIC  ACID (LS),LITER,POLYMER,C,0,10
7/16/2026,TA0126,1201200005,PHOSPHORIC  ACID (LS),LITER,POLYMER,C,10,20
7/17/2026,TA0126,1201200005,PHOSPHORIC  ACID (LS),LITER,POLYMER,C,0,12.5
7/18/2026,TA0126,1201200005,PHOSPHORIC  ACID (LS),LITER,POLYMER,C,0,7.5
7/19/2026,TA0126,1201200005,PHOSPHORIC  ACID (LS),LITER,POLYMER,C,0,7.5
7/20/2026,TA0126,1201200005,PHOSPHORIC  ACID (LS),LITER,POLYMER,B,10,17.5
7/21/2026,TA0126,1201200005,PHOSPHORIC  ACID (LS),LITER,POLYMER,B,0,17.5
6/30/2026,TA0127,1401990003,PIECE OF CLOTHES,KG,POLYMER,A,0,6
7/1/2026,TA0127,1401990003,PIECE OF CLOTHES,KG,POLYMER,A,0,6
7/2/2026,TA0127,1401990003,PIECE OF CLOTHES,KG,POLYMER,A,0,6
7/3/2026,TA0127,1401990003,PIECE OF CLOTHES,KG,POLYMER,C,0,6
7/4/2026,TA0127,1401990003,PIECE OF CLOTHES,KG,POLYMER,C,0,6
7/5/2026,TA0127,1401990003,PIECE OF CLOTHES,KG,POLYMER,C,0,6
7/6/2026,TA0127,1401990003,PIECE OF CLOTHES,KG,POLYMER,C,0,6
7/7/2026,TA0127,1401990003,PIECE OF CLOTHES,KG,POLYMER,B,0,6
7/8/2026,TA0127,1401990003,PIECE OF CLOTHES,KG,POLYMER,B,0,0
7/9/2026,TA0127,1401990003,PIECE OF CLOTHES,KG,POLYMER,B,10,10
7/10/2026,TA0127,1401990003,PIECE OF CLOTHES,KG,POLYMER,B,0,10
7/11/2026,TA0127,1401990003,PIECE OF CLOTHES,KG,POLYMER,A,0,4
7/12/2026,TA0127,1401990003,PIECE OF CLOTHES,KG,POLYMER,A,0,4
7/13/2026,TA0127,1401990003,PIECE OF CLOTHES,KG,POLYMER,A,0,4
7/14/2026,TA0127,1401990003,PIECE OF CLOTHES,KG,POLYMER,A,0,4
7/15/2026,TA0127,1401990003,PIECE OF CLOTHES,KG,POLYMER,C,0,4
7/16/2026,TA0127,1401990003,PIECE OF CLOTHES,KG,POLYMER,C,0,4
7/17/2026,TA0127,1401990003,PIECE OF CLOTHES,KG,POLYMER,C,0,4
7/18/2026,TA0127,1401990003,PIECE OF CLOTHES,KG,POLYMER,C,0,4
7/19/2026,TA0127,1401990003,PIECE OF CLOTHES,KG,POLYMER,C,0,2
7/20/2026,TA0127,1401990003,PIECE OF CLOTHES,KG,POLYMER,B,0,2
7/21/2026,TA0127,1401990003,PIECE OF CLOTHES,KG,POLYMER,B,10,12
6/30/2026,TA0128,1401990003,PIECE OF CLOTHES,KG,PSLB,A,0,21
7/1/2026,TA0128,1401990003,PIECE OF CLOTHES,KG,PSLB,A,0,15
7/2/2026,TA0128,1401990003,PIECE OF CLOTHES,KG,PSLB,A,0,9
7/3/2026,TA0128,1401990003,PIECE OF CLOTHES,KG,PSLB,C,20,23
7/4/2026,TA0128,1401990003,PIECE OF CLOTHES,KG,PSLB,C,0,18
7/5/2026,TA0128,1401990003,PIECE OF CLOTHES,KG,PSLB,C,0,10
7/6/2026,TA0128,1401990003,PIECE OF CLOTHES,KG,PSLB,C,20,25
7/7/2026,TA0128,1401990003,PIECE OF CLOTHES,KG,PSLB,B,0,20
7/8/2026,TA0128,1401990003,PIECE OF CLOTHES,KG,PSLB,B,20,33
7/9/2026,TA0128,1401990003,PIECE OF CLOTHES,KG,PSLB,B,0,29
7/10/2026,TA0128,1401990003,PIECE OF CLOTHES,KG,PSLB,B,10,35
7/11/2026,TA0128,1401990003,PIECE OF CLOTHES,KG,PSLB,A,0,30
7/12/2026,TA0128,1401990003,PIECE OF CLOTHES,KG,PSLB,A,0,26
7/13/2026,TA0128,1401990003,PIECE OF CLOTHES,KG,PSLB,A,10,30
7/14/2026,TA0128,1401990003,PIECE OF CLOTHES,KG,PSLB,A,0,24
7/15/2026,TA0128,1401990003,PIECE OF CLOTHES,KG,PSLB,C,0,20
7/16/2026,TA0128,1401990003,PIECE OF CLOTHES,KG,PSLB,C,0,17
7/17/2026,TA0128,1401990003,PIECE OF CLOTHES,KG,PSLB,C,20,34
7/18/2026,TA0128,1401990003,PIECE OF CLOTHES,KG,PSLB,C,0,31
7/21/2026,TA0128,1401990003,PIECE OF CLOTHES,KG,PSLB,B,0,34
6/30/2026,TA0129,1201701006,PLA-REEL EIAJRRM08B-I,PC,PSLA,A,0,1772
7/1/2026,TA0129,1201701006,PLA-REEL EIAJRRM08B-I,PC,PSLA,C,600,2206
7/2/2026,TA0129,1201701006,PLA-REEL EIAJRRM08B-I,PC,PSLA,A,0,2037
7/3/2026,TA0129,1201701006,PLA-REEL EIAJRRM08B-I,PC,PSLA,C,0,1900
7/4/2026,TA0129,1201701006,PLA-REEL EIAJRRM08B-I,PC,PSLA,C,0,1800
7/5/2026,TA0129,1201701006,PLA-REEL EIAJRRM08B-I,PC,PSLA,C,0,1600
7/6/2026,TA0129,1201701006,PLA-REEL EIAJRRM08B-I,PC,PSLA,C,0,1450
7/7/2026,TA0129,1201701006,PLA-REEL EIAJRRM08B-I,PC,PSLA,B,0,1286
7/8/2026,TA0129,1201701006,PLA-REEL EIAJRRM08B-I,PC,PSLA,B,200,1340
7/9/2026,TA0129,1201701006,PLA-REEL EIAJRRM08B-I,PC,PSLA,B,0,1210
7/10/2026,TA0129,1201701006,PLA-REEL EIAJRRM08B-I,PC,PSLA,B,600,1641
7/11/2026,TA0129,1201701006,PLA-REEL EIAJRRM08B-I,PC,PSLA,A,0,1536
7/12/2026,TA0129,1201701006,PLA-REEL EIAJRRM08B-I,PC,PSLA,A,0,1386
7/13/2026,TA0129,1201701006,PLA-REEL EIAJRRM08B-I,PC,PSLA,A,0,1207
7/14/2026,TA0129,1201701006,PLA-REEL EIAJRRM08B-I,PC,PSLA,A,0,1077
7/15/2026,TA0129,1201701006,PLA-REEL EIAJRRM08B-I,PC,PSLA,C,600,1570
7/16/2026,TA0129,1201701006,PLA-REEL EIAJRRM08B-I,PC,PSLA,C,0,1460
7/17/2026,TA0129,1201701006,PLA-REEL EIAJRRM08B-I,PC,PSLA,C,400,1710
7/18/2026,TA0129,1201701006,PLA-REEL EIAJRRM08B-I,PC,PSLA,C,0,1560
7/19/2026,TA0129,1201701006,PLA-REEL EIAJRRM08B-I,PC,PSLA,B,0,1404
7/20/2026,TA0129,1201701006,PLA-REEL EIAJRRM08B-I,PC,PSLA,B,400,1693
7/21/2026,TA0129,1201701006,PLA-REEL EIAJRRM08B-I,PC,PSLA,B,0,1554
6/30/2026,TA0130,1201701006,PLA-REEL EIAJRRM08B-I,PC,PSLB,A,3000,2800
7/1/2026,TA0130,1201701006,PLA-REEL EIAJRRM08B-I,PC,PSLB,A,3000,3800
7/2/2026,TA0130,1201701006,PLA-REEL EIAJRRM08B-I,PC,PSLB,A,3000,4800
7/3/2026,TA0130,1201701006,PLA-REEL EIAJRRM08B-I,PC,PSLB,C,3000,6600
7/4/2026,TA0130,1201701006,PLA-REEL EIAJRRM08B-I,PC,PSLB,C,0,5200
7/5/2026,TA0130,1201701006,PLA-REEL EIAJRRM08B-I,PC,PSLB,C,0,3000
7/6/2026,TA0130,1201701006,PLA-REEL EIAJRRM08B-I,PC,PSLB,C,3000,4400
7/7/2026,TA0130,1201701006,PLA-REEL EIAJRRM08B-I,PC,PSLB,B,3000,4400
7/8/2026,TA0130,1201701006,PLA-REEL EIAJRRM08B-I,PC,PSLB,B,3000,5200
7/9/2026,TA0130,1201701006,PLA-REEL EIAJRRM08B-I,PC,PSLB,B,3000,6800
7/10/2026,TA0130,1201701006,PLA-REEL EIAJRRM08B-I,PC,PSLB,B,3000,8200
7/11/2026,TA0130,1201701006,PLA-REEL EIAJRRM08B-I,PC,PSLB,A,0,8800
7/12/2026,TA0130,1201701006,PLA-REEL EIAJRRM08B-I,PC,PSLB,A,0,6800
7/13/2026,TA0130,1201701006,PLA-REEL EIAJRRM08B-I,PC,PSLB,A,2200,5600
7/14/2026,TA0130,1201701006,PLA-REEL EIAJRRM08B-I,PC,PSLB,A,2200,6000
7/15/2026,TA0130,1201701006,PLA-REEL EIAJRRM08B-I,PC,PSLB,C,2200,7200
7/16/2026,TA0130,1201701006,PLA-REEL EIAJRRM08B-I,PC,PSLB,C,2200,7600
7/17/2026,TA0130,1201701006,PLA-REEL EIAJRRM08B-I,PC,PSLB,C,2200,6200
7/18/2026,TA0130,1201701006,PLA-REEL EIAJRRM08B-I,PC,PSLB,C,0,5600
7/19/2026,TA0130,1201701006,PLA-REEL EIAJRRM08B-I,PC,PSLB,B,0,4200
7/20/2026,TA0130,1201701006,PLA-REEL EIAJRRM08B-I,PC,PSLB,B,2000,4000
7/21/2026,TA0130,1201701006,PLA-REEL EIAJRRM08B-I,PC,PSLB,B,2400,4800
6/30/2026,TA0131,1201221026,POLYGLYCERIN # 500 (PG),KG,POLYMER,A,0,28.82
7/1/2026,TA0131,1201221026,POLYGLYCERIN # 500 (PG),KG,POLYMER,A,0,28.82
7/2/2026,TA0131,1201221026,POLYGLYCERIN # 500 (PG),KG,POLYMER,A,0,20.82
7/3/2026,TA0131,1201221026,POLYGLYCERIN # 500 (PG),KG,POLYMER,C,22,42.82
7/4/2026,TA0131,1201221026,POLYGLYCERIN # 500 (PG),KG,POLYMER,C,0,35.06
7/5/2026,TA0131,1201221026,POLYGLYCERIN # 500 (PG),KG,POLYMER,C,0,35.06
7/6/2026,TA0131,1201221026,POLYGLYCERIN # 500 (PG),KG,POLYMER,C,0,23.01
7/7/2026,TA0131,1201221026,POLYGLYCERIN # 500 (PG),KG,POLYMER,B,0,23.01
7/8/2026,TA0131,1201221026,POLYGLYCERIN # 500 (PG),KG,POLYMER,B,0,23.01
7/9/2026,TA0131,1201221026,POLYGLYCERIN # 500 (PG),KG,POLYMER,B,22,38.49
7/10/2026,TA0131,1201221026,POLYGLYCERIN # 500 (PG),KG,POLYMER,B,0,32.06
7/11/2026,TA0131,1201221026,POLYGLYCERIN # 500 (PG),KG,POLYMER,A,0,32.06
7/12/2026,TA0131,1201221026,POLYGLYCERIN # 500 (PG),KG,POLYMER,A,0,32.06
7/13/2026,TA0131,1201221026,POLYGLYCERIN # 500 (PG),KG,POLYMER,A,0,32.06
7/14/2026,TA0131,1201221026,POLYGLYCERIN # 500 (PG),KG,POLYMER,A,0,32.06
7/15/2026,TA0131,1201221026,POLYGLYCERIN # 500 (PG),KG,POLYMER,C,0,32.06
7/16/2026,TA0131,1201221026,POLYGLYCERIN # 500 (PG),KG,POLYMER,C,0,25.52
7/17/2026,TA0131,1201221026,POLYGLYCERIN # 500 (PG),KG,POLYMER,C,0,18.9
7/18/2026,TA0131,1201221026,POLYGLYCERIN # 500 (PG),KG,POLYMER,C,0,18.9
7/19/2026,TA0131,1201221026,POLYGLYCERIN # 500 (PG),KG,POLYMER,C,0,18.9
7/20/2026,TA0131,1201221026,POLYGLYCERIN # 500 (PG),KG,POLYMER,B,0,18.9
7/21/2026,TA0131,1201221026,POLYGLYCERIN # 500 (PG),KG,POLYMER,B,0,18.9
6/30/2026,TA0132,1401400022,"POLYIMIDE TAPE CRYSTAL GUEST (A08,A2 AIR TAG)",PC,FPSA,A,0,81
6/30/2026,TA0132,1401400022,"POLYIMIDE TAPE CRYSTAL GUEST (A08,A2 AIR TAG)",PC,FPSA,A,0,164
7/1/2026,TA0132,1401400022,"POLYIMIDE TAPE CRYSTAL GUEST (A08,A2 AIR TAG)",PC,FPSA,A,0,81
7/1/2026,TA0132,1401400022,"POLYIMIDE TAPE CRYSTAL GUEST (A08,A2 AIR TAG)",PC,FPSA,A,250,360
7/2/2026,TA0132,1401400022,"POLYIMIDE TAPE CRYSTAL GUEST (A08,A2 AIR TAG)",PC,FPSA,A,0,81
7/2/2026,TA0132,1401400022,"POLYIMIDE TAPE CRYSTAL GUEST (A08,A2 AIR TAG)",PC,FPSA,A,0,310
7/3/2026,TA0132,1401400022,"POLYIMIDE TAPE CRYSTAL GUEST (A08,A2 AIR TAG)",PC,FPSA,C,250,326
7/3/2026,TA0132,1401400022,"POLYIMIDE TAPE CRYSTAL GUEST (A08,A2 AIR TAG)",PC,FPSA,C,0,268
7/4/2026,TA0132,1401400022,"POLYIMIDE TAPE CRYSTAL GUEST (A08,A2 AIR TAG)",PC,FPSA,C,0,304
7/4/2026,TA0132,1401400022,"POLYIMIDE TAPE CRYSTAL GUEST (A08,A2 AIR TAG)",PC,FPSA,C,0,225
7/5/2026,TA0132,1401400022,"POLYIMIDE TAPE CRYSTAL GUEST (A08,A2 AIR TAG)",PC,FPSA,C,0,284
7/5/2026,TA0132,1401400022,"POLYIMIDE TAPE CRYSTAL GUEST (A08,A2 AIR TAG)",PC,FPSA,C,0,181
7/6/2026,TA0132,1401400022,"POLYIMIDE TAPE CRYSTAL GUEST (A08,A2 AIR TAG)",PC,FPSA,C,0,265
7/6/2026,TA0132,1401400022,"POLYIMIDE TAPE CRYSTAL GUEST (A08,A2 AIR TAG)",PC,FPSA,C,0,135
7/7/2026,TA0132,1401400022,"POLYIMIDE TAPE CRYSTAL GUEST (A08,A2 AIR TAG)",PC,FPSA,B,0,247
7/7/2026,TA0132,1401400022,"POLYIMIDE TAPE CRYSTAL GUEST (A08,A2 AIR TAG)",PC,FPSA,B,250,336
7/8/2026,TA0132,1401400022,"POLYIMIDE TAPE CRYSTAL GUEST (A08,A2 AIR TAG)",PC,FPSA,B,0,228
7/8/2026,TA0132,1401400022,"POLYIMIDE TAPE CRYSTAL GUEST (A08,A2 AIR TAG)",PC,FPSA,B,0,281
7/9/2026,TA0132,1401400022,"POLYIMIDE TAPE CRYSTAL GUEST (A08,A2 AIR TAG)",PC,FPSA,B,0,209
7/9/2026,TA0132,1401400022,"POLYIMIDE TAPE CRYSTAL GUEST (A08,A2 AIR TAG)",PC,FPSA,B,0,232
7/10/2026,TA0132,1401400022,"POLYIMIDE TAPE CRYSTAL GUEST (A08,A2 AIR TAG)",PC,FPSA,B,0,185
7/10/2026,TA0132,1401400022,"POLYIMIDE TAPE CRYSTAL GUEST (A08,A2 AIR TAG)",PC,FPSA,B,0,175
7/11/2026,TA0132,1401400022,"POLYIMIDE TAPE CRYSTAL GUEST (A08,A2 AIR TAG)",PC,FPSA,A,0,160
7/11/2026,TA0132,1401400022,"POLYIMIDE TAPE CRYSTAL GUEST (A08,A2 AIR TAG)",PC,FPSA,A,0,120
7/12/2026,TA0132,1401400022,"POLYIMIDE TAPE CRYSTAL GUEST (A08,A2 AIR TAG)",PC,FPSA,A,0,144
7/12/2026,TA0132,1401400022,"POLYIMIDE TAPE CRYSTAL GUEST (A08,A2 AIR TAG)",PC,FPSA,A,0,69
7/13/2026,TA0132,1401400022,"POLYIMIDE TAPE CRYSTAL GUEST (A08,A2 AIR TAG)",PC,FPSA,A,0,128
7/13/2026,TA0132,1401400022,"POLYIMIDE TAPE CRYSTAL GUEST (A08,A2 AIR TAG)",PC,FPSA,A,250,273
7/14/2026,TA0132,1401400022,"POLYIMIDE TAPE CRYSTAL GUEST (A08,A2 AIR TAG)",PC,FPSA,A,0,107
7/14/2026,TA0132,1401400022,"POLYIMIDE TAPE CRYSTAL GUEST (A08,A2 AIR TAG)",PC,FPSA,A,0,230
7/15/2026,TA0132,1401400022,"POLYIMIDE TAPE CRYSTAL GUEST (A08,A2 AIR TAG)",PC,FPSA,C,0,91
7/15/2026,TA0132,1401400022,"POLYIMIDE TAPE CRYSTAL GUEST (A08,A2 AIR TAG)",PC,FPSA,C,0,181
7/16/2026,TA0132,1401400022,"POLYIMIDE TAPE CRYSTAL GUEST (A08,A2 AIR TAG)",PC,FPSA,C,0,67
7/16/2026,TA0132,1401400022,"POLYIMIDE TAPE CRYSTAL GUEST (A08,A2 AIR TAG)",PC,FPSA,C,0,139
7/17/2026,TA0132,1401400022,"POLYIMIDE TAPE CRYSTAL GUEST (A08,A2 AIR TAG)",PC,FPSA,C,0,45
7/17/2026,TA0132,1401400022,"POLYIMIDE TAPE CRYSTAL GUEST (A08,A2 AIR TAG)",PC,FPSA,C,250,359
7/18/2026,TA0132,1401400022,"POLYIMIDE TAPE CRYSTAL GUEST (A08,A2 AIR TAG)",PC,FPSA,C,0,31
7/18/2026,TA0132,1401400022,"POLYIMIDE TAPE CRYSTAL GUEST (A08,A2 AIR TAG)",PC,FPSA,C,0,300
7/19/2026,TA0132,1401400022,"POLYIMIDE TAPE CRYSTAL GUEST (A08,A2 AIR TAG)",PC,FPSA,B,0,31
7/19/2026,TA0132,1401400022,"POLYIMIDE TAPE CRYSTAL GUEST (A08,A2 AIR TAG)",PC,FPSA,B,0,245
7/20/2026,TA0132,1401400022,"POLYIMIDE TAPE CRYSTAL GUEST (A08,A2 AIR TAG)",PC,FPSA,B,0,31
7/20/2026,TA0132,1401400022,"POLYIMIDE TAPE CRYSTAL GUEST (A08,A2 AIR TAG)",PC,FPSA,B,0,177
7/21/2026,TA0132,1401400022,"POLYIMIDE TAPE CRYSTAL GUEST (A08,A2 AIR TAG)",PC,FPSA,B,0,31
7/21/2026,TA0132,1401400022,"POLYIMIDE TAPE CRYSTAL GUEST (A08,A2 AIR TAG)",PC,FPSA,B,0,114
6/30/2026,TA0134,1201221010,PTS-100,KG,POLYMER,A,100,80
7/1/2026,TA0134,1201221010,PTS-100,KG,POLYMER,A,140,140
7/2/2026,TA0134,1201221010,PTS-100,KG,POLYMER,A,120,160
7/3/2026,TA0134,1201221010,PTS-100,KG,POLYMER,C,160,240
7/4/2026,TA0134,1201221010,PTS-100,KG,POLYMER,C,0,160
7/5/2026,TA0134,1201221010,PTS-100,KG,POLYMER,C,0,80
7/6/2026,TA0134,1201221010,PTS-100,KG,POLYMER,C,120,100
7/7/2026,TA0134,1201221010,PTS-100,KG,POLYMER,B,120,160
7/8/2026,TA0134,1201221010,PTS-100,KG,POLYMER,B,100,180
7/9/2026,TA0134,1201221010,PTS-100,KG,POLYMER,B,0,120
7/10/2026,TA0134,1201221010,PTS-100,KG,POLYMER,B,280,320
7/11/2026,TA0134,1201221010,PTS-100,KG,POLYMER,A,0,240
7/12/2026,TA0134,1201221010,PTS-100,KG,POLYMER,A,0,160
7/13/2026,TA0134,1201221010,PTS-100,KG,POLYMER,A,80,160
7/14/2026,TA0134,1201221010,PTS-100,KG,POLYMER,A,80,180
7/15/2026,TA0134,1201221010,PTS-100,KG,POLYMER,C,120,200
7/16/2026,TA0134,1201221010,PTS-100,KG,POLYMER,C,100,200
7/17/2026,TA0134,1201221010,PTS-100,KG,POLYMER,C,120,240
7/18/2026,TA0134,1201221010,PTS-100,KG,POLYMER,C,0,160
7/19/2026,TA0134,1201221010,PTS-100,KG,POLYMER,C,0,80
7/20/2026,TA0134,1201221010,PTS-100,KG,POLYMER,B,120,100
7/21/2026,TA0134,1201221010,PTS-100,KG,POLYMER,B,100,140
6/30/2026,TA0135,2405001022,PULSE ECU-B15-NT L/F,PC,PSLB,A,3600,2700
7/1/2026,TA0135,2405001022,PULSE ECU-B15-NT L/F,PC,PSLB,A,3000,3900
7/2/2026,TA0135,2405001022,PULSE ECU-B15-NT L/F,PC,PSLB,A,3450,4800
7/3/2026,TA0135,2405001022,PULSE ECU-B15-NT L/F,PC,PSLB,C,4050,6300
7/4/2026,TA0135,2405001022,PULSE ECU-B15-NT L/F,PC,PSLB,C,0,5400
7/5/2026,TA0135,2405001022,PULSE ECU-B15-NT L/F,PC,PSLB,C,0,3600
7/6/2026,TA0135,2405001022,PULSE ECU-B15-NT L/F,PC,PSLB,C,4050,6150
7/7/2026,TA0135,2405001022,PULSE ECU-B15-NT L/F,PC,PSLB,B,0,4500
7/8/2026,TA0135,2405001022,PULSE ECU-B15-NT L/F,PC,PSLB,B,0,2250
7/9/2026,TA0135,2405001022,PULSE ECU-B15-NT L/F,PC,PSLB,B,4050,4950
7/10/2026,TA0135,2405001022,PULSE ECU-B15-NT L/F,PC,PSLB,B,6150,8400
7/11/2026,TA0135,2405001022,PULSE ECU-B15-NT L/F,PC,PSLB,A,0,6000
7/12/2026,TA0135,2405001022,PULSE ECU-B15-NT L/F,PC,PSLB,A,2700,6150
7/13/2026,TA0135,2405001022,PULSE ECU-B15-NT L/F,PC,PSLB,A,0,3900
7/14/2026,TA0135,2405001022,PULSE ECU-B15-NT L/F,PC,PSLB,A,3750,5550
7/15/2026,TA0135,2405001022,PULSE ECU-B15-NT L/F,PC,PSLB,C,0,3150
7/16/2026,TA0135,2405001022,PULSE ECU-B15-NT L/F,PC,PSLB,C,4050,4950
7/17/2026,TA0135,2405001022,PULSE ECU-B15-NT L/F,PC,PSLB,C,5550,7650
7/18/2026,TA0135,2405001022,PULSE ECU-B15-NT L/F,PC,PSLB,C,0,5550
7/21/2026,TA0135,2405001022,PULSE ECU-B15-NT L/F,PC,PSLB,B,0,4500
6/30/2026,TA0136,2405001024,PULSE ECU-B2-NT L/F,PC,PSLB,A,31350,54600
7/1/2026,TA0136,2405001024,PULSE ECU-B2-NT L/F,PC,PSLB,A,29550,44400
7/2/2026,TA0136,2405001024,PULSE ECU-B2-NT L/F,PC,PSLB,A,33750,38700
7/3/2026,TA0136,2405001024,PULSE ECU-B2-NT L/F,PC,PSLB,C,43800,44850
7/4/2026,TA0136,2405001024,PULSE ECU-B2-NT L/F,PC,PSLB,C,43350,49650
7/5/2026,TA0136,2405001024,PULSE ECU-B2-NT L/F,PC,PSLB,C,38100,46500
7/6/2026,TA0136,2405001024,PULSE ECU-B2-NT L/F,PC,PSLB,C,28500,38700
7/7/2026,TA0136,2405001024,PULSE ECU-B2-NT L/F,PC,PSLB,B,29400,32250
7/8/2026,TA0136,2405001024,PULSE ECU-B2-NT L/F,PC,PSLB,B,35700,29100
7/9/2026,TA0136,2405001024,PULSE ECU-B2-NT L/F,PC,PSLB,B,35100,22500
7/10/2026,TA0136,2405001024,PULSE ECU-B2-NT L/F,PC,PSLB,B,36000,19350
7/11/2026,TA0136,2405001024,PULSE ECU-B2-NT L/F,PC,PSLB,A,45450,33450
7/12/2026,TA0136,2405001024,PULSE ECU-B2-NT L/F,PC,PSLB,A,48750,46200
7/13/2026,TA0136,2405001024,PULSE ECU-B2-NT L/F,PC,PSLB,A,39900,47700
7/14/2026,TA0136,2405001024,PULSE ECU-B2-NT L/F,PC,PSLB,A,31350,44250
7/15/2026,TA0136,2405001024,PULSE ECU-B2-NT L/F,PC,PSLB,C,38700,45150
7/16/2026,TA0136,2405001024,PULSE ECU-B2-NT L/F,PC,PSLB,C,44550,46650
7/17/2026,TA0136,2405001024,PULSE ECU-B2-NT L/F,PC,PSLB,C,44100,45000
7/18/2026,TA0136,2405001024,PULSE ECU-B2-NT L/F,PC,PSLB,C,44100,47850
7/21/2026,TA0136,2405001024,PULSE ECU-B2-NT L/F,PC,PSLB,B,33300,38700
6/30/2026,TA0137,2405001023,PULSE ECU-B3-NT L/F,PC,PSLB,A,44100,44250
7/1/2026,TA0137,2405001023,PULSE ECU-B3-NT L/F,PC,PSLB,A,46950,51150
7/2/2026,TA0137,2405001023,PULSE ECU-B3-NT L/F,PC,PSLB,A,47850,62100
7/3/2026,TA0137,2405001023,PULSE ECU-B3-NT L/F,PC,PSLB,C,10350,36300
7/4/2026,TA0137,2405001023,PULSE ECU-B3-NT L/F,PC,PSLB,C,32400,34650
7/5/2026,TA0137,2405001023,PULSE ECU-B3-NT L/F,PC,PSLB,C,33750,34950
7/6/2026,TA0137,2405001023,PULSE ECU-B3-NT L/F,PC,PSLB,C,21600,17550
7/7/2026,TA0137,2405001023,PULSE ECU-B3-NT L/F,PC,PSLB,B,24300,30000
7/8/2026,TA0137,2405001023,PULSE ECU-B3-NT L/F,PC,PSLB,B,20250,30150
7/9/2026,TA0137,2405001023,PULSE ECU-B3-NT L/F,PC,PSLB,B,21300,24000
7/10/2026,TA0137,2405001023,PULSE ECU-B3-NT L/F,PC,PSLB,B,26700,30000
7/11/2026,TA0137,2405001023,PULSE ECU-B3-NT L/F,PC,PSLB,A,46200,53100
7/12/2026,TA0137,2405001023,PULSE ECU-B3-NT L/F,PC,PSLB,A,25050,56100
7/13/2026,TA0137,2405001023,PULSE ECU-B3-NT L/F,PC,PSLB,A,14400,46650
7/14/2026,TA0137,2405001023,PULSE ECU-B3-NT L/F,PC,PSLB,A,28200,51150
7/15/2026,TA0137,2405001023,PULSE ECU-B3-NT L/F,PC,PSLB,C,18600,46350
7/16/2026,TA0137,2405001023,PULSE ECU-B3-NT L/F,PC,PSLB,C,20400,38250
7/17/2026,TA0137,2405001023,PULSE ECU-B3-NT L/F,PC,PSLB,C,30750,40050
7/18/2026,TA0137,2405001023,PULSE ECU-B3-NT L/F,PC,PSLB,C,33150,40350
7/21/2026,TA0137,2405001023,PULSE ECU-B3-NT L/F,PC,PSLB,B,45300,44550
6/30/2026,TA0138,1205001019,PULSE FPS- B10 L/F (PD) WAIT FOR CUTTING ,PC,FPSB,A,0,3860
7/1/2026,TA0138,1205001019,PULSE FPS- B10 L/F (PD) WAIT FOR CUTTING ,PC,FPSB,A,0,3860
7/2/2026,TA0138,1205001019,PULSE FPS- B10 L/F (PD) WAIT FOR CUTTING ,PC,FPSB,A,0,3860
7/3/2026,TA0138,1205001019,PULSE FPS- B10 L/F (PD) WAIT FOR CUTTING ,PC,FPSB,C,0,3860
7/4/2026,TA0138,1205001019,PULSE FPS- B10 L/F (PD) WAIT FOR CUTTING ,PC,FPSB,C,0,3860
7/5/2026,TA0138,1205001019,PULSE FPS- B10 L/F (PD) WAIT FOR CUTTING ,PC,FPSB,C,0,3860
7/6/2026,TA0138,1205001019,PULSE FPS- B10 L/F (PD) WAIT FOR CUTTING ,PC,FPSB,C,0,3860
7/7/2026,TA0138,1205001019,PULSE FPS- B10 L/F (PD) WAIT FOR CUTTING ,PC,FPSB,B,0,3860
7/8/2026,TA0138,1205001019,PULSE FPS- B10 L/F (PD) WAIT FOR CUTTING ,PC,FPSB,B,0,3860
7/9/2026,TA0138,1205001019,PULSE FPS- B10 L/F (PD) WAIT FOR CUTTING ,PC,FPSB,B,0,3549
7/10/2026,TA0138,1205001019,PULSE FPS- B10 L/F (PD) WAIT FOR CUTTING ,PC,FPSB,B,0,3549
7/11/2026,TA0138,1205001019,PULSE FPS- B10 L/F (PD) WAIT FOR CUTTING ,PC,FPSB,A,0,3549
7/12/2026,TA0138,1205001019,PULSE FPS- B10 L/F (PD) WAIT FOR CUTTING ,PC,FPSB,A,0,3549
7/13/2026,TA0138,1205001019,PULSE FPS- B10 L/F (PD) WAIT FOR CUTTING ,PC,FPSB,A,0,3549
7/14/2026,TA0138,1205001019,PULSE FPS- B10 L/F (PD) WAIT FOR CUTTING ,PC,FPSB,A,0,3549
7/15/2026,TA0138,1205001019,PULSE FPS- B10 L/F (PD) WAIT FOR CUTTING ,PC,FPSB,C,0,3549
7/16/2026,TA0138,1205001019,PULSE FPS- B10 L/F (PD) WAIT FOR CUTTING ,PC,FPSB,C,0,3549
7/17/2026,TA0138,1205001019,PULSE FPS- B10 L/F (PD) WAIT FOR CUTTING ,PC,FPSB,C,0,3549
7/18/2026,TA0138,1205001019,PULSE FPS- B10 L/F (PD) WAIT FOR CUTTING ,PC,FPSB,C,0,3549
7/19/2026,TA0138,1205001019,PULSE FPS- B10 L/F (PD) WAIT FOR CUTTING ,PC,FPSB,B,0,3549
7/20/2026,TA0138,1205001019,PULSE FPS- B10 L/F (PD) WAIT FOR CUTTING ,PC,FPSB,B,0,3549
7/21/2026,TA0138,1205001019,PULSE FPS- B10 L/F (PD) WAIT FOR CUTTING ,PC,FPSB,B,0,3549
6/30/2026,TA0139,2405001031,PULSE FPS- B10 L/F (PD) WAIT FOR WELDING ,PC,FPSB,A,0,0
7/2/2026,TA0139,2405001031,PULSE FPS- B10 L/F (PD) WAIT FOR WELDING ,PC,FPSB,A,0,0
7/4/2026,TA0139,2405001031,PULSE FPS- B10 L/F (PD) WAIT FOR WELDING ,PC,FPSB,C,0,0
7/5/2026,TA0139,2405001031,PULSE FPS- B10 L/F (PD) WAIT FOR WELDING ,PC,FPSB,C,0,0
7/6/2026,TA0139,2405001031,PULSE FPS- B10 L/F (PD) WAIT FOR WELDING ,PC,FPSB,C,0,0
7/7/2026,TA0139,2405001031,PULSE FPS- B10 L/F (PD) WAIT FOR WELDING ,PC,FPSB,B,0,0
7/8/2026,TA0139,2405001031,PULSE FPS- B10 L/F (PD) WAIT FOR WELDING ,PC,FPSB,B,0,0
7/9/2026,TA0139,2405001031,PULSE FPS- B10 L/F (PD) WAIT FOR WELDING ,PC,FPSB,B,311,311
7/10/2026,TA0139,2405001031,PULSE FPS- B10 L/F (PD) WAIT FOR WELDING ,PC,FPSB,B,0,311
7/11/2026,TA0139,2405001031,PULSE FPS- B10 L/F (PD) WAIT FOR WELDING ,PC,FPSB,A,0,311
7/12/2026,TA0139,2405001031,PULSE FPS- B10 L/F (PD) WAIT FOR WELDING ,PC,FPSB,A,0,311
7/14/2026,TA0139,2405001031,PULSE FPS- B10 L/F (PD) WAIT FOR WELDING ,PC,FPSB,A,0,311
7/15/2026,TA0139,2405001031,PULSE FPS- B10 L/F (PD) WAIT FOR WELDING ,PC,FPSB,C,0,311
7/16/2026,TA0139,2405001031,PULSE FPS- B10 L/F (PD) WAIT FOR WELDING ,PC,FPSB,C,0,311
7/17/2026,TA0139,2405001031,PULSE FPS- B10 L/F (PD) WAIT FOR WELDING ,PC,FPSB,C,0,311
7/18/2026,TA0139,2405001031,PULSE FPS- B10 L/F (PD) WAIT FOR WELDING ,PC,FPSB,C,0,311
7/19/2026,TA0139,2405001031,PULSE FPS- B10 L/F (PD) WAIT FOR WELDING ,PC,FPSB,B,0,311
7/20/2026,TA0139,2405001031,PULSE FPS- B10 L/F (PD) WAIT FOR WELDING ,PC,FPSB,B,0,311
7/21/2026,TA0139,2405001031,PULSE FPS- B10 L/F (PD) WAIT FOR WELDING ,PC,FPSB,B,0,311
6/30/2026,TA0140,1205001018,PULSE FPS- B10 L/F WAIT FOR CUTTING 0.59 MM.,PC,FPSB,A,0,17450
7/1/2026,TA0140,1205001018,PULSE FPS- B10 L/F WAIT FOR CUTTING 0.59 MM.,PC,FPSB,A,0,17450
7/2/2026,TA0140,1205001018,PULSE FPS- B10 L/F WAIT FOR CUTTING 0.59 MM.,PC,FPSB,A,0,17450
7/3/2026,TA0140,1205001018,PULSE FPS- B10 L/F WAIT FOR CUTTING 0.59 MM.,PC,FPSB,C,0,17450
7/4/2026,TA0140,1205001018,PULSE FPS- B10 L/F WAIT FOR CUTTING 0.59 MM.,PC,FPSB,C,0,17450
7/5/2026,TA0140,1205001018,PULSE FPS- B10 L/F WAIT FOR CUTTING 0.59 MM.,PC,FPSB,C,0,17450
7/6/2026,TA0140,1205001018,PULSE FPS- B10 L/F WAIT FOR CUTTING 0.59 MM.,PC,FPSB,C,0,17450
7/7/2026,TA0140,1205001018,PULSE FPS- B10 L/F WAIT FOR CUTTING 0.59 MM.,PC,FPSB,B,0,17450
7/8/2026,TA0140,1205001018,PULSE FPS- B10 L/F WAIT FOR CUTTING 0.59 MM.,PC,FPSB,B,0,17450
7/9/2026,TA0140,1205001018,PULSE FPS- B10 L/F WAIT FOR CUTTING 0.59 MM.,PC,FPSB,B,0,17450
7/10/2026,TA0140,1205001018,PULSE FPS- B10 L/F WAIT FOR CUTTING 0.59 MM.,PC,FPSB,B,0,17450
7/11/2026,TA0140,1205001018,PULSE FPS- B10 L/F WAIT FOR CUTTING 0.59 MM.,PC,FPSB,A,0,17450
7/12/2026,TA0140,1205001018,PULSE FPS- B10 L/F WAIT FOR CUTTING 0.59 MM.,PC,FPSB,A,0,17450
7/13/2026,TA0140,1205001018,PULSE FPS- B10 L/F WAIT FOR CUTTING 0.59 MM.,PC,FPSB,A,0,17450
7/14/2026,TA0140,1205001018,PULSE FPS- B10 L/F WAIT FOR CUTTING 0.59 MM.,PC,FPSB,A,0,17450
7/15/2026,TA0140,1205001018,PULSE FPS- B10 L/F WAIT FOR CUTTING 0.59 MM.,PC,FPSB,C,0,17450
7/16/2026,TA0140,1205001018,PULSE FPS- B10 L/F WAIT FOR CUTTING 0.59 MM.,PC,FPSB,C,0,17450
7/17/2026,TA0140,1205001018,PULSE FPS- B10 L/F WAIT FOR CUTTING 0.59 MM.,PC,FPSB,C,0,17450
7/18/2026,TA0140,1205001018,PULSE FPS- B10 L/F WAIT FOR CUTTING 0.59 MM.,PC,FPSB,C,0,17450
7/19/2026,TA0140,1205001018,PULSE FPS- B10 L/F WAIT FOR CUTTING 0.59 MM.,PC,FPSB,B,0,17450
7/20/2026,TA0140,1205001018,PULSE FPS- B10 L/F WAIT FOR CUTTING 0.59 MM.,PC,FPSB,B,0,17450
7/21/2026,TA0140,1205001018,PULSE FPS- B10 L/F WAIT FOR CUTTING 0.59 MM.,PC,FPSB,B,0,17450
6/30/2026,TA0141,2405001030,PULSE FPS- B10 L/F WAIT FOR WELDING 0.59 MM.,PC,FPSB,A,0,360
7/1/2026,TA0141,2405001030,PULSE FPS- B10 L/F WAIT FOR WELDING 0.59 MM.,PC,FPSB,A,0,360
7/2/2026,TA0141,2405001030,PULSE FPS- B10 L/F WAIT FOR WELDING 0.59 MM.,PC,FPSB,A,0,360
7/3/2026,TA0141,2405001030,PULSE FPS- B10 L/F WAIT FOR WELDING 0.59 MM.,PC,FPSB,C,0,360
7/4/2026,TA0141,2405001030,PULSE FPS- B10 L/F WAIT FOR WELDING 0.59 MM.,PC,FPSB,C,0,360
7/5/2026,TA0141,2405001030,PULSE FPS- B10 L/F WAIT FOR WELDING 0.59 MM.,PC,FPSB,C,0,360
7/6/2026,TA0141,2405001030,PULSE FPS- B10 L/F WAIT FOR WELDING 0.59 MM.,PC,FPSB,C,0,360
7/7/2026,TA0141,2405001030,PULSE FPS- B10 L/F WAIT FOR WELDING 0.59 MM.,PC,FPSB,B,0,360
7/8/2026,TA0141,2405001030,PULSE FPS- B10 L/F WAIT FOR WELDING 0.59 MM.,PC,FPSB,B,0,360
7/9/2026,TA0141,2405001030,PULSE FPS- B10 L/F WAIT FOR WELDING 0.59 MM.,PC,FPSB,B,0,360
7/10/2026,TA0141,2405001030,PULSE FPS- B10 L/F WAIT FOR WELDING 0.59 MM.,PC,FPSB,B,0,360
7/11/2026,TA0141,2405001030,PULSE FPS- B10 L/F WAIT FOR WELDING 0.59 MM.,PC,FPSB,A,0,360
7/12/2026,TA0141,2405001030,PULSE FPS- B10 L/F WAIT FOR WELDING 0.59 MM.,PC,FPSB,A,0,360
7/13/2026,TA0141,2405001030,PULSE FPS- B10 L/F WAIT FOR WELDING 0.59 MM.,PC,FPSB,A,0,360
7/14/2026,TA0141,2405001030,PULSE FPS- B10 L/F WAIT FOR WELDING 0.59 MM.,PC,FPSB,A,0,360
7/15/2026,TA0141,2405001030,PULSE FPS- B10 L/F WAIT FOR WELDING 0.59 MM.,PC,FPSB,C,0,360
7/16/2026,TA0141,2405001030,PULSE FPS- B10 L/F WAIT FOR WELDING 0.59 MM.,PC,FPSB,C,0,360
7/17/2026,TA0141,2405001030,PULSE FPS- B10 L/F WAIT FOR WELDING 0.59 MM.,PC,FPSB,C,0,360
7/18/2026,TA0141,2405001030,PULSE FPS- B10 L/F WAIT FOR WELDING 0.59 MM.,PC,FPSB,C,0,360
7/19/2026,TA0141,2405001030,PULSE FPS- B10 L/F WAIT FOR WELDING 0.59 MM.,PC,FPSB,B,0,360
7/20/2026,TA0141,2405001030,PULSE FPS- B10 L/F WAIT FOR WELDING 0.59 MM.,PC,FPSB,B,0,360
7/21/2026,TA0141,2405001030,PULSE FPS- B10 L/F WAIT FOR WELDING 0.59 MM.,PC,FPSB,B,0,360
6/30/2026,TA0142,1205001021,PULSE FPS- B2 L/F WAIT FOR CUTTING,PC,FPSB,A,0,0
7/5/2026,TA0142,1205001021,PULSE FPS- B2 L/F WAIT FOR CUTTING,PC,FPSB,C,0,0
7/14/2026,TA0142,1205001021,PULSE FPS- B2 L/F WAIT FOR CUTTING,PC,FPSB,A,0,0
7/18/2026,TA0142,1205001021,PULSE FPS- B2 L/F WAIT FOR CUTTING,PC,FPSB,C,0,0
6/30/2026,TA0143,2405001034,PULSE FPS- B2 L/F WAIT FOR WELDING,PC,FPSB,A,0,0
7/5/2026,TA0143,2405001034,PULSE FPS- B2 L/F WAIT FOR WELDING,PC,FPSB,C,0,0
7/14/2026,TA0143,2405001034,PULSE FPS- B2 L/F WAIT FOR WELDING,PC,FPSB,A,0,0
7/18/2026,TA0143,2405001034,PULSE FPS- B2 L/F WAIT FOR WELDING,PC,FPSB,C,0,0
6/30/2026,TA0144,1205001020,PULSE FPS- B3 L/F (PD)C194/PD/070/FB WAIT FOR CUTTING ,PC,FPSB,A,0,30572
7/1/2026,TA0144,1205001020,PULSE FPS- B3 L/F (PD)C194/PD/070/FB WAIT FOR CUTTING ,PC,FPSB,A,0,30032
7/2/2026,TA0144,1205001020,PULSE FPS- B3 L/F (PD)C194/PD/070/FB WAIT FOR CUTTING ,PC,FPSB,A,0,28300
7/3/2026,TA0144,1205001020,PULSE FPS- B3 L/F (PD)C194/PD/070/FB WAIT FOR CUTTING ,PC,FPSB,C,0,26563
7/4/2026,TA0144,1205001020,PULSE FPS- B3 L/F (PD)C194/PD/070/FB WAIT FOR CUTTING ,PC,FPSB,C,0,24191
7/5/2026,TA0144,1205001020,PULSE FPS- B3 L/F (PD)C194/PD/070/FB WAIT FOR CUTTING ,PC,FPSB,C,0,22941
7/6/2026,TA0144,1205001020,PULSE FPS- B3 L/F (PD)C194/PD/070/FB WAIT FOR CUTTING ,PC,FPSB,C,0,22647
7/7/2026,TA0144,1205001020,PULSE FPS- B3 L/F (PD)C194/PD/070/FB WAIT FOR CUTTING ,PC,FPSB,B,0,19883
7/8/2026,TA0144,1205001020,PULSE FPS- B3 L/F (PD)C194/PD/070/FB WAIT FOR CUTTING ,PC,FPSB,B,0,19343
7/9/2026,TA0144,1205001020,PULSE FPS- B3 L/F (PD)C194/PD/070/FB WAIT FOR CUTTING ,PC,FPSB,B,0,19343
7/10/2026,TA0144,1205001020,PULSE FPS- B3 L/F (PD)C194/PD/070/FB WAIT FOR CUTTING ,PC,FPSB,B,0,19343
7/11/2026,TA0144,1205001020,PULSE FPS- B3 L/F (PD)C194/PD/070/FB WAIT FOR CUTTING ,PC,FPSB,A,0,19343
7/12/2026,TA0144,1205001020,PULSE FPS- B3 L/F (PD)C194/PD/070/FB WAIT FOR CUTTING ,PC,FPSB,A,0,19343
7/13/2026,TA0144,1205001020,PULSE FPS- B3 L/F (PD)C194/PD/070/FB WAIT FOR CUTTING ,PC,FPSB,A,0,19343
7/14/2026,TA0144,1205001020,PULSE FPS- B3 L/F (PD)C194/PD/070/FB WAIT FOR CUTTING ,PC,FPSB,A,0,19343
7/15/2026,TA0144,1205001020,PULSE FPS- B3 L/F (PD)C194/PD/070/FB WAIT FOR CUTTING ,PC,FPSB,C,0,18803
7/16/2026,TA0144,1205001020,PULSE FPS- B3 L/F (PD)C194/PD/070/FB WAIT FOR CUTTING ,PC,FPSB,C,0,18346
7/17/2026,TA0144,1205001020,PULSE FPS- B3 L/F (PD)C194/PD/070/FB WAIT FOR CUTTING ,PC,FPSB,C,0,18346
7/18/2026,TA0144,1205001020,PULSE FPS- B3 L/F (PD)C194/PD/070/FB WAIT FOR CUTTING ,PC,FPSB,C,0,18346
7/19/2026,TA0144,1205001020,PULSE FPS- B3 L/F (PD)C194/PD/070/FB WAIT FOR CUTTING ,PC,FPSB,B,0,18346
7/20/2026,TA0144,1205001020,PULSE FPS- B3 L/F (PD)C194/PD/070/FB WAIT FOR CUTTING ,PC,FPSB,B,0,18346
7/21/2026,TA0144,1205001020,PULSE FPS- B3 L/F (PD)C194/PD/070/FB WAIT FOR CUTTING ,PC,FPSB,B,0,18346
6/30/2026,TA0145,2405001033,PULSE FPS- B3 L/F (PD)C194/PD/070/FB WAIT FOR WELDING ,PC,FPSB,A,0,1176
7/1/2026,TA0145,2405001033,PULSE FPS- B3 L/F (PD)C194/PD/070/FB WAIT FOR WELDING ,PC,FPSB,A,540,1716
7/2/2026,TA0145,2405001033,PULSE FPS- B3 L/F (PD)C194/PD/070/FB WAIT FOR WELDING ,PC,FPSB,A,1691,2336
7/3/2026,TA0145,2405001033,PULSE FPS- B3 L/F (PD)C194/PD/070/FB WAIT FOR WELDING ,PC,FPSB,C,2250,2121
7/4/2026,TA0145,2405001033,PULSE FPS- B3 L/F (PD)C194/PD/070/FB WAIT FOR WELDING ,PC,FPSB,C,2245,2391
7/5/2026,TA0145,2405001033,PULSE FPS- B3 L/F (PD)C194/PD/070/FB WAIT FOR WELDING ,PC,FPSB,C,1080,2661
7/6/2026,TA0145,2405001033,PULSE FPS- B3 L/F (PD)C194/PD/070/FB WAIT FOR WELDING ,PC,FPSB,C,268,1309
7/7/2026,TA0145,2405001033,PULSE FPS- B3 L/F (PD)C194/PD/070/FB WAIT FOR WELDING ,PC,FPSB,B,2745,2931
7/8/2026,TA0145,2405001033,PULSE FPS- B3 L/F (PD)C194/PD/070/FB WAIT FOR WELDING ,PC,FPSB,B,540,2391
7/9/2026,TA0145,2405001033,PULSE FPS- B3 L/F (PD)C194/PD/070/FB WAIT FOR WELDING ,PC,FPSB,B,0,2391
7/10/2026,TA0145,2405001033,PULSE FPS- B3 L/F (PD)C194/PD/070/FB WAIT FOR WELDING ,PC,FPSB,B,0,2391
7/11/2026,TA0145,2405001033,PULSE FPS- B3 L/F (PD)C194/PD/070/FB WAIT FOR WELDING ,PC,FPSB,A,0,2391
7/12/2026,TA0145,2405001033,PULSE FPS- B3 L/F (PD)C194/PD/070/FB WAIT FOR WELDING ,PC,FPSB,A,0,2391
7/13/2026,TA0145,2405001033,PULSE FPS- B3 L/F (PD)C194/PD/070/FB WAIT FOR WELDING ,PC,FPSB,A,0,2390
7/14/2026,TA0145,2405001033,PULSE FPS- B3 L/F (PD)C194/PD/070/FB WAIT FOR WELDING ,PC,FPSB,A,0,2390
7/15/2026,TA0145,2405001033,PULSE FPS- B3 L/F (PD)C194/PD/070/FB WAIT FOR WELDING ,PC,FPSB,C,540,1581
7/16/2026,TA0145,2405001033,PULSE FPS- B3 L/F (PD)C194/PD/070/FB WAIT FOR WELDING ,PC,FPSB,C,434,1947
7/17/2026,TA0145,2405001033,PULSE FPS- B3 L/F (PD)C194/PD/070/FB WAIT FOR WELDING ,PC,FPSB,C,0,1947
7/18/2026,TA0145,2405001033,PULSE FPS- B3 L/F (PD)C194/PD/070/FB WAIT FOR WELDING ,PC,FPSB,C,0,1947
7/19/2026,TA0145,2405001033,PULSE FPS- B3 L/F (PD)C194/PD/070/FB WAIT FOR WELDING ,PC,FPSB,B,0,1947
7/20/2026,TA0145,2405001033,PULSE FPS- B3 L/F (PD)C194/PD/070/FB WAIT FOR WELDING ,PC,FPSB,B,0,1947
7/21/2026,TA0145,2405001033,PULSE FPS- B3 L/F (PD)C194/PD/070/FB WAIT FOR WELDING ,PC,FPSB,B,0,1947
6/30/2026,TA0146,1205000007,PULSE FPS- B3 L/F WAIT FOR CUTTING 0.70 MM.,PC,FPSB,A,11200,17440
7/1/2026,TA0146,1205000007,PULSE FPS- B3 L/F WAIT FOR CUTTING 0.70 MM.,PC,FPSB,A,13700,24900
7/2/2026,TA0146,1205000007,PULSE FPS- B3 L/F WAIT FOR CUTTING 0.70 MM.,PC,FPSB,A,0,19060
7/3/2026,TA0146,1205000007,PULSE FPS- B3 L/F WAIT FOR CUTTING 0.70 MM.,PC,FPSB,C,11180,25530
7/4/2026,TA0146,1205000007,PULSE FPS- B3 L/F WAIT FOR CUTTING 0.70 MM.,PC,FPSB,C,0,22380
7/5/2026,TA0146,1205000007,PULSE FPS- B3 L/F WAIT FOR CUTTING 0.70 MM.,PC,FPSB,C,0,19510
7/6/2026,TA0146,1205000007,PULSE FPS- B3 L/F WAIT FOR CUTTING 0.70 MM.,PC,FPSB,C,0,9140
7/7/2026,TA0146,1205000007,PULSE FPS- B3 L/F WAIT FOR CUTTING 0.70 MM.,PC,FPSB,B,14140,16490
7/8/2026,TA0146,1205000007,PULSE FPS- B3 L/F WAIT FOR CUTTING 0.70 MM.,PC,FPSB,B,0,8350
7/9/2026,TA0146,1205000007,PULSE FPS- B3 L/F WAIT FOR CUTTING 0.70 MM.,PC,FPSB,B,11360,12560
7/10/2026,TA0146,1205000007,PULSE FPS- B3 L/F WAIT FOR CUTTING 0.70 MM.,PC,FPSB,B,19240,26370
7/11/2026,TA0146,1205000007,PULSE FPS- B3 L/F WAIT FOR CUTTING 0.70 MM.,PC,FPSB,A,0,17460
7/12/2026,TA0146,1205000007,PULSE FPS- B3 L/F WAIT FOR CUTTING 0.70 MM.,PC,FPSB,A,0,10890
7/13/2026,TA0146,1205000007,PULSE FPS- B3 L/F WAIT FOR CUTTING 0.70 MM.,PC,FPSB,A,20750,24180
7/14/2026,TA0146,1205000007,PULSE FPS- B3 L/F WAIT FOR CUTTING 0.70 MM.,PC,FPSB,A,0,16940
7/15/2026,TA0146,1205000007,PULSE FPS- B3 L/F WAIT FOR CUTTING 0.70 MM.,PC,FPSB,C,10830,20890
7/16/2026,TA0146,1205000007,PULSE FPS- B3 L/F WAIT FOR CUTTING 0.70 MM.,PC,FPSB,C,0,13020
7/17/2026,TA0146,1205000007,PULSE FPS- B3 L/F WAIT FOR CUTTING 0.70 MM.,PC,FPSB,C,25390,29810
7/18/2026,TA0146,1205000007,PULSE FPS- B3 L/F WAIT FOR CUTTING 0.70 MM.,PC,FPSB,C,0,21580
7/19/2026,TA0146,1205000007,PULSE FPS- B3 L/F WAIT FOR CUTTING 0.70 MM.,PC,FPSB,B,0,13720
7/20/2026,TA0146,1205000007,PULSE FPS- B3 L/F WAIT FOR CUTTING 0.70 MM.,PC,FPSB,B,11360,20290
7/21/2026,TA0146,1205000007,PULSE FPS- B3 L/F WAIT FOR CUTTING 0.70 MM.,PC,FPSB,B,0,12840
6/30/2026,TA0147,2405001026,PULSE FPS- B3 L/F WAIT FOR WELDING 0.70 MM.,PC,FPSB,A,4971,3726
7/1/2026,TA0147,2405001026,PULSE FPS- B3 L/F WAIT FOR WELDING 0.70 MM.,PC,FPSB,A,6175,4096
7/2/2026,TA0147,2405001026,PULSE FPS- B3 L/F WAIT FOR WELDING 0.70 MM.,PC,FPSB,A,5790,5667
7/3/2026,TA0147,2405001026,PULSE FPS- B3 L/F WAIT FOR WELDING 0.70 MM.,PC,FPSB,C,4680,5490
7/4/2026,TA0147,2405001026,PULSE FPS- B3 L/F WAIT FOR WELDING 0.70 MM.,PC,FPSB,C,3130,3565
7/5/2026,TA0147,2405001026,PULSE FPS- B3 L/F WAIT FOR WELDING 0.70 MM.,PC,FPSB,C,6020,2610
7/6/2026,TA0147,2405001026,PULSE FPS- B3 L/F WAIT FOR WELDING 0.70 MM.,PC,FPSB,C,7743,3825
7/7/2026,TA0147,2405001026,PULSE FPS- B3 L/F WAIT FOR WELDING 0.70 MM.,PC,FPSB,B,6760,3780
7/8/2026,TA0147,2405001026,PULSE FPS- B3 L/F WAIT FOR WELDING 0.70 MM.,PC,FPSB,B,8103,4590
7/9/2026,TA0147,2405001026,PULSE FPS- B3 L/F WAIT FOR WELDING 0.70 MM.,PC,FPSB,B,7130,4050
7/10/2026,TA0147,2405001026,PULSE FPS- B3 L/F WAIT FOR WELDING 0.70 MM.,PC,FPSB,B,5385,3045
7/11/2026,TA0147,2405001026,PULSE FPS- B3 L/F WAIT FOR WELDING 0.70 MM.,PC,FPSB,A,8860,5244
7/12/2026,TA0147,2405001026,PULSE FPS- B3 L/F WAIT FOR WELDING 0.70 MM.,PC,FPSB,A,6500,3755
7/13/2026,TA0147,2405001026,PULSE FPS- B3 L/F WAIT FOR WELDING 0.70 MM.,PC,FPSB,A,7415,4025
7/14/2026,TA0147,2405001026,PULSE FPS- B3 L/F WAIT FOR WELDING 0.70 MM.,PC,FPSB,A,7155,5625
7/15/2026,TA0147,2405001026,PULSE FPS- B3 L/F WAIT FOR WELDING 0.70 MM.,PC,FPSB,C,6848,5075
7/16/2026,TA0147,2405001026,PULSE FPS- B3 L/F WAIT FOR WELDING 0.70 MM.,PC,FPSB,C,7817,4031
7/17/2026,TA0147,2405001026,PULSE FPS- B3 L/F WAIT FOR WELDING 0.70 MM.,PC,FPSB,C,8480,4770
7/18/2026,TA0147,2405001026,PULSE FPS- B3 L/F WAIT FOR WELDING 0.70 MM.,PC,FPSB,C,8168,5130
7/19/2026,TA0147,2405001026,PULSE FPS- B3 L/F WAIT FOR WELDING 0.70 MM.,PC,FPSB,B,7840,5035
7/20/2026,TA0147,2405001026,PULSE FPS- B3 L/F WAIT FOR WELDING 0.70 MM.,PC,FPSB,B,4770,1890
7/21/2026,TA0147,2405001026,PULSE FPS- B3 L/F WAIT FOR WELDING 0.70 MM.,PC,FPSB,B,7340,1350
6/30/2026,TA0148,1205001016,PULSE FPS-A08 L/F  WAIT FOR CUTTING,PC,FPSA,A,39305,47417
7/1/2026,TA0148,1205001016,PULSE FPS-A08 L/F  WAIT FOR CUTTING,PC,FPSA,A,0,41471
7/2/2026,TA0148,1205001016,PULSE FPS-A08 L/F  WAIT FOR CUTTING,PC,FPSA,A,0,35759
7/3/2026,TA0148,1205001016,PULSE FPS-A08 L/F  WAIT FOR CUTTING,PC,FPSA,C,0,33619
7/4/2026,TA0148,1205001016,PULSE FPS-A08 L/F  WAIT FOR CUTTING,PC,FPSA,C,0,31472
7/5/2026,TA0148,1205001016,PULSE FPS-A08 L/F  WAIT FOR CUTTING,PC,FPSA,C,0,27976
7/6/2026,TA0148,1205001016,PULSE FPS-A08 L/F  WAIT FOR CUTTING,PC,FPSA,C,0,23614
7/7/2026,TA0148,1205001016,PULSE FPS-A08 L/F  WAIT FOR CUTTING,PC,FPSA,B,0,17243
7/8/2026,TA0148,1205001016,PULSE FPS-A08 L/F  WAIT FOR CUTTING,PC,FPSA,B,22863,35192
7/9/2026,TA0148,1205001016,PULSE FPS-A08 L/F  WAIT FOR CUTTING,PC,FPSA,B,0,30795
7/10/2026,TA0148,1205001016,PULSE FPS-A08 L/F  WAIT FOR CUTTING,PC,FPSA,B,0,25325
7/11/2026,TA0148,1205001016,PULSE FPS-A08 L/F  WAIT FOR CUTTING,PC,FPSA,A,0,19668
7/12/2026,TA0148,1205001016,PULSE FPS-A08 L/F  WAIT FOR CUTTING,PC,FPSA,A,0,16637
7/13/2026,TA0148,1205001016,PULSE FPS-A08 L/F  WAIT FOR CUTTING,PC,FPSA,A,0,12322
7/14/2026,TA0148,1205001016,PULSE FPS-A08 L/F  WAIT FOR CUTTING,PC,FPSA,A,11761,19560
7/15/2026,TA0148,1205001016,PULSE FPS-A08 L/F  WAIT FOR CUTTING,PC,FPSA,C,0,15735
7/16/2026,TA0148,1205001016,PULSE FPS-A08 L/F  WAIT FOR CUTTING,PC,FPSA,C,26472,37419
7/17/2026,TA0148,1205001016,PULSE FPS-A08 L/F  WAIT FOR CUTTING,PC,FPSA,C,0,33696
7/18/2026,TA0148,1205001016,PULSE FPS-A08 L/F  WAIT FOR CUTTING,PC,FPSA,C,0,28272
7/19/2026,TA0148,1205001016,PULSE FPS-A08 L/F  WAIT FOR CUTTING,PC,FPSA,B,0,22051
7/20/2026,TA0148,1205001016,PULSE FPS-A08 L/F  WAIT FOR CUTTING,PC,FPSA,B,0,15397
7/21/2026,TA0148,1205001016,PULSE FPS-A08 L/F  WAIT FOR CUTTING,PC,FPSA,B,26553,39726
6/30/2026,TA0149,2405001028,PULSE FPS-A08 L/F  WAIT FOR WELDING,PC,FPSA,A,3393,12113
7/1/2026,TA0149,2405001028,PULSE FPS-A08 L/F  WAIT FOR WELDING,PC,FPSA,A,5914,12329
7/2/2026,TA0149,2405001028,PULSE FPS-A08 L/F  WAIT FOR WELDING,PC,FPSA,A,5654,12786
7/3/2026,TA0149,2405001028,PULSE FPS-A08 L/F  WAIT FOR WELDING,PC,FPSA,C,2140,9768
7/4/2026,TA0149,2405001028,PULSE FPS-A08 L/F  WAIT FOR WELDING,PC,FPSA,C,2147,7277
7/5/2026,TA0149,2405001028,PULSE FPS-A08 L/F  WAIT FOR WELDING,PC,FPSA,C,3496,5893
7/6/2026,TA0149,2405001028,PULSE FPS-A08 L/F  WAIT FOR WELDING,PC,FPSA,C,4362,6150
7/7/2026,TA0149,2405001028,PULSE FPS-A08 L/F  WAIT FOR WELDING,PC,FPSA,B,6340,7162
7/8/2026,TA0149,2405001028,PULSE FPS-A08 L/F  WAIT FOR WELDING,PC,FPSA,B,0,6335
7/9/2026,TA0149,2405001028,PULSE FPS-A08 L/F  WAIT FOR WELDING,PC,FPSA,B,0,6085
7/10/2026,TA0149,2405001028,PULSE FPS-A08 L/F  WAIT FOR WELDING,PC,FPSA,B,5421,5185
7/11/2026,TA0149,2405001028,PULSE FPS-A08 L/F  WAIT FOR WELDING,PC,FPSA,A,5592,6484
7/12/2026,TA0149,2405001028,PULSE FPS-A08 L/F  WAIT FOR WELDING,PC,FPSA,A,3012,4117
7/13/2026,TA0149,2405001028,PULSE FPS-A08 L/F  WAIT FOR WELDING,PC,FPSA,A,4235,4320
7/14/2026,TA0149,2405001028,PULSE FPS-A08 L/F  WAIT FOR WELDING,PC,FPSA,A,4464,5628
7/15/2026,TA0149,2405001028,PULSE FPS-A08 L/F  WAIT FOR WELDING,PC,FPSA,C,3825,4161
7/16/2026,TA0149,2405001028,PULSE FPS-A08 L/F  WAIT FOR WELDING,PC,FPSA,C,4788,4460
7/17/2026,TA0149,2405001028,PULSE FPS-A08 L/F  WAIT FOR WELDING,PC,FPSA,C,3723,2939
7/18/2026,TA0149,2405001028,PULSE FPS-A08 L/F  WAIT FOR WELDING,PC,FPSA,C,5424,3104
7/19/2026,TA0149,2405001028,PULSE FPS-A08 L/F  WAIT FOR WELDING,PC,FPSA,B,6172,4078
7/20/2026,TA0149,2405001028,PULSE FPS-A08 L/F  WAIT FOR WELDING,PC,FPSA,B,6631,6721
7/21/2026,TA0149,2405001028,PULSE FPS-A08 L/F  WAIT FOR WELDING,PC,FPSA,B,0,4212
6/30/2026,TA0150,1205001015,PULSE FPS-A2 L/F  WAIT FOR CUTTING,PC,FPSA,A,0,31140
7/1/2026,TA0150,1205001015,PULSE FPS-A2 L/F  WAIT FOR CUTTING,PC,FPSA,A,0,29640
7/2/2026,TA0150,1205001015,PULSE FPS-A2 L/F  WAIT FOR CUTTING,PC,FPSA,A,11770,39850
7/3/2026,TA0150,1205001015,PULSE FPS-A2 L/F  WAIT FOR CUTTING,PC,FPSA,C,0,38290
7/4/2026,TA0150,1205001015,PULSE FPS-A2 L/F  WAIT FOR CUTTING,PC,FPSA,C,0,36730
7/5/2026,TA0150,1205001015,PULSE FPS-A2 L/F  WAIT FOR CUTTING,PC,FPSA,C,0,33720
7/6/2026,TA0150,1205001015,PULSE FPS-A2 L/F  WAIT FOR CUTTING,PC,FPSA,C,0,30850
7/7/2026,TA0150,1205001015,PULSE FPS-A2 L/F  WAIT FOR CUTTING,PC,FPSA,B,0,27740
7/8/2026,TA0150,1205001015,PULSE FPS-A2 L/F  WAIT FOR CUTTING,PC,FPSA,B,0,25390
7/9/2026,TA0150,1205001015,PULSE FPS-A2 L/F  WAIT FOR CUTTING,PC,FPSA,B,0,22370
7/10/2026,TA0150,1205001015,PULSE FPS-A2 L/F  WAIT FOR CUTTING,PC,FPSA,B,0,19450
7/11/2026,TA0150,1205001015,PULSE FPS-A2 L/F  WAIT FOR CUTTING,PC,FPSA,A,0,17900
7/12/2026,TA0150,1205001015,PULSE FPS-A2 L/F  WAIT FOR CUTTING,PC,FPSA,A,0,16390
7/13/2026,TA0150,1205001015,PULSE FPS-A2 L/F  WAIT FOR CUTTING,PC,FPSA,A,0,13270
7/14/2026,TA0150,1205001015,PULSE FPS-A2 L/F  WAIT FOR CUTTING,PC,FPSA,A,0,11770
7/15/2026,TA0150,1205001015,PULSE FPS-A2 L/F  WAIT FOR CUTTING,PC,FPSA,C,18130,29290
7/16/2026,TA0150,1205001015,PULSE FPS-A2 L/F  WAIT FOR CUTTING,PC,FPSA,C,0,29290
7/17/2026,TA0150,1205001015,PULSE FPS-A2 L/F  WAIT FOR CUTTING,PC,FPSA,C,0,29290
7/18/2026,TA0150,1205001015,PULSE FPS-A2 L/F  WAIT FOR CUTTING,PC,FPSA,C,0,29290
7/19/2026,TA0150,1205001015,PULSE FPS-A2 L/F  WAIT FOR CUTTING,PC,FPSA,B,0,29290
7/20/2026,TA0150,1205001015,PULSE FPS-A2 L/F  WAIT FOR CUTTING,PC,FPSA,B,0,29290
7/21/2026,TA0150,1205001015,PULSE FPS-A2 L/F  WAIT FOR CUTTING,PC,FPSA,B,0,29290
6/30/2026,TA0151,2405001027,PULSE FPS-A2 L/F  WAIT FOR WELDING,PC,FPSA,A,3115,5969
7/1/2026,TA0151,2405001027,PULSE FPS-A2 L/F  WAIT FOR WELDING,PC,FPSA,A,1480,5801
7/2/2026,TA0151,2405001027,PULSE FPS-A2 L/F  WAIT FOR WELDING,PC,FPSA,A,1560,4588
7/3/2026,TA0151,2405001027,PULSE FPS-A2 L/F  WAIT FOR WELDING,PC,FPSA,C,1560,3336
7/4/2026,TA0151,2405001027,PULSE FPS-A2 L/F  WAIT FOR WELDING,PC,FPSA,C,1560,2487
7/5/2026,TA0151,2405001027,PULSE FPS-A2 L/F  WAIT FOR WELDING,PC,FPSA,C,3010,2721
7/6/2026,TA0151,2405001027,PULSE FPS-A2 L/F  WAIT FOR WELDING,PC,FPSA,C,2870,2671
7/7/2026,TA0151,2405001027,PULSE FPS-A2 L/F  WAIT FOR WELDING,PC,FPSA,B,3102,3101
7/8/2026,TA0151,2405001027,PULSE FPS-A2 L/F  WAIT FOR WELDING,PC,FPSA,B,2301,3125
7/9/2026,TA0151,2405001027,PULSE FPS-A2 L/F  WAIT FOR WELDING,PC,FPSA,B,3015,3645
7/10/2026,TA0151,2405001027,PULSE FPS-A2 L/F  WAIT FOR WELDING,PC,FPSA,B,2912,4757
7/11/2026,TA0151,2405001027,PULSE FPS-A2 L/F  WAIT FOR WELDING,PC,FPSA,A,1540,3819
7/12/2026,TA0151,2405001027,PULSE FPS-A2 L/F  WAIT FOR WELDING,PC,FPSA,A,1500,3164
7/13/2026,TA0151,2405001027,PULSE FPS-A2 L/F  WAIT FOR WELDING,PC,FPSA,A,3120,3357
7/14/2026,TA0151,2405001027,PULSE FPS-A2 L/F  WAIT FOR WELDING,PC,FPSA,A,1495,2241
7/15/2026,TA0151,2405001027,PULSE FPS-A2 L/F  WAIT FOR WELDING,PC,FPSA,C,610,683
7/16/2026,TA0151,2405001027,PULSE FPS-A2 L/F  WAIT FOR WELDING,PC,FPSA,C,0,683
7/17/2026,TA0151,2405001027,PULSE FPS-A2 L/F  WAIT FOR WELDING,PC,FPSA,C,0,683
7/18/2026,TA0151,2405001027,PULSE FPS-A2 L/F  WAIT FOR WELDING,PC,FPSA,C,0,683
7/19/2026,TA0151,2405001027,PULSE FPS-A2 L/F  WAIT FOR WELDING,PC,FPSA,B,0,683
7/20/2026,TA0151,2405001027,PULSE FPS-A2 L/F  WAIT FOR WELDING,PC,FPSA,B,0,683
7/21/2026,TA0151,2405001027,PULSE FPS-A2 L/F  WAIT FOR WELDING,PC,FPSA,B,0,683
6/30/2026,TA0152,1205001017,PULSE FPS-A3 AIR TAG L/F   WAIT FOR CUTTING,PC,FPSA,A,0,7081
7/1/2026,TA0152,1205001017,PULSE FPS-A3 AIR TAG L/F   WAIT FOR CUTTING,PC,FPSA,A,,7081
7/2/2026,TA0152,1205001017,PULSE FPS-A3 AIR TAG L/F   WAIT FOR CUTTING,PC,FPSA,A,0,7081
7/7/2026,TA0152,1205001017,PULSE FPS-A3 AIR TAG L/F   WAIT FOR CUTTING,PC,FPSA,B,0,7081
7/8/2026,TA0152,1205001017,PULSE FPS-A3 AIR TAG L/F   WAIT FOR CUTTING,PC,FPSA,B,0,7081
7/9/2026,TA0152,1205001017,PULSE FPS-A3 AIR TAG L/F   WAIT FOR CUTTING,PC,FPSA,B,0,7081
7/10/2026,TA0152,1205001017,PULSE FPS-A3 AIR TAG L/F   WAIT FOR CUTTING,PC,FPSA,B,0,7081
7/11/2026,TA0152,1205001017,PULSE FPS-A3 AIR TAG L/F   WAIT FOR CUTTING,PC,FPSA,A,0,7081
7/12/2026,TA0152,1205001017,PULSE FPS-A3 AIR TAG L/F   WAIT FOR CUTTING,PC,FPSA,A,0,5305
7/13/2026,TA0152,1205001017,PULSE FPS-A3 AIR TAG L/F   WAIT FOR CUTTING,PC,FPSA,A,0,5305
7/14/2026,TA0152,1205001017,PULSE FPS-A3 AIR TAG L/F   WAIT FOR CUTTING,PC,FPSA,A,0,5305
7/15/2026,TA0152,1205001017,PULSE FPS-A3 AIR TAG L/F   WAIT FOR CUTTING,PC,FPSA,C,0,5305
7/16/2026,TA0152,1205001017,PULSE FPS-A3 AIR TAG L/F   WAIT FOR CUTTING,PC,FPSA,C,0,5035
7/17/2026,TA0152,1205001017,PULSE FPS-A3 AIR TAG L/F   WAIT FOR CUTTING,PC,FPSA,C,0,3540
7/18/2026,TA0152,1205001017,PULSE FPS-A3 AIR TAG L/F   WAIT FOR CUTTING,PC,FPSA,C,0,1770
7/19/2026,TA0152,1205001017,PULSE FPS-A3 AIR TAG L/F   WAIT FOR CUTTING,PC,FPSA,B,0,0
7/20/2026,TA0152,1205001017,PULSE FPS-A3 AIR TAG L/F   WAIT FOR CUTTING,PC,FPSA,B,0,0
7/21/2026,TA0152,1205001017,PULSE FPS-A3 AIR TAG L/F   WAIT FOR CUTTING,PC,FPSA,B,0,0
6/30/2026,TA0153,2405001032,PULSE FPS-A3 AIR TAG L/F   WAIT FOR WELDING,PC,FPSA,A,0,238
7/1/2026,TA0153,2405001032,PULSE FPS-A3 AIR TAG L/F   WAIT FOR WELDING,PC,FPSA,A,0,238
7/2/2026,TA0153,2405001032,PULSE FPS-A3 AIR TAG L/F   WAIT FOR WELDING,PC,FPSA,A,0,238
7/7/2026,TA0153,2405001032,PULSE FPS-A3 AIR TAG L/F   WAIT FOR WELDING,PC,FPSA,B,0,238
7/8/2026,TA0153,2405001032,PULSE FPS-A3 AIR TAG L/F   WAIT FOR WELDING,PC,FPSA,B,0,238
7/9/2026,TA0153,2405001032,PULSE FPS-A3 AIR TAG L/F   WAIT FOR WELDING,PC,FPSA,B,0,238
7/10/2026,TA0153,2405001032,PULSE FPS-A3 AIR TAG L/F   WAIT FOR WELDING,PC,FPSA,B,0,238
7/11/2026,TA0153,2405001032,PULSE FPS-A3 AIR TAG L/F   WAIT FOR WELDING,PC,FPSA,A,0,238
7/12/2026,TA0153,2405001032,PULSE FPS-A3 AIR TAG L/F   WAIT FOR WELDING,PC,FPSA,A,1748,1974
7/13/2026,TA0153,2405001032,PULSE FPS-A3 AIR TAG L/F   WAIT FOR WELDING,PC,FPSA,A,0,1974
7/14/2026,TA0153,2405001032,PULSE FPS-A3 AIR TAG L/F   WAIT FOR WELDING,PC,FPSA,A,0,1974
7/15/2026,TA0153,2405001032,PULSE FPS-A3 AIR TAG L/F   WAIT FOR WELDING,PC,FPSA,C,0,1974
7/16/2026,TA0153,2405001032,PULSE FPS-A3 AIR TAG L/F   WAIT FOR WELDING,PC,FPSA,C,0,1974
7/17/2026,TA0153,2405001032,PULSE FPS-A3 AIR TAG L/F   WAIT FOR WELDING,PC,FPSA,C,1765,1962
7/18/2026,TA0153,2405001032,PULSE FPS-A3 AIR TAG L/F   WAIT FOR WELDING,PC,FPSA,C,1770,2266
7/19/2026,TA0153,2405001032,PULSE FPS-A3 AIR TAG L/F   WAIT FOR WELDING,PC,FPSA,B,1853,2331
7/20/2026,TA0153,2405001032,PULSE FPS-A3 AIR TAG L/F   WAIT FOR WELDING,PC,FPSA,B,0,1227
7/21/2026,TA0153,2405001032,PULSE FPS-A3 AIR TAG L/F   WAIT FOR WELDING,PC,FPSA,B,0,1227
6/30/2026,TA0154,1205000004,PULSE FPS-A3 L/F   WAIT FOR CUTTING,PC,FPSA,A,0,0
7/1/2026,TA0154,1205000004,PULSE FPS-A3 L/F   WAIT FOR CUTTING,PC,FPSA,A,0,0
7/3/2026,TA0154,1205000004,PULSE FPS-A3 L/F   WAIT FOR CUTTING,PC,FPSA,C,40180,35000
7/4/2026,TA0154,1205000004,PULSE FPS-A3 L/F   WAIT FOR CUTTING,PC,FPSA,C,0,30290
7/5/2026,TA0154,1205000004,PULSE FPS-A3 L/F   WAIT FOR CUTTING,PC,FPSA,C,0,26720
7/6/2026,TA0154,1205000004,PULSE FPS-A3 L/F   WAIT FOR CUTTING,PC,FPSA,C,0,23200
7/7/2026,TA0154,1205000004,PULSE FPS-A3 L/F   WAIT FOR CUTTING,PC,FPSA,B,0,19890
7/8/2026,TA0154,1205000004,PULSE FPS-A3 L/F   WAIT FOR CUTTING,PC,FPSA,B,0,18510
7/9/2026,TA0154,1205000004,PULSE FPS-A3 L/F   WAIT FOR CUTTING,PC,FPSA,B,0,15140
7/10/2026,TA0154,1205000004,PULSE FPS-A3 L/F   WAIT FOR CUTTING,PC,FPSA,B,0,11620
7/11/2026,TA0154,1205000004,PULSE FPS-A3 L/F   WAIT FOR CUTTING,PC,FPSA,A,0,8210
7/12/2026,TA0154,1205000004,PULSE FPS-A3 L/F   WAIT FOR CUTTING,PC,FPSA,A,0,5120
7/13/2026,TA0154,1205000004,PULSE FPS-A3 L/F   WAIT FOR CUTTING,PC,FPSA,A,0,3570
7/14/2026,TA0154,1205000004,PULSE FPS-A3 L/F   WAIT FOR CUTTING,PC,FPSA,A,21040,21040
7/15/2026,TA0154,1205000004,PULSE FPS-A3 L/F   WAIT FOR CUTTING,PC,FPSA,C,0,17830
7/16/2026,TA0154,1205000004,PULSE FPS-A3 L/F   WAIT FOR CUTTING,PC,FPSA,C,0,12480
7/17/2026,TA0154,1205000004,PULSE FPS-A3 L/F   WAIT FOR CUTTING,PC,FPSA,C,0,8860
7/18/2026,TA0154,1205000004,PULSE FPS-A3 L/F   WAIT FOR CUTTING,PC,FPSA,C,0,5140
7/19/2026,TA0154,1205000004,PULSE FPS-A3 L/F   WAIT FOR CUTTING,PC,FPSA,B,0,3280
7/20/2026,TA0154,1205000004,PULSE FPS-A3 L/F   WAIT FOR CUTTING,PC,FPSA,B,18080,16220
7/21/2026,TA0154,1205000004,PULSE FPS-A3 L/F   WAIT FOR CUTTING,PC,FPSA,B,0,10840
6/30/2026,TA0155,2405000028,PULSE FPS-A3 L/F   WAIT FOR WELDING,PC,FPSA,A,0,270
7/1/2026,TA0155,2405000028,PULSE FPS-A3 L/F   WAIT FOR WELDING,PC,FPSA,A,0,270
7/2/2026,TA0155,2405000028,PULSE FPS-A3 L/F   WAIT FOR WELDING,PC,FPSA,A,0,270
7/3/2026,TA0155,2405000028,PULSE FPS-A3 L/F   WAIT FOR WELDING,PC,FPSA,C,5180,3529
7/4/2026,TA0155,2405000028,PULSE FPS-A3 L/F   WAIT FOR WELDING,PC,FPSA,C,4710,4511
7/5/2026,TA0155,2405000028,PULSE FPS-A3 L/F   WAIT FOR WELDING,PC,FPSA,C,3570,3689
7/6/2026,TA0155,2405000028,PULSE FPS-A3 L/F   WAIT FOR WELDING,PC,FPSA,C,3520,3570
7/7/2026,TA0155,2405000028,PULSE FPS-A3 L/F   WAIT FOR WELDING,PC,FPSA,B,2807,3929
7/8/2026,TA0155,2405000028,PULSE FPS-A3 L/F   WAIT FOR WELDING,PC,FPSA,B,0,2487
7/9/2026,TA0155,2405000028,PULSE FPS-A3 L/F   WAIT FOR WELDING,PC,FPSA,B,3370,3399
7/10/2026,TA0155,2405000028,PULSE FPS-A3 L/F   WAIT FOR WELDING,PC,FPSA,B,3495,4195
7/11/2026,TA0155,2405000028,PULSE FPS-A3 L/F   WAIT FOR WELDING,PC,FPSA,A,3398,5098
7/12/2026,TA0155,2405000028,PULSE FPS-A3 L/F   WAIT FOR WELDING,PC,FPSA,A,3058,5445
7/13/2026,TA0155,2405000028,PULSE FPS-A3 L/F   WAIT FOR WELDING,PC,FPSA,A,1550,4458
7/14/2026,TA0155,2405000028,PULSE FPS-A3 L/F   WAIT FOR WELDING,PC,FPSA,A,3570,5220
7/15/2026,TA0155,2405000028,PULSE FPS-A3 L/F   WAIT FOR WELDING,PC,FPSA,C,3210,5359
7/16/2026,TA0155,2405000028,PULSE FPS-A3 L/F   WAIT FOR WELDING,PC,FPSA,C,5350,7044
7/17/2026,TA0155,2405000028,PULSE FPS-A3 L/F   WAIT FOR WELDING,PC,FPSA,C,3620,5915
7/18/2026,TA0155,2405000028,PULSE FPS-A3 L/F   WAIT FOR WELDING,PC,FPSA,C,3720,6669
7/19/2026,TA0155,2405000028,PULSE FPS-A3 L/F   WAIT FOR WELDING,PC,FPSA,B,0,4991
7/20/2026,TA0155,2405000028,PULSE FPS-A3 L/F   WAIT FOR WELDING,PC,FPSA,B,5123,6292
7/21/2026,TA0155,2405000028,PULSE FPS-A3 L/F   WAIT FOR WELDING,PC,FPSA,B,5358,7554
6/30/2026,TA0156,1000000003,PUNCHING OIL (RF-520),LITER,STAMPING,A,0,38
7/1/2026,TA0156,1000000003,PUNCHING OIL (RF-520),LITER,STAMPING,A,0,28
7/2/2026,TA0156,1000000003,PUNCHING OIL (RF-520),LITER,STAMPING,A,0,25
7/3/2026,TA0156,1000000003,PUNCHING OIL (RF-520),LITER,STAMPING,C,0,22
7/4/2026,TA0156,1000000003,PUNCHING OIL (RF-520),LITER,STAMPING,C,0,19
7/5/2026,TA0156,1000000003,PUNCHING OIL (RF-520),LITER,STAMPING,C,0,15
7/6/2026,TA0156,1000000003,PUNCHING OIL (RF-520),LITER,STAMPING,C,0,15
7/7/2026,TA0156,1000000003,PUNCHING OIL (RF-520),LITER,STAMPING,B,0,15
7/8/2026,TA0156,1000000003,PUNCHING OIL (RF-520),LITER,STAMPING,B,0,15
7/9/2026,TA0156,1000000003,PUNCHING OIL (RF-520),LITER,STAMPING,B,0,15
7/10/2026,TA0156,1000000003,PUNCHING OIL (RF-520),LITER,STAMPING,B,0,15
7/11/2026,TA0156,1000000003,PUNCHING OIL (RF-520),LITER,STAMPING,A,0,15
7/12/2026,TA0156,1000000003,PUNCHING OIL (RF-520),LITER,STAMPING,A,0,15
7/13/2026,TA0156,1000000003,PUNCHING OIL (RF-520),LITER,STAMPING,A,0,15
7/14/2026,TA0156,1000000003,PUNCHING OIL (RF-520),LITER,STAMPING,A,200,215
7/15/2026,TA0156,1000000003,PUNCHING OIL (RF-520),LITER,STAMPING,C,0,215
7/16/2026,TA0156,1000000003,PUNCHING OIL (RF-520),LITER,STAMPING,C,0,215
7/17/2026,TA0156,1000000003,PUNCHING OIL (RF-520),LITER,STAMPING,C,0,212
7/18/2026,TA0156,1000000003,PUNCHING OIL (RF-520),LITER,STAMPING,C,0,209
7/19/2026,TA0156,1000000003,PUNCHING OIL (RF-520),LITER,STAMPING,B,0,209
7/20/2026,TA0156,1000000003,PUNCHING OIL (RF-520),LITER,STAMPING,B,0,209
7/21/2026,TA0156,1000000003,PUNCHING OIL (RF-520),LITER,STAMPING,B,0,209
6/30/2026,TA0157,Resin Tube  ( small ),RESIN TUBE  ( SMALL ),PC,GPS,A,0,36
7/1/2026,TA0157,Resin Tube  ( small ),RESIN TUBE  ( SMALL ),PC,GPS,A,0,36
7/2/2026,TA0157,Resin Tube  ( small ),RESIN TUBE  ( SMALL ),PC,GPS,A,0,35
7/3/2026,TA0157,Resin Tube  ( small ),RESIN TUBE  ( SMALL ),PC,GPS,C,0,35
7/4/2026,TA0157,Resin Tube  ( small ),RESIN TUBE  ( SMALL ),PC,GPS,C,0,34
7/5/2026,TA0157,Resin Tube  ( small ),RESIN TUBE  ( SMALL ),PC,GPS,C,0,33
7/6/2026,TA0157,Resin Tube  ( small ),RESIN TUBE  ( SMALL ),PC,GPS,C,0,33
7/7/2026,TA0157,Resin Tube  ( small ),RESIN TUBE  ( SMALL ),PC,GPS,B,0,32
7/8/2026,TA0157,Resin Tube  ( small ),RESIN TUBE  ( SMALL ),PC,GPS,B,0,32
7/9/2026,TA0157,Resin Tube  ( small ),RESIN TUBE  ( SMALL ),PC,GPS,B,0,32
7/10/2026,TA0157,Resin Tube  ( small ),RESIN TUBE  ( SMALL ),PC,GPS,B,0,32
7/11/2026,TA0157,Resin Tube  ( small ),RESIN TUBE  ( SMALL ),PC,GPS,A,0,31
7/12/2026,TA0157,Resin Tube  ( small ),RESIN TUBE  ( SMALL ),PC,GPS,A,0,30
7/13/2026,TA0157,Resin Tube  ( small ),RESIN TUBE  ( SMALL ),PC,GPS,A,0,29
7/14/2026,TA0157,Resin Tube  ( small ),RESIN TUBE  ( SMALL ),PC,GPS,A,0,29
7/15/2026,TA0157,Resin Tube  ( small ),RESIN TUBE  ( SMALL ),PC,GPS,C,0,28
7/16/2026,TA0157,Resin Tube  ( small ),RESIN TUBE  ( SMALL ),PC,GPS,C,0,28
7/17/2026,TA0157,Resin Tube  ( small ),RESIN TUBE  ( SMALL ),PC,GPS,C,0,28
7/18/2026,TA0157,Resin Tube  ( small ),RESIN TUBE  ( SMALL ),PC,GPS,C,0,27
7/19/2026,TA0157,Resin Tube  ( small ),RESIN TUBE  ( SMALL ),PC,GPS,B,0,27
7/20/2026,TA0157,Resin Tube  ( small ),RESIN TUBE  ( SMALL ),PC,GPS,B,0,27
7/21/2026,TA0157,Resin Tube  ( small ),RESIN TUBE  ( SMALL ),PC,GPS,B,0,26
6/30/2026,TA0158,1201301008,RFE-300,KG,POLYMER,A,0,16
7/1/2026,TA0158,1201301008,RFE-300,KG,POLYMER,A,4,20
7/2/2026,TA0158,1201301008,RFE-300,KG,POLYMER,A,4,20
7/3/2026,TA0158,1201301008,RFE-300,KG,POLYMER,C,0,20
7/4/2026,TA0158,1201301008,RFE-300,KG,POLYMER,C,0,20
7/5/2026,TA0158,1201301008,RFE-300,KG,POLYMER,C,0,20
7/6/2026,TA0158,1201301008,RFE-300,KG,POLYMER,C,0,20
7/7/2026,TA0158,1201301008,RFE-300,KG,POLYMER,B,0,20
7/8/2026,TA0158,1201301008,RFE-300,KG,POLYMER,B,0,20
7/9/2026,TA0158,1201301008,RFE-300,KG,POLYMER,B,0,20
7/10/2026,TA0158,1201301008,RFE-300,KG,POLYMER,B,0,20
7/11/2026,TA0158,1201301008,RFE-300,KG,POLYMER,A,0,20
7/12/2026,TA0158,1201301008,RFE-300,KG,POLYMER,A,0,16
7/13/2026,TA0158,1201301008,RFE-300,KG,POLYMER,A,0,16
7/14/2026,TA0158,1201301008,RFE-300,KG,POLYMER,A,0,16
7/15/2026,TA0158,1201301008,RFE-300,KG,POLYMER,C,0,16
7/16/2026,TA0158,1201301008,RFE-300,KG,POLYMER,C,0,16
7/17/2026,TA0158,1201301008,RFE-300,KG,POLYMER,C,0,16
7/18/2026,TA0158,1201301008,RFE-300,KG,POLYMER,C,0,16
7/19/2026,TA0158,1201301008,RFE-300,KG,POLYMER,C,0,16
7/20/2026,TA0158,1201301008,RFE-300,KG,POLYMER,B,0,12
7/21/2026,TA0158,1201301008,RFE-300,KG,POLYMER,B,0,12
6/30/2026,TA0159,1201301009,RFE-D,KG,POLYMER,A,0,10
7/1/2026,TA0159,1201301009,RFE-D,KG,POLYMER,A,0,9
7/2/2026,TA0159,1201301009,RFE-D,KG,POLYMER,A,0,8
7/3/2026,TA0159,1201301009,RFE-D,KG,POLYMER,C,0,8
7/4/2026,TA0159,1201301009,RFE-D,KG,POLYMER,C,0,8
7/5/2026,TA0159,1201301009,RFE-D,KG,POLYMER,C,0,8
7/6/2026,TA0159,1201301009,RFE-D,KG,POLYMER,C,0,7
7/7/2026,TA0159,1201301009,RFE-D,KG,POLYMER,B,0,7
7/8/2026,TA0159,1201301009,RFE-D,KG,POLYMER,B,0,7
7/9/2026,TA0159,1201301009,RFE-D,KG,POLYMER,B,0,7
7/10/2026,TA0159,1201301009,RFE-D,KG,POLYMER,B,0,7
7/11/2026,TA0159,1201301009,RFE-D,KG,POLYMER,A,0,6
7/12/2026,TA0159,1201301009,RFE-D,KG,POLYMER,A,0,5
7/13/2026,TA0159,1201301009,RFE-D,KG,POLYMER,A,0,5
7/14/2026,TA0159,1201301009,RFE-D,KG,POLYMER,A,0,5
7/15/2026,TA0159,1201301009,RFE-D,KG,POLYMER,C,0,4
7/16/2026,TA0159,1201301009,RFE-D,KG,POLYMER,C,0,4
7/17/2026,TA0159,1201301009,RFE-D,KG,POLYMER,C,10,14
7/18/2026,TA0159,1201301009,RFE-D,KG,POLYMER,C,0,14
7/19/2026,TA0159,1201301009,RFE-D,KG,POLYMER,C,0,13
7/20/2026,TA0159,1201301009,RFE-D,KG,POLYMER,B,0,12
7/21/2026,TA0159,1201301009,RFE-D,KG,POLYMER,B,0,12
6/30/2026,TA0160,1401901012,RIBBON 76.2 X 210 M.,PC,PSLB,A,0,9
7/1/2026,TA0160,1401901012,RIBBON 76.2 X 210 M.,PC,PSLB,A,5,12
7/2/2026,TA0160,1401901012,RIBBON 76.2 X 210 M.,PC,PSLB,A,0,10
7/3/2026,TA0160,1401901012,RIBBON 76.2 X 210 M.,PC,PSLB,C,0,8
7/4/2026,TA0160,1401901012,RIBBON 76.2 X 210 M.,PC,PSLB,C,0,7
7/5/2026,TA0160,1401901012,RIBBON 76.2 X 210 M.,PC,PSLB,C,0,4
7/6/2026,TA0160,1401901012,RIBBON 76.2 X 210 M.,PC,PSLB,C,0,3
7/7/2026,TA0160,1401901012,RIBBON 76.2 X 210 M.,PC,PSLB,B,0,3
7/8/2026,TA0160,1401901012,RIBBON 76.2 X 210 M.,PC,PSLB,B,10,2
7/9/2026,TA0160,1401901012,RIBBON 76.2 X 210 M.,PC,PSLB,B,0,11
7/10/2026,TA0160,1401901012,RIBBON 76.2 X 210 M.,PC,PSLB,B,0,11
7/11/2026,TA0160,1401901012,RIBBON 76.2 X 210 M.,PC,PSLB,A,0,9
7/12/2026,TA0160,1401901012,RIBBON 76.2 X 210 M.,PC,PSLB,A,0,7
7/13/2026,TA0160,1401901012,RIBBON 76.2 X 210 M.,PC,PSLB,A,5,5
7/14/2026,TA0160,1401901012,RIBBON 76.2 X 210 M.,PC,PSLB,A,,6
7/15/2026,TA0160,1401901012,RIBBON 76.2 X 210 M.,PC,PSLB,C,10,15
7/16/2026,TA0160,1401901012,RIBBON 76.2 X 210 M.,PC,PSLB,C,0,13
7/17/2026,TA0160,1401901012,RIBBON 76.2 X 210 M.,PC,PSLB,C,5,16
7/18/2026,TA0160,1401901012,RIBBON 76.2 X 210 M.,PC,PSLB,C,0,15
7/19/2026,TA0160,1401901012,RIBBON 76.2 X 210 M.,PC,PSLB,B,0,12
7/20/2026,TA0160,1401901012,RIBBON 76.2 X 210 M.,PC,PSLB,B,0,11
7/21/2026,TA0160,1401901012,RIBBON 76.2 X 210 M.,PC,PSLB,B,0,9
6/30/2026,TA0161,1201500008,RUBCLEAN,KG,PSLA,A,0,8.1
7/1/2026,TA0161,1201500008,RUBCLEAN,KG,PSLA,C,0,7.4
7/2/2026,TA0161,1201500008,RUBCLEAN,KG,PSLA,A,0,7.4
7/3/2026,TA0161,1201500008,RUBCLEAN,KG,PSLA,C,0,7.03
7/4/2026,TA0161,1201500008,RUBCLEAN,KG,PSLA,C,0,7.03
7/5/2026,TA0161,1201500008,RUBCLEAN,KG,PSLA,C,0,6.02
7/6/2026,TA0161,1201500008,RUBCLEAN,KG,PSLA,C,0,6.02
7/7/2026,TA0161,1201500008,RUBCLEAN,KG,PSLA,B,0,5.32
7/8/2026,TA0161,1201500008,RUBCLEAN,KG,PSLA,B,0,4.97
7/9/2026,TA0161,1201500008,RUBCLEAN,KG,PSLA,B,0,4.61
7/10/2026,TA0161,1201500008,RUBCLEAN,KG,PSLA,B,0,4.61
7/11/2026,TA0161,1201500008,RUBCLEAN,KG,PSLA,A,0,4.28
7/12/2026,TA0161,1201500008,RUBCLEAN,KG,PSLA,A,0,3.57
7/13/2026,TA0161,1201500008,RUBCLEAN,KG,PSLA,A,10,12.85
7/14/2026,TA0161,1201500008,RUBCLEAN,KG,PSLA,A,0,12.52
7/15/2026,TA0161,1201500008,RUBCLEAN,KG,PSLA,C,0,12.14
7/16/2026,TA0161,1201500008,RUBCLEAN,KG,PSLA,C,0,12.14
7/17/2026,TA0161,1201500008,RUBCLEAN,KG,PSLA,C,0,12.14
7/18/2026,TA0161,1201500008,RUBCLEAN,KG,PSLA,C,0,11.14
7/19/2026,TA0161,1201500008,RUBCLEAN,KG,PSLA,B,0,10.69
7/20/2026,TA0161,1201500008,RUBCLEAN,KG,PSLA,B,0,10.69
7/21/2026,TA0161,1201500008,RUBCLEAN,KG,PSLA,B,0,10.02
6/30/2026,TA0162,1201500008,RUBCLEAN,KG,PSLB,A,0,26.1
7/1/2026,TA0162,1201500008,RUBCLEAN,KG,PSLB,A,0,20
7/2/2026,TA0162,1201500008,RUBCLEAN,KG,PSLB,A,30,44
7/3/2026,TA0162,1201500008,RUBCLEAN,KG,PSLB,C,0,39
7/4/2026,TA0162,1201500008,RUBCLEAN,KG,PSLB,C,0,32.6
7/5/2026,TA0162,1201500008,RUBCLEAN,KG,PSLB,C,0,27.3
7/6/2026,TA0162,1201500008,RUBCLEAN,KG,PSLB,C,10,33
7/7/2026,TA0162,1201500008,RUBCLEAN,KG,PSLB,B,0,27.6
7/8/2026,TA0162,1201500008,RUBCLEAN,KG,PSLB,B,0,21.7
7/9/2026,TA0162,1201500008,RUBCLEAN,KG,PSLB,B,20,36.2
7/10/2026,TA0162,1201500008,RUBCLEAN,KG,PSLB,B,0,31.8
7/11/2026,TA0162,1201500008,RUBCLEAN,KG,PSLB,A,0,25.7
7/12/2026,TA0162,1201500008,RUBCLEAN,KG,PSLB,A,0,19
7/13/2026,TA0162,1201500008,RUBCLEAN,KG,PSLB,A,10,24
7/14/2026,TA0162,1201500008,RUBCLEAN,KG,PSLB,A,0,18
7/15/2026,TA0162,1201500008,RUBCLEAN,KG,PSLB,C,10,23.5
7/16/2026,TA0162,1201500008,RUBCLEAN,KG,PSLB,C,0,17.4
7/17/2026,TA0162,1201500008,RUBCLEAN,KG,PSLB,C,20,32.7
7/18/2026,TA0162,1201500008,RUBCLEAN,KG,PSLB,C,0,27
7/21/2026,TA0162,1201500008,RUBCLEAN,KG,PSLB,B,0,19.5
6/30/2026,TA0164,1201500040,SFCOAT MK-2,KG,PSLB,A,14,12.5
7/1/2026,TA0164,1201500040,SFCOAT MK-2,KG,PSLB,A,14,18
7/2/2026,TA0164,1201500040,SFCOAT MK-2,KG,PSLB,A,28,29
7/3/2026,TA0164,1201500040,SFCOAT MK-2,KG,PSLB,C,28,40
7/4/2026,TA0164,1201500040,SFCOAT MK-2,KG,PSLB,C,0,31.5
7/5/2026,TA0164,1201500040,SFCOAT MK-2,KG,PSLB,C,0,23
7/6/2026,TA0164,1201500040,SFCOAT MK-2,KG,PSLB,C,28,34
7/7/2026,TA0164,1201500040,SFCOAT MK-2,KG,PSLB,B,14,31
7/8/2026,TA0164,1201500040,SFCOAT MK-2,KG,PSLB,B,14,36.5
7/9/2026,TA0164,1201500040,SFCOAT MK-2,KG,PSLB,B,14,33.5
7/10/2026,TA0164,1201500040,SFCOAT MK-2,KG,PSLB,B,28,44.5
7/11/2026,TA0164,1201500040,SFCOAT MK-2,KG,PSLB,A,0,36
7/12/2026,TA0164,1201500040,SFCOAT MK-2,KG,PSLB,A,0,27.5
7/13/2026,TA0164,1201500040,SFCOAT MK-2,KG,PSLB,A,28,38.5
7/14/2026,TA0164,1201500040,SFCOAT MK-2,KG,PSLB,A,14,44
7/15/2026,TA0164,1201500040,SFCOAT MK-2,KG,PSLB,C,28,55
7/16/2026,TA0164,1201500040,SFCOAT MK-2,KG,PSLB,C,14,60.5
7/17/2026,TA0164,1201500040,SFCOAT MK-2,KG,PSLB,C,28,80
7/18/2026,TA0164,1201500040,SFCOAT MK-2,KG,PSLB,C,0,63
7/21/2026,TA0164,1201500040,SFCOAT MK-2,KG,PSLB,B,0,57
6/30/2026,TA0165,1201400002,SILCOAT RN - 10AO,KG,PSLB,A,0,6.57
7/1/2026,TA0165,1201400002,SILCOAT RN - 10AO,KG,PSLB,A,4.5,9.585
7/2/2026,TA0165,1201400002,SILCOAT RN - 10AO,KG,PSLB,A,0,8.01
7/3/2026,TA0165,1201400002,SILCOAT RN - 10AO,KG,PSLB,C,2.7,9.18
7/4/2026,TA0165,1201400002,SILCOAT RN - 10AO,KG,PSLB,C,0,7.59
7/5/2026,TA0165,1201400002,SILCOAT RN - 10AO,KG,PSLB,C,0,5.985
7/6/2026,TA0165,1201400002,SILCOAT RN - 10AO,KG,PSLB,C,0,4.365
7/7/2026,TA0165,1201400002,SILCOAT RN - 10AO,KG,PSLB,B,4.5,7.245
7/8/2026,TA0165,1201400002,SILCOAT RN - 10AO,KG,PSLB,B,0,5.625
7/9/2026,TA0165,1201400002,SILCOAT RN - 10AO,KG,PSLB,B,0,4.035
7/10/2026,TA0165,1201400002,SILCOAT RN - 10AO,KG,PSLB,B,4.5,6.99
7/11/2026,TA0165,1201400002,SILCOAT RN - 10AO,KG,PSLB,A,0,5.475
7/12/2026,TA0165,1201400002,SILCOAT RN - 10AO,KG,PSLB,A,0,3.915
7/13/2026,TA0165,1201400002,SILCOAT RN - 10AO,KG,PSLB,A,4.5,6.825
7/14/2026,TA0165,1201400002,SILCOAT RN - 10AO,KG,PSLB,A,0,5.265
7/15/2026,TA0165,1201400002,SILCOAT RN - 10AO,KG,PSLB,C,4.5,8.145
7/16/2026,TA0165,1201400002,SILCOAT RN - 10AO,KG,PSLB,C,0,6.48
7/17/2026,TA0165,1201400002,SILCOAT RN - 10AO,KG,PSLB,C,2.7,7.545
7/18/2026,TA0165,1201400002,SILCOAT RN - 10AO,KG,PSLB,C,0,5.97
7/21/2026,TA0165,1201400002,SILCOAT RN - 10AO,KG,PSLB,B,0,5.805
6/30/2026,TA0166,1201400003,SILCOAT RN - 10BO,KG,PSLB,A,0,2.19
7/1/2026,TA0166,1201400003,SILCOAT RN - 10BO,KG,PSLB,A,1.5,3.195
7/2/2026,TA0166,1201400003,SILCOAT RN - 10BO,KG,PSLB,A,0,2.67
7/3/2026,TA0166,1201400003,SILCOAT RN - 10BO,KG,PSLB,C,0.9,3.06
7/4/2026,TA0166,1201400003,SILCOAT RN - 10BO,KG,PSLB,C,0,2.53
7/5/2026,TA0166,1201400003,SILCOAT RN - 10BO,KG,PSLB,C,0,1.995
7/6/2026,TA0166,1201400003,SILCOAT RN - 10BO,KG,PSLB,C,0,1.455
7/7/2026,TA0166,1201400003,SILCOAT RN - 10BO,KG,PSLB,B,1.5,2.415
7/8/2026,TA0166,1201400003,SILCOAT RN - 10BO,KG,PSLB,B,0,1.875
7/9/2026,TA0166,1201400003,SILCOAT RN - 10BO,KG,PSLB,B,0,1.345
7/10/2026,TA0166,1201400003,SILCOAT RN - 10BO,KG,PSLB,B,1.5,2.33
7/11/2026,TA0166,1201400003,SILCOAT RN - 10BO,KG,PSLB,A,0,1.825
7/12/2026,TA0166,1201400003,SILCOAT RN - 10BO,KG,PSLB,A,0,1.305
7/13/2026,TA0166,1201400003,SILCOAT RN - 10BO,KG,PSLB,A,1.5,2.275
7/14/2026,TA0166,1201400003,SILCOAT RN - 10BO,KG,PSLB,A,0,1.755
7/15/2026,TA0166,1201400003,SILCOAT RN - 10BO,KG,PSLB,C,1.5,2.715
7/16/2026,TA0166,1201400003,SILCOAT RN - 10BO,KG,PSLB,C,0,2.16
7/17/2026,TA0166,1201400003,SILCOAT RN - 10BO,KG,PSLB,C,0.9,2.515
7/18/2026,TA0166,1201400003,SILCOAT RN - 10BO,KG,PSLB,C,0,1.99
7/21/2026,TA0166,1201400003,SILCOAT RN - 10BO,KG,PSLB,B,0,1.935
6/30/2026,TA0167,1401904017,SILICA GEL ST10G (NB),PC,GPS,A,0,0
7/1/2026,TA0167,1401904017,SILICA GEL ST10G (NB),PC,GPS,A,0,0
7/2/2026,TA0167,1401904017,SILICA GEL ST10G (NB),PC,GPS,A,0,0
7/7/2026,TA0167,1401904017,SILICA GEL ST10G (NB),PC,GPS,B,0,0
7/8/2026,TA0167,1401904017,SILICA GEL ST10G (NB),PC,GPS,B,0,0
7/9/2026,TA0167,1401904017,SILICA GEL ST10G (NB),PC,GPS,B,0,0
7/10/2026,TA0167,1401904017,SILICA GEL ST10G (NB),PC,GPS,B,0,0
7/11/2026,TA0167,1401904017,SILICA GEL ST10G (NB),PC,GPS,A,0,0
7/12/2026,TA0167,1401904017,SILICA GEL ST10G (NB),PC,GPS,A,0,0
7/13/2026,TA0167,1401904017,SILICA GEL ST10G (NB),PC,GPS,A,0,0
7/14/2026,TA0167,1401904017,SILICA GEL ST10G (NB),PC,GPS,A,0,0
7/19/2026,TA0167,1401904017,SILICA GEL ST10G (NB),PC,GPS,B,0,0
7/20/2026,TA0167,1401904017,SILICA GEL ST10G (NB),PC,GPS,B,0,0
7/21/2026,TA0167,1401904017,SILICA GEL ST10G (NB),PC,GPS,B,0,0
6/30/2026,TA0168,1201201004,SILICONE COATING (R6102),G,ANODIZE,A,906,906
7/1/2026,TA0168,1201201004,SILICONE COATING (R6102),G,ANODIZE,A,0,606
7/2/2026,TA0168,1201201004,SILICONE COATING (R6102),G,ANODIZE,A,0,406
7/3/2026,TA0168,1201201004,SILICONE COATING (R6102),G,ANODIZE,C,906,906
7/4/2026,TA0168,1201201004,SILICONE COATING (R6102),G,ANODIZE,C,0,556
7/5/2026,TA0168,1201201004,SILICONE COATING (R6102),G,ANODIZE,C,0,256
7/6/2026,TA0168,1201201004,SILICONE COATING (R6102),G,ANODIZE,C,906,1062
7/7/2026,TA0168,1201201004,SILICONE COATING (R6102),G,ANODIZE,B,0,753
7/8/2026,TA0168,1201201004,SILICONE COATING (R6102),G,ANODIZE,B,906,1359
7/9/2026,TA0168,1201201004,SILICONE COATING (R6102),G,ANODIZE,B,0,1056
7/10/2026,TA0168,1201201004,SILICONE COATING (R6102),G,ANODIZE,B,906,1662
7/11/2026,TA0168,1201201004,SILICONE COATING (R6102),G,ANODIZE,A,0,1262
7/12/2026,TA0168,1201201004,SILICONE COATING (R6102),G,ANODIZE,A,0,1040
7/13/2026,TA0168,1201201004,SILICONE COATING (R6102),G,ANODIZE,A,0,740
7/14/2026,TA0168,1201201004,SILICONE COATING (R6102),G,ANODIZE,A,0,440
7/15/2026,TA0168,1201201004,SILICONE COATING (R6102),G,ANODIZE,C,906,1146
7/16/2026,TA0168,1201201004,SILICONE COATING (R6102),G,ANODIZE,C,0,906
7/17/2026,TA0168,1201201004,SILICONE COATING (R6102),G,ANODIZE,C,906,1512
7/18/2026,TA0168,1201201004,SILICONE COATING (R6102),G,ANODIZE,C,0,1209
7/19/2026,TA0168,1201201004,SILICONE COATING (R6102),G,ANODIZE,B,0,856
7/20/2026,TA0168,1201201004,SILICONE COATING (R6102),G,ANODIZE,B,906,1359
7/21/2026,TA0168,1201201004,SILICONE COATING (R6102),G,ANODIZE,B,0,1159
6/30/2026,TA0169,1201301007,SILVER N-2061(SHOE),KG,POLYMER,A,10,15
7/1/2026,TA0169,1201301007,SILVER N-2061(SHOE),KG,POLYMER,A,40,40
7/2/2026,TA0169,1201301007,SILVER N-2061(SHOE),KG,POLYMER,A,40,60
7/3/2026,TA0169,1201301007,SILVER N-2061(SHOE),KG,POLYMER,C,40,80
7/4/2026,TA0169,1201301007,SILVER N-2061(SHOE),KG,POLYMER,C,0,70
7/5/2026,TA0169,1201301007,SILVER N-2061(SHOE),KG,POLYMER,C,0,50
7/6/2026,TA0169,1201301007,SILVER N-2061(SHOE),KG,POLYMER,C,20,50
7/7/2026,TA0169,1201301007,SILVER N-2061(SHOE),KG,POLYMER,B,20,55
7/8/2026,TA0169,1201301007,SILVER N-2061(SHOE),KG,POLYMER,B,20,60
7/9/2026,TA0169,1201301007,SILVER N-2061(SHOE),KG,POLYMER,B,20,60
7/10/2026,TA0169,1201301007,SILVER N-2061(SHOE),KG,POLYMER,B,40,85
7/11/2026,TA0169,1201301007,SILVER N-2061(SHOE),KG,POLYMER,A,0,65
7/12/2026,TA0169,1201301007,SILVER N-2061(SHOE),KG,POLYMER,A,0,50
7/13/2026,TA0169,1201301007,SILVER N-2061(SHOE),KG,POLYMER,A,20,50
7/14/2026,TA0169,1201301007,SILVER N-2061(SHOE),KG,POLYMER,A,20,55
7/15/2026,TA0169,1201301007,SILVER N-2061(SHOE),KG,POLYMER,C,20,60
7/16/2026,TA0169,1201301007,SILVER N-2061(SHOE),KG,POLYMER,C,30,75
7/17/2026,TA0169,1201301007,SILVER N-2061(SHOE),KG,POLYMER,C,30,90
7/18/2026,TA0169,1201301007,SILVER N-2061(SHOE),KG,POLYMER,C,0,70
7/19/2026,TA0169,1201301007,SILVER N-2061(SHOE),KG,POLYMER,C,0,55
7/20/2026,TA0169,1201301007,SILVER N-2061(SHOE),KG,POLYMER,B,20,55
7/21/2026,TA0169,1201301007,SILVER N-2061(SHOE),KG,POLYMER,B,30,65
6/30/2026,TA0170,10000000005,SODIUM CHLORIDE,KG,PRESSING,A,0,275
7/1/2026,TA0170,10000000005,SODIUM CHLORIDE,KG,PRESSING,A,0,275
7/2/2026,TA0170,10000000005,SODIUM CHLORIDE,KG,PRESSING,A,0,275
7/3/2026,TA0170,10000000005,SODIUM CHLORIDE,KG,PRESSING,C,0,275
7/4/2026,TA0170,10000000005,SODIUM CHLORIDE,KG,PRESSING,C,0,275
7/5/2026,TA0170,10000000005,SODIUM CHLORIDE,KG,PRESSING,C,0,275
7/6/2026,TA0170,10000000005,SODIUM CHLORIDE,KG,PRESSING,C,0,275
7/7/2026,TA0170,10000000005,SODIUM CHLORIDE,KG,PRESSING,B,0,275
7/8/2026,TA0170,10000000005,SODIUM CHLORIDE,KG,PRESSING,B,0,275
7/9/2026,TA0170,10000000005,SODIUM CHLORIDE,KG,PRESSING,B,0,275
7/10/2026,TA0170,10000000005,SODIUM CHLORIDE,KG,PRESSING,B,0,275
7/11/2026,TA0170,10000000005,SODIUM CHLORIDE,KG,PRESSING,A,0,275
7/12/2026,TA0170,10000000005,SODIUM CHLORIDE,KG,PRESSING,A,0,275
7/13/2026,TA0170,10000000005,SODIUM CHLORIDE,KG,PRESSING,A,0,275
7/14/2026,TA0170,10000000005,SODIUM CHLORIDE,KG,PRESSING,A,0,275
7/15/2026,TA0170,10000000005,SODIUM CHLORIDE,KG,PRESSING,C,0,275
7/16/2026,TA0170,10000000005,SODIUM CHLORIDE,KG,PRESSING,C,0,275
7/17/2026,TA0170,10000000005,SODIUM CHLORIDE,KG,PRESSING,C,0,275
7/18/2026,TA0170,10000000005,SODIUM CHLORIDE,KG,PRESSING,C,0,275
7/19/2026,TA0170,10000000005,SODIUM CHLORIDE,KG,PRESSING,B,0,275
7/20/2026,TA0170,10000000005,SODIUM CHLORIDE,KG,PRESSING,B,0,275
7/21/2026,TA0170,10000000005,SODIUM CHLORIDE,KG,PRESSING,B,0,275
6/30/2026,TA0171,1201200001,SODIUM TETRABORATE,KG,ANODIZE,A,20000,23347
7/1/2026,TA0171,1201200001,SODIUM TETRABORATE,KG,ANODIZE,A,0,19425
7/2/2026,TA0171,1201200001,SODIUM TETRABORATE,KG,ANODIZE,A,0,16190
7/3/2026,TA0171,1201200001,SODIUM TETRABORATE,KG,ANODIZE,C,0,12686
7/4/2026,TA0171,1201200001,SODIUM TETRABORATE,KG,ANODIZE,C,0,12686
7/5/2026,TA0171,1201200001,SODIUM TETRABORATE,KG,ANODIZE,C,0,5535
7/6/2026,TA0171,1201200001,SODIUM TETRABORATE,KG,ANODIZE,C,20000,22031
7/7/2026,TA0171,1201200001,SODIUM TETRABORATE,KG,ANODIZE,B,0,18527
7/8/2026,TA0171,1201200001,SODIUM TETRABORATE,KG,ANODIZE,B,0,15305
7/9/2026,TA0171,1201200001,SODIUM TETRABORATE,KG,ANODIZE,B,0,11785
7/10/2026,TA0171,1201200001,SODIUM TETRABORATE,KG,ANODIZE,B,20000,28573
7/11/2026,TA0171,1201200001,SODIUM TETRABORATE,KG,ANODIZE,A,0,24700
7/12/2026,TA0171,1201200001,SODIUM TETRABORATE,KG,ANODIZE,A,0,21100
7/13/2026,TA0171,1201200001,SODIUM TETRABORATE,KG,ANODIZE,A,0,17440
7/14/2026,TA0171,1201200001,SODIUM TETRABORATE,KG,ANODIZE,A,0,13470
7/15/2026,TA0171,1201200001,SODIUM TETRABORATE,KG,ANODIZE,C,0,9966
7/16/2026,TA0171,1201200001,SODIUM TETRABORATE,KG,ANODIZE,C,20000,26462
7/17/2026,TA0171,1201200001,SODIUM TETRABORATE,KG,ANODIZE,C,0,22958
7/18/2026,TA0171,1201200001,SODIUM TETRABORATE,KG,ANODIZE,C,0,19454
7/19/2026,TA0171,1201200001,SODIUM TETRABORATE,KG,ANODIZE,B,0,16795
7/20/2026,TA0171,1201200001,SODIUM TETRABORATE,KG,ANODIZE,B,0,13583
7/21/2026,TA0171,1201200001,SODIUM TETRABORATE,KG,ANODIZE,B,0,9735
6/30/2026,TA0172,1405100013,SOMIX AP7   (1405100013),G,FPSB,A,0,14690
7/1/2026,TA0172,1405100013,SOMIX AP7   (1405100013),G,FPSB,A,0,13720
7/2/2026,TA0172,1405100013,SOMIX AP7   (1405100013),G,FPSB,A,0,12200
7/3/2026,TA0172,1405100013,SOMIX AP7   (1405100013),G,FPSB,C,0,11680
7/4/2026,TA0172,1405100013,SOMIX AP7   (1405100013),G,FPSB,C,0,10670
7/5/2026,TA0172,1405100013,SOMIX AP7   (1405100013),G,FPSB,C,0,9570
7/6/2026,TA0172,1405100013,SOMIX AP7   (1405100013),G,FPSB,C,0,8110
7/7/2026,TA0172,1405100013,SOMIX AP7   (1405100013),G,FPSB,B,0,7220
7/8/2026,TA0172,1405100013,SOMIX AP7   (1405100013),G,FPSB,B,0,6220
7/9/2026,TA0172,1405100013,SOMIX AP7   (1405100013),G,FPSB,B,0,4490
7/10/2026,TA0172,1405100013,SOMIX AP7   (1405100013),G,FPSB,B,16000,19710
7/11/2026,TA0172,1405100013,SOMIX AP7   (1405100013),G,FPSB,A,0,17780
7/12/2026,TA0172,1405100013,SOMIX AP7   (1405100013),G,FPSB,A,0,16880
7/13/2026,TA0172,1405100013,SOMIX AP7   (1405100013),G,FPSB,A,0,16000
7/14/2026,TA0172,1405100013,SOMIX AP7   (1405100013),G,FPSB,A,0,14390
7/15/2026,TA0172,1405100013,SOMIX AP7   (1405100013),G,FPSB,C,0,13760
7/16/2026,TA0172,1405100013,SOMIX AP7   (1405100013),G,FPSB,C,0,11900
7/17/2026,TA0172,1405100013,SOMIX AP7   (1405100013),G,FPSB,C,0,10930
7/18/2026,TA0172,1405100013,SOMIX AP7   (1405100013),G,FPSB,C,0,9410
7/19/2026,TA0172,1405100013,SOMIX AP7   (1405100013),G,FPSB,B,0,8670
7/20/2026,TA0172,1405100013,SOMIX AP7   (1405100013),G,FPSB,B,0,8320
7/21/2026,TA0172,1405100013,SOMIX AP7   (1405100013),G,FPSB,B,0,7300
6/30/2026,TA0173,Spay Daifee GA-7500 (Molding),SPAY DAIFEE GA-7500 (MOLDING),PC,FPSB,A,0,19
7/1/2026,TA0173,Spay Daifee GA-7500 (Molding),SPAY DAIFEE GA-7500 (MOLDING),PC,FPSB,A,0,18
7/2/2026,TA0173,Spay Daifee GA-7500 (Molding),SPAY DAIFEE GA-7500 (MOLDING),PC,FPSB,A,0,18
7/3/2026,TA0173,Spay Daifee GA-7500 (Molding),SPAY DAIFEE GA-7500 (MOLDING),PC,FPSB,C,0,18
7/4/2026,TA0173,Spay Daifee GA-7500 (Molding),SPAY DAIFEE GA-7500 (MOLDING),PC,FPSB,C,0,18
7/5/2026,TA0173,Spay Daifee GA-7500 (Molding),SPAY DAIFEE GA-7500 (MOLDING),PC,FPSB,C,0,17
7/6/2026,TA0173,Spay Daifee GA-7500 (Molding),SPAY DAIFEE GA-7500 (MOLDING),PC,FPSB,C,0,17
7/7/2026,TA0173,Spay Daifee GA-7500 (Molding),SPAY DAIFEE GA-7500 (MOLDING),PC,FPSB,B,0,17
7/8/2026,TA0173,Spay Daifee GA-7500 (Molding),SPAY DAIFEE GA-7500 (MOLDING),PC,FPSB,B,0,17
7/9/2026,TA0173,Spay Daifee GA-7500 (Molding),SPAY DAIFEE GA-7500 (MOLDING),PC,FPSB,B,0,17
7/10/2026,TA0173,Spay Daifee GA-7500 (Molding),SPAY DAIFEE GA-7500 (MOLDING),PC,FPSB,B,12,28
7/11/2026,TA0173,Spay Daifee GA-7500 (Molding),SPAY DAIFEE GA-7500 (MOLDING),PC,FPSB,A,0,28
7/12/2026,TA0173,Spay Daifee GA-7500 (Molding),SPAY DAIFEE GA-7500 (MOLDING),PC,FPSB,A,0,27
7/13/2026,TA0173,Spay Daifee GA-7500 (Molding),SPAY DAIFEE GA-7500 (MOLDING),PC,FPSB,A,0,27
7/14/2026,TA0173,Spay Daifee GA-7500 (Molding),SPAY DAIFEE GA-7500 (MOLDING),PC,FPSB,A,0,26
7/15/2026,TA0173,Spay Daifee GA-7500 (Molding),SPAY DAIFEE GA-7500 (MOLDING),PC,FPSB,C,0,26
7/16/2026,TA0173,Spay Daifee GA-7500 (Molding),SPAY DAIFEE GA-7500 (MOLDING),PC,FPSB,C,0,26
7/17/2026,TA0173,Spay Daifee GA-7500 (Molding),SPAY DAIFEE GA-7500 (MOLDING),PC,FPSB,C,0,26
7/18/2026,TA0173,Spay Daifee GA-7500 (Molding),SPAY DAIFEE GA-7500 (MOLDING),PC,FPSB,C,0,25
7/19/2026,TA0173,Spay Daifee GA-7500 (Molding),SPAY DAIFEE GA-7500 (MOLDING),PC,FPSB,B,0,25
7/20/2026,TA0173,Spay Daifee GA-7500 (Molding),SPAY DAIFEE GA-7500 (MOLDING),PC,FPSB,B,0,25
7/21/2026,TA0173,Spay Daifee GA-7500 (Molding),SPAY DAIFEE GA-7500 (MOLDING),PC,FPSB,B,0,25
6/30/2026,TA0174,1205101007,SPOOL TYPE (25UCN)  METEK,KG,STAMPING,A,0,3132.11
7/1/2026,TA0174,1205101007,SPOOL TYPE (25UCN)  METEK,KG,STAMPING,A,0,2666.11
7/2/2026,TA0174,1205101007,SPOOL TYPE (25UCN)  METEK,KG,STAMPING,A,1277.8,3463.41
7/3/2026,TA0174,1205101007,SPOOL TYPE (25UCN)  METEK,KG,STAMPING,C,616,3568.01
7/4/2026,TA0174,1205101007,SPOOL TYPE (25UCN)  METEK,KG,STAMPING,C,0,3131.01
7/5/2026,TA0174,1205101007,SPOOL TYPE (25UCN)  METEK,KG,STAMPING,C,621.5,3318.51
7/6/2026,TA0174,1205101007,SPOOL TYPE (25UCN)  METEK,KG,STAMPING,C,1318.2,4204.91
7/7/2026,TA0174,1205101007,SPOOL TYPE (25UCN)  METEK,KG,STAMPING,B,358.4,4072.81
7/8/2026,TA0174,1205101007,SPOOL TYPE (25UCN)  METEK,KG,STAMPING,B,0,3665.31
7/9/2026,TA0174,1205101007,SPOOL TYPE (25UCN)  METEK,KG,STAMPING,B,0,3239.11
7/10/2026,TA0174,1205101007,SPOOL TYPE (25UCN)  METEK,KG,STAMPING,B,1315.8,4097.39
7/11/2026,TA0174,1205101007,SPOOL TYPE (25UCN)  METEK,KG,STAMPING,A,653.8,4207.61
7/12/2026,TA0174,1205101007,SPOOL TYPE (25UCN)  METEK,KG,STAMPING,A,0,3751.31
7/13/2026,TA0174,1205101007,SPOOL TYPE (25UCN)  METEK,KG,STAMPING,A,0,3264.31
7/14/2026,TA0174,1205101007,SPOOL TYPE (25UCN)  METEK,KG,STAMPING,A,1272.6,4089.41
7/15/2026,TA0174,1205101007,SPOOL TYPE (25UCN)  METEK,KG,STAMPING,C,0,3575.31
7/16/2026,TA0174,1205101007,SPOOL TYPE (25UCN)  METEK,KG,STAMPING,C,532,3662.81
7/17/2026,TA0174,1205101007,SPOOL TYPE (25UCN)  METEK,KG,STAMPING,C,671,3871.81
7/18/2026,TA0174,1205101007,SPOOL TYPE (25UCN)  METEK,KG,STAMPING,C,528.7,3918.41
7/19/2026,TA0174,1205101007,SPOOL TYPE (25UCN)  METEK,KG,STAMPING,B,0,3636.41
7/20/2026,TA0174,1205101007,SPOOL TYPE (25UCN)  METEK,KG,STAMPING,B,1308.1,4372.71
7/21/2026,TA0174,1205101007,SPOOL TYPE (25UCN)  METEK,KG,STAMPING,B,0,3927.71
6/30/2026,TA0175,1205101006,SPOOL TYPE (25UCN)  NRK,KG,STAMPING,A,0,19
7/1/2026,TA0175,1205101006,SPOOL TYPE (25UCN)  NRK,KG,STAMPING,A,0,19
7/2/2026,TA0175,1205101006,SPOOL TYPE (25UCN)  NRK,KG,STAMPING,A,0,19
7/3/2026,TA0175,1205101006,SPOOL TYPE (25UCN)  NRK,KG,STAMPING,C,0,19
7/4/2026,TA0175,1205101006,SPOOL TYPE (25UCN)  NRK,KG,STAMPING,C,0,19
7/5/2026,TA0175,1205101006,SPOOL TYPE (25UCN)  NRK,KG,STAMPING,C,0,19
7/6/2026,TA0175,1205101006,SPOOL TYPE (25UCN)  NRK,KG,STAMPING,C,0,19
7/7/2026,TA0175,1205101006,SPOOL TYPE (25UCN)  NRK,KG,STAMPING,B,0,19
7/8/2026,TA0175,1205101006,SPOOL TYPE (25UCN)  NRK,KG,STAMPING,B,0,19
7/9/2026,TA0175,1205101006,SPOOL TYPE (25UCN)  NRK,KG,STAMPING,B,0,19
7/10/2026,TA0175,1205101006,SPOOL TYPE (25UCN)  NRK,KG,STAMPING,B,0,19
7/11/2026,TA0175,1205101006,SPOOL TYPE (25UCN)  NRK,KG,STAMPING,A,0,19
7/12/2026,TA0175,1205101006,SPOOL TYPE (25UCN)  NRK,KG,STAMPING,A,0,19
7/13/2026,TA0175,1205101006,SPOOL TYPE (25UCN)  NRK,KG,STAMPING,A,0,19
7/14/2026,TA0175,1205101006,SPOOL TYPE (25UCN)  NRK,KG,STAMPING,A,0,19
7/15/2026,TA0175,1205101006,SPOOL TYPE (25UCN)  NRK,KG,STAMPING,C,0,19
7/16/2026,TA0175,1205101006,SPOOL TYPE (25UCN)  NRK,KG,STAMPING,C,0,19
7/17/2026,TA0175,1205101006,SPOOL TYPE (25UCN)  NRK,KG,STAMPING,C,0,19
7/18/2026,TA0175,1205101006,SPOOL TYPE (25UCN)  NRK,KG,STAMPING,C,0,19
7/19/2026,TA0175,1205101006,SPOOL TYPE (25UCN)  NRK,KG,STAMPING,B,0,19
7/20/2026,TA0175,1205101006,SPOOL TYPE (25UCN)  NRK,KG,STAMPING,B,0,19
7/21/2026,TA0175,1205101006,SPOOL TYPE (25UCN)  NRK,KG,STAMPING,B,0,19
6/30/2026,TA0176,1401901003,STICKER 7X5.3CM REMOVE,PC,PSLB,A,10000,20000
7/1/2026,TA0176,1401901003,STICKER 7X5.3CM REMOVE,PC,PSLB,A,10000,22500
7/2/2026,TA0176,1401901003,STICKER 7X5.3CM REMOVE,PC,PSLB,A,10000,27500
7/3/2026,TA0176,1401901003,STICKER 7X5.3CM REMOVE,PC,PSLB,C,10000,32500
7/4/2026,TA0176,1401901003,STICKER 7X5.3CM REMOVE,PC,PSLB,C,0,27500
7/5/2026,TA0176,1401901003,STICKER 7X5.3CM REMOVE,PC,PSLB,C,0,17500
7/6/2026,TA0176,1401901003,STICKER 7X5.3CM REMOVE,PC,PSLB,C,7500,20000
7/7/2026,TA0176,1401901003,STICKER 7X5.3CM REMOVE,PC,PSLB,B,7500,20000
7/8/2026,TA0176,1401901003,STICKER 7X5.3CM REMOVE,PC,PSLB,B,7500,20000
7/9/2026,TA0176,1401901003,STICKER 7X5.3CM REMOVE,PC,PSLB,B,10000,22500
7/10/2026,TA0176,1401901003,STICKER 7X5.3CM REMOVE,PC,PSLB,B,10000,27500
7/11/2026,TA0176,1401901003,STICKER 7X5.3CM REMOVE,PC,PSLB,A,0,30000
7/12/2026,TA0176,1401901003,STICKER 7X5.3CM REMOVE,PC,PSLB,A,0,22500
7/13/2026,TA0176,1401901003,STICKER 7X5.3CM REMOVE,PC,PSLB,A,7500,17500
7/14/2026,TA0176,1401901003,STICKER 7X5.3CM REMOVE,PC,PSLB,A,10000,22500
7/15/2026,TA0176,1401901003,STICKER 7X5.3CM REMOVE,PC,PSLB,C,7500,22500
7/16/2026,TA0176,1401901003,STICKER 7X5.3CM REMOVE,PC,PSLB,C,10000,25000
7/17/2026,TA0176,1401901003,STICKER 7X5.3CM REMOVE,PC,PSLB,C,7500,27500
7/18/2026,TA0176,1401901003,STICKER 7X5.3CM REMOVE,PC,PSLB,C,0,20000
7/19/2026,TA0176,1401901003,STICKER 7X5.3CM REMOVE,PC,PSLB,B,0,15000
7/20/2026,TA0176,1401901003,STICKER 7X5.3CM REMOVE,PC,PSLB,B,7500,15000
7/21/2026,TA0176,1401901003,STICKER 7X5.3CM REMOVE,PC,PSLB,B,10000,20000
6/30/2026,TA0177,1401400015,SYRING PS 5N,PC,PSLB,A,0,2122
7/1/2026,TA0177,1401400015,SYRING PS 5N,PC,PSLB,A,0,1840
7/2/2026,TA0177,1401400015,SYRING PS 5N,PC,PSLB,A,0,1554
7/3/2026,TA0177,1401400015,SYRING PS 5N,PC,PSLB,C,0,1268
7/4/2026,TA0177,1401400015,SYRING PS 5N,PC,PSLB,C,0,982
7/5/2026,TA0177,1401400015,SYRING PS 5N,PC,PSLB,C,0,686
7/6/2026,TA0177,1401400015,SYRING PS 5N,PC,PSLB,C,5000,5388
7/7/2026,TA0177,1401400015,SYRING PS 5N,PC,PSLB,B,0,5094
7/8/2026,TA0177,1401400015,SYRING PS 5N,PC,PSLB,B,0,4800
7/9/2026,TA0177,1401400015,SYRING PS 5N,PC,PSLB,B,0,4506
7/10/2026,TA0177,1401400015,SYRING PS 5N,PC,PSLB,B,0,4208
7/11/2026,TA0177,1401400015,SYRING PS 5N,PC,PSLB,A,0,3922
7/12/2026,TA0177,1401400015,SYRING PS 5N,PC,PSLB,A,0,3636
7/13/2026,TA0177,1401400015,SYRING PS 5N,PC,PSLB,A,0,3350
7/14/2026,TA0177,1401400015,SYRING PS 5N,PC,PSLB,A,0,3070
7/15/2026,TA0177,1401400015,SYRING PS 5N,PC,PSLB,C,5000,7772
7/16/2026,TA0177,1401400015,SYRING PS 5N,PC,PSLB,C,0,7470
7/17/2026,TA0177,1401400015,SYRING PS 5N,PC,PSLB,C,0,7176
7/18/2026,TA0177,1401400015,SYRING PS 5N,PC,PSLB,C,0,6886
7/21/2026,TA0177,1401400015,SYRING PS 5N,PC,PSLB,B,0,6025
6/30/2026,TA0178,1208101046,TA S-10 HV  (DG),G,PRESSING,A,0,0
7/1/2026,TA0178,1208101046,TA S-10 HV  (DG),G,PRESSING,A,0,0
7/2/2026,TA0178,1208101046,TA S-10 HV  (DG),G,PRESSING,A,0,0
7/3/2026,TA0178,1208101046,TA S-10 HV  (DG),G,PRESSING,C,0,0
7/4/2026,TA0178,1208101046,TA S-10 HV  (DG),G,PRESSING,C,0,0
7/6/2026,TA0178,1208101046,TA S-10 HV  (DG),G,PRESSING,C,0,0
7/7/2026,TA0178,1208101046,TA S-10 HV  (DG),G,PRESSING,B,0,0
7/8/2026,TA0178,1208101046,TA S-10 HV  (DG),G,PRESSING,B,0,0
7/9/2026,TA0178,1208101046,TA S-10 HV  (DG),G,PRESSING,B,0,0
7/10/2026,TA0178,1208101046,TA S-10 HV  (DG),G,PRESSING,B,0,0
7/11/2026,TA0178,1208101046,TA S-10 HV  (DG),G,PRESSING,A,0,0
7/12/2026,TA0178,1208101046,TA S-10 HV  (DG),G,PRESSING,A,0,0
7/13/2026,TA0178,1208101046,TA S-10 HV  (DG),G,PRESSING,A,0,0
7/14/2026,TA0178,1208101046,TA S-10 HV  (DG),G,PRESSING,A,0,0
7/15/2026,TA0178,1208101046,TA S-10 HV  (DG),G,PRESSING,C,0,0
7/16/2026,TA0178,1208101046,TA S-10 HV  (DG),G,PRESSING,C,0,0
7/17/2026,TA0178,1208101046,TA S-10 HV  (DG),G,PRESSING,C,0,0
7/18/2026,TA0178,1208101046,TA S-10 HV  (DG),G,PRESSING,C,0,0
7/19/2026,TA0178,1208101046,TA S-10 HV  (DG),G,PRESSING,B,0,0
7/20/2026,TA0178,1208101046,TA S-10 HV  (DG),G,PRESSING,B,0,0
7/21/2026,TA0178,1208101046,TA S-10 HV  (DG),G,PRESSING,B,0,0
6/30/2026,TA0179,1208101047,TA S-10HV (RG),KG,PRESSING,A,0,0
7/1/2026,TA0179,1208101047,TA S-10HV (RG),KG,PRESSING,A,0,0
7/2/2026,TA0179,1208101047,TA S-10HV (RG),KG,PRESSING,A,0,0
7/3/2026,TA0179,1208101047,TA S-10HV (RG),KG,PRESSING,C,0,0
7/4/2026,TA0179,1208101047,TA S-10HV (RG),KG,PRESSING,C,0,0
7/6/2026,TA0179,1208101047,TA S-10HV (RG),KG,PRESSING,C,0,0
7/7/2026,TA0179,1208101047,TA S-10HV (RG),KG,PRESSING,B,0,0
7/8/2026,TA0179,1208101047,TA S-10HV (RG),KG,PRESSING,B,0,0
7/9/2026,TA0179,1208101047,TA S-10HV (RG),KG,PRESSING,B,0,0
7/10/2026,TA0179,1208101047,TA S-10HV (RG),KG,PRESSING,B,0,0
7/11/2026,TA0179,1208101047,TA S-10HV (RG),KG,PRESSING,A,0,0
7/12/2026,TA0179,1208101047,TA S-10HV (RG),KG,PRESSING,A,0,0
7/13/2026,TA0179,1208101047,TA S-10HV (RG),KG,PRESSING,A,0,0
7/14/2026,TA0179,1208101047,TA S-10HV (RG),KG,PRESSING,A,0,0
7/15/2026,TA0179,1208101047,TA S-10HV (RG),KG,PRESSING,C,0,0
7/16/2026,TA0179,1208101047,TA S-10HV (RG),KG,PRESSING,C,0,0
7/17/2026,TA0179,1208101047,TA S-10HV (RG),KG,PRESSING,C,0,0
7/18/2026,TA0179,1208101047,TA S-10HV (RG),KG,PRESSING,C,0,0
7/19/2026,TA0179,1208101047,TA S-10HV (RG),KG,PRESSING,B,0,0
7/20/2026,TA0179,1208101047,TA S-10HV (RG),KG,PRESSING,B,0,0
7/21/2026,TA0179,1208101047,TA S-10HV (RG),KG,PRESSING,B,0,0
6/30/2026,TA0180,1208101044,TA S-15 HV  ( DH ),G,PRESSING,A,0,17500
7/1/2026,TA0180,1208101044,TA S-15 HV  ( DH ),G,PRESSING,A,0,0
7/2/2026,TA0180,1208101044,TA S-15 HV  ( DH ),G,PRESSING,A,0,0
7/3/2026,TA0180,1208101044,TA S-15 HV  ( DH ),G,PRESSING,C,0,0
7/4/2026,TA0180,1208101044,TA S-15 HV  ( DH ),G,PRESSING,C,0,0
7/6/2026,TA0180,1208101044,TA S-15 HV  ( DH ),G,PRESSING,C,25000,25000
7/7/2026,TA0180,1208101044,TA S-15 HV  ( DH ),G,PRESSING,B,0,25000
7/8/2026,TA0180,1208101044,TA S-15 HV  ( DH ),G,PRESSING,B,10000,15000
7/9/2026,TA0180,1208101044,TA S-15 HV  ( DH ),G,PRESSING,B,0,15000
7/10/2026,TA0180,1208101044,TA S-15 HV  ( DH ),G,PRESSING,B,0,15000
7/11/2026,TA0180,1208101044,TA S-15 HV  ( DH ),G,PRESSING,A,0,0
7/12/2026,TA0180,1208101044,TA S-15 HV  ( DH ),G,PRESSING,A,0,0
7/13/2026,TA0180,1208101044,TA S-15 HV  ( DH ),G,PRESSING,A,15000,15000
7/14/2026,TA0180,1208101044,TA S-15 HV  ( DH ),G,PRESSING,A,0,15000
7/15/2026,TA0180,1208101044,TA S-15 HV  ( DH ),G,PRESSING,C,0,15000
7/16/2026,TA0180,1208101044,TA S-15 HV  ( DH ),G,PRESSING,C,0,15000
7/17/2026,TA0180,1208101044,TA S-15 HV  ( DH ),G,PRESSING,C,0,0
7/18/2026,TA0180,1208101044,TA S-15 HV  ( DH ),G,PRESSING,C,0,0
7/19/2026,TA0180,1208101044,TA S-15 HV  ( DH ),G,PRESSING,B,0,0
7/20/2026,TA0180,1208101044,TA S-15 HV  ( DH ),G,PRESSING,B,0,0
7/21/2026,TA0180,1208101044,TA S-15 HV  ( DH ),G,PRESSING,B,0,0
6/30/2026,TA0181,1208101013,TA S-15MB  ( DK ),G,PRESSING,A,0,2000
7/1/2026,TA0181,1208101013,TA S-15MB  ( DK ),G,PRESSING,A,0,2000
7/2/2026,TA0181,1208101013,TA S-15MB  ( DK ),G,PRESSING,A,0,2000
7/3/2026,TA0181,1208101013,TA S-15MB  ( DK ),G,PRESSING,C,0,2000
7/4/2026,TA0181,1208101013,TA S-15MB  ( DK ),G,PRESSING,C,0,2000
7/5/2026,TA0181,1208101013,TA S-15MB  ( DK ),G,PRESSING,C,0,2000
7/6/2026,TA0181,1208101013,TA S-15MB  ( DK ),G,PRESSING,C,0,2000
7/7/2026,TA0181,1208101013,TA S-15MB  ( DK ),G,PRESSING,B,0,2000
7/8/2026,TA0181,1208101013,TA S-15MB  ( DK ),G,PRESSING,B,0,2000
7/9/2026,TA0181,1208101013,TA S-15MB  ( DK ),G,PRESSING,B,0,2000
7/10/2026,TA0181,1208101013,TA S-15MB  ( DK ),G,PRESSING,B,0,2000
7/11/2026,TA0181,1208101013,TA S-15MB  ( DK ),G,PRESSING,A,0,2000
7/12/2026,TA0181,1208101013,TA S-15MB  ( DK ),G,PRESSING,A,0,2000
7/13/2026,TA0181,1208101013,TA S-15MB  ( DK ),G,PRESSING,A,15000,12000
7/14/2026,TA0181,1208101013,TA S-15MB  ( DK ),G,PRESSING,A,0,12000
7/15/2026,TA0181,1208101013,TA S-15MB  ( DK ),G,PRESSING,C,0,12000
7/16/2026,TA0181,1208101013,TA S-15MB  ( DK ),G,PRESSING,C,0,12000
7/17/2026,TA0181,1208101013,TA S-15MB  ( DK ),G,PRESSING,C,0,7000
7/18/2026,TA0181,1208101013,TA S-15MB  ( DK ),G,PRESSING,C,0,7000
7/19/2026,TA0181,1208101013,TA S-15MB  ( DK ),G,PRESSING,B,0,2000
7/20/2026,TA0181,1208101013,TA S-15MB  ( DK ),G,PRESSING,B,0,2000
7/21/2026,TA0181,1208101013,TA S-15MB  ( DK ),G,PRESSING,B,0,2000
6/30/2026,TA0182,1208101043,TA S-25MB  ( DR ),G,PRESSING,A,0,0
7/1/2026,TA0182,1208101043,TA S-25MB  ( DR ),G,PRESSING,A,0,0
7/2/2026,TA0182,1208101043,TA S-25MB  ( DR ),G,PRESSING,A,0,0
7/3/2026,TA0182,1208101043,TA S-25MB  ( DR ),G,PRESSING,C,0,0
7/4/2026,TA0182,1208101043,TA S-25MB  ( DR ),G,PRESSING,C,0,0
7/6/2026,TA0182,1208101043,TA S-25MB  ( DR ),G,PRESSING,C,0,0
7/7/2026,TA0182,1208101043,TA S-25MB  ( DR ),G,PRESSING,B,0,0
7/8/2026,TA0182,1208101043,TA S-25MB  ( DR ),G,PRESSING,B,0,0
7/9/2026,TA0182,1208101043,TA S-25MB  ( DR ),G,PRESSING,B,0,0
7/10/2026,TA0182,1208101043,TA S-25MB  ( DR ),G,PRESSING,B,0,0
7/11/2026,TA0182,1208101043,TA S-25MB  ( DR ),G,PRESSING,A,0,0
7/12/2026,TA0182,1208101043,TA S-25MB  ( DR ),G,PRESSING,A,0,0
7/13/2026,TA0182,1208101043,TA S-25MB  ( DR ),G,PRESSING,A,0,0
7/14/2026,TA0182,1208101043,TA S-25MB  ( DR ),G,PRESSING,A,0,0
7/15/2026,TA0182,1208101043,TA S-25MB  ( DR ),G,PRESSING,C,0,0
7/16/2026,TA0182,1208101043,TA S-25MB  ( DR ),G,PRESSING,C,0,0
7/17/2026,TA0182,1208101043,TA S-25MB  ( DR ),G,PRESSING,C,0,0
7/18/2026,TA0182,1208101043,TA S-25MB  ( DR ),G,PRESSING,C,0,0
7/19/2026,TA0182,1208101043,TA S-25MB  ( DR ),G,PRESSING,B,0,0
7/20/2026,TA0182,1208101043,TA S-25MB  ( DR ),G,PRESSING,B,0,0
7/21/2026,TA0182,1208101043,TA S-25MB  ( DR ),G,PRESSING,B,0,0
6/30/2026,TA0183,1208101045,TA S-708  (DC),G,PRESSING,A,0,0
7/1/2026,TA0183,1208101045,TA S-708  (DC),G,PRESSING,A,0,0
7/2/2026,TA0183,1208101045,TA S-708  (DC),G,PRESSING,A,0,0
7/3/2026,TA0183,1208101045,TA S-708  (DC),G,PRESSING,C,0,0
7/4/2026,TA0183,1208101045,TA S-708  (DC),G,PRESSING,C,0,0
7/6/2026,TA0183,1208101045,TA S-708  (DC),G,PRESSING,C,0,0
7/7/2026,TA0183,1208101045,TA S-708  (DC),G,PRESSING,B,0,0
7/8/2026,TA0183,1208101045,TA S-708  (DC),G,PRESSING,B,0,0
7/9/2026,TA0183,1208101045,TA S-708  (DC),G,PRESSING,B,0,0
7/10/2026,TA0183,1208101045,TA S-708  (DC),G,PRESSING,B,0,0
7/11/2026,TA0183,1208101045,TA S-708  (DC),G,PRESSING,A,0,0
7/12/2026,TA0183,1208101045,TA S-708  (DC),G,PRESSING,A,0,0
7/13/2026,TA0183,1208101045,TA S-708  (DC),G,PRESSING,A,0,0
7/14/2026,TA0183,1208101045,TA S-708  (DC),G,PRESSING,A,0,0
7/15/2026,TA0183,1208101045,TA S-708  (DC),G,PRESSING,C,0,0
7/16/2026,TA0183,1208101045,TA S-708  (DC),G,PRESSING,C,0,0
7/17/2026,TA0183,1208101045,TA S-708  (DC),G,PRESSING,C,0,0
7/18/2026,TA0183,1208101045,TA S-708  (DC),G,PRESSING,C,0,0
7/19/2026,TA0183,1208101045,TA S-708  (DC),G,PRESSING,B,0,0
7/20/2026,TA0183,1208101045,TA S-708  (DC),G,PRESSING,B,0,0
7/21/2026,TA0183,1208101045,TA S-708  (DC),G,PRESSING,B,0,0
6/30/2026,TA0184,1208101050,TA S-808,G,PRESSING,A,0,5000
7/1/2026,TA0184,1208101050,TA S-808,G,PRESSING,A,0,5000
7/2/2026,TA0184,1208101050,TA S-808,G,PRESSING,A,0,5000
7/3/2026,TA0184,1208101050,TA S-808,G,PRESSING,C,0,5000
7/4/2026,TA0184,1208101050,TA S-808,G,PRESSING,C,0,5000
7/5/2026,TA0184,1208101050,TA S-808,G,PRESSING,C,0,5000
7/6/2026,TA0184,1208101050,TA S-808,G,PRESSING,C,0,5000
7/7/2026,TA0184,1208101050,TA S-808,G,PRESSING,B,0,5000
7/8/2026,TA0184,1208101050,TA S-808,G,PRESSING,B,0,5000
7/9/2026,TA0184,1208101050,TA S-808,G,PRESSING,B,0,5000
7/10/2026,TA0184,1208101050,TA S-808,G,PRESSING,B,0,5000
7/11/2026,TA0184,1208101050,TA S-808,G,PRESSING,A,0,5000
7/12/2026,TA0184,1208101050,TA S-808,G,PRESSING,A,0,5000
7/13/2026,TA0184,1208101050,TA S-808,G,PRESSING,A,0,0
7/14/2026,TA0184,1208101050,TA S-808,G,PRESSING,A,0,0
7/15/2026,TA0184,1208101050,TA S-808,G,PRESSING,C,0,0
7/16/2026,TA0184,1208101050,TA S-808,G,PRESSING,C,0,0
7/17/2026,TA0184,1208101050,TA S-808,G,PRESSING,C,0,0
7/18/2026,TA0184,1208101050,TA S-808,G,PRESSING,C,0,0
7/19/2026,TA0184,1208101050,TA S-808,G,PRESSING,B,0,0
7/20/2026,TA0184,1208101050,TA S-808,G,PRESSING,B,0,0
7/21/2026,TA0184,1208101050,TA S-808,G,PRESSING,B,0,0
6/30/2026,TA0185,1208101023,TA STA-150KA  ( GK ),G,PRESSING,A,0,0
7/1/2026,TA0185,1208101023,TA STA-150KA  ( GK ),G,PRESSING,A,0,0
7/2/2026,TA0185,1208101023,TA STA-150KA  ( GK ),G,PRESSING,A,0,0
7/3/2026,TA0185,1208101023,TA STA-150KA  ( GK ),G,PRESSING,C,0,0
7/4/2026,TA0185,1208101023,TA STA-150KA  ( GK ),G,PRESSING,C,0,0
7/6/2026,TA0185,1208101023,TA STA-150KA  ( GK ),G,PRESSING,C,0,0
7/7/2026,TA0185,1208101023,TA STA-150KA  ( GK ),G,PRESSING,B,0,0
7/8/2026,TA0185,1208101023,TA STA-150KA  ( GK ),G,PRESSING,B,0,0
7/9/2026,TA0185,1208101023,TA STA-150KA  ( GK ),G,PRESSING,B,0,0
7/10/2026,TA0185,1208101023,TA STA-150KA  ( GK ),G,PRESSING,B,0,0
7/11/2026,TA0185,1208101023,TA STA-150KA  ( GK ),G,PRESSING,A,0,0
7/12/2026,TA0185,1208101023,TA STA-150KA  ( GK ),G,PRESSING,A,0,0
7/13/2026,TA0185,1208101023,TA STA-150KA  ( GK ),G,PRESSING,A,0,0
7/14/2026,TA0185,1208101023,TA STA-150KA  ( GK ),G,PRESSING,A,0,0
7/15/2026,TA0185,1208101023,TA STA-150KA  ( GK ),G,PRESSING,C,0,0
7/16/2026,TA0185,1208101023,TA STA-150KA  ( GK ),G,PRESSING,C,0,0
7/17/2026,TA0185,1208101023,TA STA-150KA  ( GK ),G,PRESSING,C,0,0
7/18/2026,TA0185,1208101023,TA STA-150KA  ( GK ),G,PRESSING,C,0,0
7/19/2026,TA0185,1208101023,TA STA-150KA  ( GK ),G,PRESSING,B,0,0
7/20/2026,TA0185,1208101023,TA STA-150KA  ( GK ),G,PRESSING,B,0,0
7/21/2026,TA0185,1208101023,TA STA-150KA  ( GK ),G,PRESSING,B,0,0
6/30/2026,TA0186,1208101040,TA STA-200KA  ( GP ),G,PRESSING,A,0,0
7/1/2026,TA0186,1208101040,TA STA-200KA  ( GP ),G,PRESSING,A,0,0
7/2/2026,TA0186,1208101040,TA STA-200KA  ( GP ),G,PRESSING,A,0,0
7/3/2026,TA0186,1208101040,TA STA-200KA  ( GP ),G,PRESSING,C,0,0
7/4/2026,TA0186,1208101040,TA STA-200KA  ( GP ),G,PRESSING,C,0,0
7/6/2026,TA0186,1208101040,TA STA-200KA  ( GP ),G,PRESSING,C,0,0
7/7/2026,TA0186,1208101040,TA STA-200KA  ( GP ),G,PRESSING,B,0,0
7/8/2026,TA0186,1208101040,TA STA-200KA  ( GP ),G,PRESSING,B,0,0
7/9/2026,TA0186,1208101040,TA STA-200KA  ( GP ),G,PRESSING,B,0,0
7/10/2026,TA0186,1208101040,TA STA-200KA  ( GP ),G,PRESSING,B,0,0
7/11/2026,TA0186,1208101040,TA STA-200KA  ( GP ),G,PRESSING,A,0,0
7/12/2026,TA0186,1208101040,TA STA-200KA  ( GP ),G,PRESSING,A,0,0
7/13/2026,TA0186,1208101040,TA STA-200KA  ( GP ),G,PRESSING,A,0,0
7/14/2026,TA0186,1208101040,TA STA-200KA  ( GP ),G,PRESSING,A,0,0
7/15/2026,TA0186,1208101040,TA STA-200KA  ( GP ),G,PRESSING,C,0,0
7/16/2026,TA0186,1208101040,TA STA-200KA  ( GP ),G,PRESSING,C,0,0
7/17/2026,TA0186,1208101040,TA STA-200KA  ( GP ),G,PRESSING,C,0,0
7/18/2026,TA0186,1208101040,TA STA-200KA  ( GP ),G,PRESSING,C,0,0
7/19/2026,TA0186,1208101040,TA STA-200KA  ( GP ),G,PRESSING,B,0,0
7/20/2026,TA0186,1208101040,TA STA-200KA  ( GP ),G,PRESSING,B,0,0
7/21/2026,TA0186,1208101040,TA STA-200KA  ( GP ),G,PRESSING,B,0,0
6/30/2026,TA0187,1208101042,TA STA-255KA  ( GR )            ,G,PRESSING,A,0,0
7/1/2026,TA0187,1208101042,TA STA-255KA  ( GR )            ,G,PRESSING,A,0,0
7/2/2026,TA0187,1208101042,TA STA-255KA  ( GR )            ,G,PRESSING,A,0,0
7/3/2026,TA0187,1208101042,TA STA-255KA  ( GR )            ,G,PRESSING,C,0,0
7/4/2026,TA0187,1208101042,TA STA-255KA  ( GR )            ,G,PRESSING,C,0,0
7/6/2026,TA0187,1208101042,TA STA-255KA  ( GR )            ,G,PRESSING,C,0,0
7/7/2026,TA0187,1208101042,TA STA-255KA  ( GR )            ,G,PRESSING,B,0,0
7/8/2026,TA0187,1208101042,TA STA-255KA  ( GR )            ,G,PRESSING,B,0,0
7/9/2026,TA0187,1208101042,TA STA-255KA  ( GR )            ,G,PRESSING,B,0,0
7/10/2026,TA0187,1208101042,TA STA-255KA  ( GR )            ,G,PRESSING,B,0,0
7/11/2026,TA0187,1208101042,TA STA-255KA  ( GR )            ,G,PRESSING,A,0,0
7/12/2026,TA0187,1208101042,TA STA-255KA  ( GR )            ,G,PRESSING,A,0,0
7/13/2026,TA0187,1208101042,TA STA-255KA  ( GR )            ,G,PRESSING,A,0,0
7/14/2026,TA0187,1208101042,TA STA-255KA  ( GR )            ,G,PRESSING,A,0,0
7/15/2026,TA0187,1208101042,TA STA-255KA  ( GR )            ,G,PRESSING,C,0,0
7/16/2026,TA0187,1208101042,TA STA-255KA  ( GR )            ,G,PRESSING,C,0,0
7/17/2026,TA0187,1208101042,TA STA-255KA  ( GR )            ,G,PRESSING,C,0,0
7/18/2026,TA0187,1208101042,TA STA-255KA  ( GR )            ,G,PRESSING,C,0,0
7/19/2026,TA0187,1208101042,TA STA-255KA  ( GR )            ,G,PRESSING,B,0,0
7/20/2026,TA0187,1208101042,TA STA-255KA  ( GR )            ,G,PRESSING,B,0,0
7/21/2026,TA0187,1208101042,TA STA-255KA  ( GR )            ,G,PRESSING,B,0,0
6/30/2026,TA0188,1208101036,TA TTS-100KM  ( TJ ),G,PRESSING,A,0,0
7/1/2026,TA0188,1208101036,TA TTS-100KM  ( TJ ),G,PRESSING,A,0,0
7/2/2026,TA0188,1208101036,TA TTS-100KM  ( TJ ),G,PRESSING,A,0,0
7/3/2026,TA0188,1208101036,TA TTS-100KM  ( TJ ),G,PRESSING,C,0,0
7/4/2026,TA0188,1208101036,TA TTS-100KM  ( TJ ),G,PRESSING,C,0,0
7/6/2026,TA0188,1208101036,TA TTS-100KM  ( TJ ),G,PRESSING,C,0,0
7/7/2026,TA0188,1208101036,TA TTS-100KM  ( TJ ),G,PRESSING,B,0,0
7/8/2026,TA0188,1208101036,TA TTS-100KM  ( TJ ),G,PRESSING,B,0,0
7/9/2026,TA0188,1208101036,TA TTS-100KM  ( TJ ),G,PRESSING,B,0,0
7/10/2026,TA0188,1208101036,TA TTS-100KM  ( TJ ),G,PRESSING,B,0,0
7/11/2026,TA0188,1208101036,TA TTS-100KM  ( TJ ),G,PRESSING,A,0,0
7/12/2026,TA0188,1208101036,TA TTS-100KM  ( TJ ),G,PRESSING,A,0,0
7/13/2026,TA0188,1208101036,TA TTS-100KM  ( TJ ),G,PRESSING,A,0,0
7/14/2026,TA0188,1208101036,TA TTS-100KM  ( TJ ),G,PRESSING,A,0,0
7/15/2026,TA0188,1208101036,TA TTS-100KM  ( TJ ),G,PRESSING,C,0,0
7/16/2026,TA0188,1208101036,TA TTS-100KM  ( TJ ),G,PRESSING,C,0,0
7/17/2026,TA0188,1208101036,TA TTS-100KM  ( TJ ),G,PRESSING,C,0,0
7/18/2026,TA0188,1208101036,TA TTS-100KM  ( TJ ),G,PRESSING,C,0,0
7/19/2026,TA0188,1208101036,TA TTS-100KM  ( TJ ),G,PRESSING,B,0,0
7/20/2026,TA0188,1208101036,TA TTS-100KM  ( TJ ),G,PRESSING,B,0,0
7/21/2026,TA0188,1208101036,TA TTS-100KM  ( TJ ),G,PRESSING,B,0,0
6/30/2026,TA0189,1208101039,TA TTS-150KM  ( TK ),G,PRESSING,A,0,0
7/1/2026,TA0189,1208101039,TA TTS-150KM  ( TK ),G,PRESSING,A,0,0
7/2/2026,TA0189,1208101039,TA TTS-150KM  ( TK ),G,PRESSING,A,0,0
7/3/2026,TA0189,1208101039,TA TTS-150KM  ( TK ),G,PRESSING,C,0,0
7/4/2026,TA0189,1208101039,TA TTS-150KM  ( TK ),G,PRESSING,C,0,0
7/6/2026,TA0189,1208101039,TA TTS-150KM  ( TK ),G,PRESSING,C,0,0
7/7/2026,TA0189,1208101039,TA TTS-150KM  ( TK ),G,PRESSING,B,0,0
7/8/2026,TA0189,1208101039,TA TTS-150KM  ( TK ),G,PRESSING,B,0,0
7/9/2026,TA0189,1208101039,TA TTS-150KM  ( TK ),G,PRESSING,B,0,0
7/10/2026,TA0189,1208101039,TA TTS-150KM  ( TK ),G,PRESSING,B,0,0
7/11/2026,TA0189,1208101039,TA TTS-150KM  ( TK ),G,PRESSING,A,0,0
7/12/2026,TA0189,1208101039,TA TTS-150KM  ( TK ),G,PRESSING,A,0,0
7/13/2026,TA0189,1208101039,TA TTS-150KM  ( TK ),G,PRESSING,A,0,0
7/14/2026,TA0189,1208101039,TA TTS-150KM  ( TK ),G,PRESSING,A,0,0
7/15/2026,TA0189,1208101039,TA TTS-150KM  ( TK ),G,PRESSING,C,0,0
7/16/2026,TA0189,1208101039,TA TTS-150KM  ( TK ),G,PRESSING,C,0,0
7/17/2026,TA0189,1208101039,TA TTS-150KM  ( TK ),G,PRESSING,C,0,0
7/18/2026,TA0189,1208101039,TA TTS-150KM  ( TK ),G,PRESSING,C,0,0
7/19/2026,TA0189,1208101039,TA TTS-150KM  ( TK ),G,PRESSING,B,0,0
7/20/2026,TA0189,1208101039,TA TTS-150KM  ( TK ),G,PRESSING,B,0,0
7/21/2026,TA0189,1208101039,TA TTS-150KM  ( TK ),G,PRESSING,B,0,0
6/30/2026,TA0190,1208101016,TA TTS-23KM  (TM ),G,PRESSING,A,40000,45000
7/1/2026,TA0190,1208101016,TA TTS-23KM  (TM ),G,PRESSING,A,0,35000
7/2/2026,TA0190,1208101016,TA TTS-23KM  (TM ),G,PRESSING,A,0,35000
7/3/2026,TA0190,1208101016,TA TTS-23KM  (TM ),G,PRESSING,C,60000,35000
7/4/2026,TA0190,1208101016,TA TTS-23KM  (TM ),G,PRESSING,C,0,35000
7/5/2026,TA0190,1208101016,TA TTS-23KM  (TM ),G,PRESSING,C,0,5000
7/6/2026,TA0190,1208101016,TA TTS-23KM  (TM ),G,PRESSING,C,0,5000
7/7/2026,TA0190,1208101016,TA TTS-23KM  (TM ),G,PRESSING,B,40000,45000
7/8/2026,TA0190,1208101016,TA TTS-23KM  (TM ),G,PRESSING,B,0,5000
7/9/2026,TA0190,1208101016,TA TTS-23KM  (TM ),G,PRESSING,B,0,5000
7/10/2026,TA0190,1208101016,TA TTS-23KM  (TM ),G,PRESSING,B,60000,65000
7/11/2026,TA0190,1208101016,TA TTS-23KM  (TM ),G,PRESSING,A,0,40000
7/12/2026,TA0190,1208101016,TA TTS-23KM  (TM ),G,PRESSING,A,0,40000
7/13/2026,TA0190,1208101016,TA TTS-23KM  (TM ),G,PRESSING,A,0,0
7/14/2026,TA0190,1208101016,TA TTS-23KM  (TM ),G,PRESSING,A,20000,20000
7/15/2026,TA0190,1208101016,TA TTS-23KM  (TM ),G,PRESSING,C,20000,40000
7/16/2026,TA0190,1208101016,TA TTS-23KM  (TM ),G,PRESSING,C,0,40000
7/17/2026,TA0190,1208101016,TA TTS-23KM  (TM ),G,PRESSING,C,60000,60000
7/18/2026,TA0190,1208101016,TA TTS-23KM  (TM ),G,PRESSING,C,0,60000
7/19/2026,TA0190,1208101016,TA TTS-23KM  (TM ),G,PRESSING,B,0,30000
7/20/2026,TA0190,1208101016,TA TTS-23KM  (TM ),G,PRESSING,B,0,30000
7/21/2026,TA0190,1208101016,TA TTS-23KM  (TM ),G,PRESSING,B,0,30000
6/30/2026,TA0191,1208101035,TA TTS-40KMH  ( TT ),G,PRESSING,A,0,0
7/1/2026,TA0191,1208101035,TA TTS-40KMH  ( TT ),G,PRESSING,A,0,0
7/2/2026,TA0191,1208101035,TA TTS-40KMH  ( TT ),G,PRESSING,A,0,0
7/3/2026,TA0191,1208101035,TA TTS-40KMH  ( TT ),G,PRESSING,C,0,0
7/4/2026,TA0191,1208101035,TA TTS-40KMH  ( TT ),G,PRESSING,C,0,0
7/6/2026,TA0191,1208101035,TA TTS-40KMH  ( TT ),G,PRESSING,C,0,0
7/7/2026,TA0191,1208101035,TA TTS-40KMH  ( TT ),G,PRESSING,B,0,0
7/8/2026,TA0191,1208101035,TA TTS-40KMH  ( TT ),G,PRESSING,B,0,0
7/9/2026,TA0191,1208101035,TA TTS-40KMH  ( TT ),G,PRESSING,B,0,0
7/10/2026,TA0191,1208101035,TA TTS-40KMH  ( TT ),G,PRESSING,B,0,0
7/11/2026,TA0191,1208101035,TA TTS-40KMH  ( TT ),G,PRESSING,A,0,0
7/12/2026,TA0191,1208101035,TA TTS-40KMH  ( TT ),G,PRESSING,A,0,0
7/13/2026,TA0191,1208101035,TA TTS-40KMH  ( TT ),G,PRESSING,A,0,0
7/14/2026,TA0191,1208101035,TA TTS-40KMH  ( TT ),G,PRESSING,A,0,0
7/15/2026,TA0191,1208101035,TA TTS-40KMH  ( TT ),G,PRESSING,C,0,0
7/16/2026,TA0191,1208101035,TA TTS-40KMH  ( TT ),G,PRESSING,C,0,0
7/17/2026,TA0191,1208101035,TA TTS-40KMH  ( TT ),G,PRESSING,C,0,0
7/18/2026,TA0191,1208101035,TA TTS-40KMH  ( TT ),G,PRESSING,C,0,0
7/19/2026,TA0191,1208101035,TA TTS-40KMH  ( TT ),G,PRESSING,B,0,0
7/20/2026,TA0191,1208101035,TA TTS-40KMH  ( TT ),G,PRESSING,B,0,0
7/21/2026,TA0191,1208101035,TA TTS-40KMH  ( TT ),G,PRESSING,B,0,0
6/30/2026,TA0192,1208101009,TA TTS-50KMD  ( TD ),G,PRESSING,A,0,0
7/1/2026,TA0192,1208101009,TA TTS-50KMD  ( TD ),G,PRESSING,A,0,0
7/2/2026,TA0192,1208101009,TA TTS-50KMD  ( TD ),G,PRESSING,A,0,0
7/3/2026,TA0192,1208101009,TA TTS-50KMD  ( TD ),G,PRESSING,C,0,0
7/4/2026,TA0192,1208101009,TA TTS-50KMD  ( TD ),G,PRESSING,C,0,0
7/6/2026,TA0192,1208101009,TA TTS-50KMD  ( TD ),G,PRESSING,C,0,0
7/7/2026,TA0192,1208101009,TA TTS-50KMD  ( TD ),G,PRESSING,B,0,0
7/8/2026,TA0192,1208101009,TA TTS-50KMD  ( TD ),G,PRESSING,B,0,0
7/9/2026,TA0192,1208101009,TA TTS-50KMD  ( TD ),G,PRESSING,B,0,0
7/10/2026,TA0192,1208101009,TA TTS-50KMD  ( TD ),G,PRESSING,B,0,0
7/11/2026,TA0192,1208101009,TA TTS-50KMD  ( TD ),G,PRESSING,A,0,0
7/12/2026,TA0192,1208101009,TA TTS-50KMD  ( TD ),G,PRESSING,A,0,0
7/13/2026,TA0192,1208101009,TA TTS-50KMD  ( TD ),G,PRESSING,A,0,0
7/14/2026,TA0192,1208101009,TA TTS-50KMD  ( TD ),G,PRESSING,A,0,0
7/15/2026,TA0192,1208101009,TA TTS-50KMD  ( TD ),G,PRESSING,C,0,0
7/16/2026,TA0192,1208101009,TA TTS-50KMD  ( TD ),G,PRESSING,C,0,0
7/17/2026,TA0192,1208101009,TA TTS-50KMD  ( TD ),G,PRESSING,C,0,0
7/18/2026,TA0192,1208101009,TA TTS-50KMD  ( TD ),G,PRESSING,C,0,0
7/19/2026,TA0192,1208101009,TA TTS-50KMD  ( TD ),G,PRESSING,B,0,0
7/20/2026,TA0192,1208101009,TA TTS-50KMD  ( TD ),G,PRESSING,B,0,0
7/21/2026,TA0192,1208101009,TA TTS-50KMD  ( TD ),G,PRESSING,B,0,0
6/30/2026,TA0193,1208101018,TA TTS-80KM  (TZ ),G,PRESSING,A,0,55000
7/1/2026,TA0193,1208101018,TA TTS-80KM  (TZ ),G,PRESSING,A,0,55000
7/2/2026,TA0193,1208101018,TA TTS-80KM  (TZ ),G,PRESSING,A,0,55000
7/3/2026,TA0193,1208101018,TA TTS-80KM  (TZ ),G,PRESSING,C,0,55000
7/4/2026,TA0193,1208101018,TA TTS-80KM  (TZ ),G,PRESSING,C,0,55000
7/5/2026,TA0193,1208101018,TA TTS-80KM  (TZ ),G,PRESSING,C,0,55000
7/6/2026,TA0193,1208101018,TA TTS-80KM  (TZ ),G,PRESSING,C,0,55000
7/7/2026,TA0193,1208101018,TA TTS-80KM  (TZ ),G,PRESSING,B,0,55000
7/8/2026,TA0193,1208101018,TA TTS-80KM  (TZ ),G,PRESSING,B,0,55000
7/9/2026,TA0193,1208101018,TA TTS-80KM  (TZ ),G,PRESSING,B,0,55000
7/10/2026,TA0193,1208101018,TA TTS-80KM  (TZ ),G,PRESSING,B,0,55000
7/11/2026,TA0193,1208101018,TA TTS-80KM  (TZ ),G,PRESSING,A,0,35000
7/12/2026,TA0193,1208101018,TA TTS-80KM  (TZ ),G,PRESSING,A,0,35000
7/13/2026,TA0193,1208101018,TA TTS-80KM  (TZ ),G,PRESSING,A,0,25000
7/14/2026,TA0193,1208101018,TA TTS-80KM  (TZ ),G,PRESSING,A,0,25000
7/15/2026,TA0193,1208101018,TA TTS-80KM  (TZ ),G,PRESSING,C,0,25000
7/16/2026,TA0193,1208101018,TA TTS-80KM  (TZ ),G,PRESSING,C,0,25000
7/17/2026,TA0193,1208101018,TA TTS-80KM  (TZ ),G,PRESSING,C,0,25000
7/18/2026,TA0193,1208101018,TA TTS-80KM  (TZ ),G,PRESSING,C,0,25000
7/19/2026,TA0193,1208101018,TA TTS-80KM  (TZ ),G,PRESSING,B,0,5000
7/20/2026,TA0193,1208101018,TA TTS-80KM  (TZ ),G,PRESSING,B,0,5000
7/21/2026,TA0193,1208101018,TA TTS-80KM  (TZ ),G,PRESSING,B,0,5000
6/30/2026,TA0194,1208102003,TA-WIRE    0.19 ,G,PRESSING,A,0,3710
7/1/2026,TA0194,1208102003,TA-WIRE    0.19 ,G,PRESSING,A,0,3710
7/2/2026,TA0194,1208102003,TA-WIRE    0.19 ,G,PRESSING,A,0,2380
7/3/2026,TA0194,1208102003,TA-WIRE    0.19 ,G,PRESSING,C,0,2380
7/4/2026,TA0194,1208102003,TA-WIRE    0.19 ,G,PRESSING,C,0,2380
7/5/2026,TA0194,1208102003,TA-WIRE    0.19 ,G,PRESSING,C,0,2380
7/6/2026,TA0194,1208102003,TA-WIRE    0.19 ,G,PRESSING,C,0,2380
7/7/2026,TA0194,1208102003,TA-WIRE    0.19 ,G,PRESSING,B,5380,7760
7/8/2026,TA0194,1208102003,TA-WIRE    0.19 ,G,PRESSING,B,0,7760
7/9/2026,TA0194,1208102003,TA-WIRE    0.19 ,G,PRESSING,B,0,7760
7/10/2026,TA0194,1208102003,TA-WIRE    0.19 ,G,PRESSING,B,0,7760
7/11/2026,TA0194,1208102003,TA-WIRE    0.19 ,G,PRESSING,A,0,5380
7/12/2026,TA0194,1208102003,TA-WIRE    0.19 ,G,PRESSING,A,0,4260
7/13/2026,TA0194,1208102003,TA-WIRE    0.19 ,G,PRESSING,A,0,3170
7/14/2026,TA0194,1208102003,TA-WIRE    0.19 ,G,PRESSING,A,0,3170
7/15/2026,TA0194,1208102003,TA-WIRE    0.19 ,G,PRESSING,C,0,3170
7/16/2026,TA0194,1208102003,TA-WIRE    0.19 ,G,PRESSING,C,3920,5050
7/17/2026,TA0194,1208102003,TA-WIRE    0.19 ,G,PRESSING,C,0,5050
7/18/2026,TA0194,1208102003,TA-WIRE    0.19 ,G,PRESSING,C,0,4250
7/19/2026,TA0194,1208102003,TA-WIRE    0.19 ,G,PRESSING,B,0,3290
7/20/2026,TA0194,1208102003,TA-WIRE    0.19 ,G,PRESSING,B,0,2150
7/21/2026,TA0194,1208102003,TA-WIRE    0.19 ,G,PRESSING,B,0,2150
6/30/2026,TA0195,1208102015,TA-WIRE    0.22,G,PRESSING,A,0,0
7/1/2026,TA0195,1208102015,TA-WIRE    0.22,G,PRESSING,A,0,0
7/2/2026,TA0195,1208102015,TA-WIRE    0.22,G,PRESSING,A,0,0
7/3/2026,TA0195,1208102015,TA-WIRE    0.22,G,PRESSING,C,0,0
7/4/2026,TA0195,1208102015,TA-WIRE    0.22,G,PRESSING,C,0,0
7/6/2026,TA0195,1208102015,TA-WIRE    0.22,G,PRESSING,C,0,0
7/7/2026,TA0195,1208102015,TA-WIRE    0.22,G,PRESSING,B,0,0
7/8/2026,TA0195,1208102015,TA-WIRE    0.22,G,PRESSING,B,0,0
7/9/2026,TA0195,1208102015,TA-WIRE    0.22,G,PRESSING,B,0,0
7/10/2026,TA0195,1208102015,TA-WIRE    0.22,G,PRESSING,B,0,0
7/11/2026,TA0195,1208102015,TA-WIRE    0.22,G,PRESSING,A,0,0
7/12/2026,TA0195,1208102015,TA-WIRE    0.22,G,PRESSING,A,0,0
7/13/2026,TA0195,1208102015,TA-WIRE    0.22,G,PRESSING,A,0,0
7/14/2026,TA0195,1208102015,TA-WIRE    0.22,G,PRESSING,A,0,0
7/15/2026,TA0195,1208102015,TA-WIRE    0.22,G,PRESSING,C,0,0
7/16/2026,TA0195,1208102015,TA-WIRE    0.22,G,PRESSING,C,0,0
7/17/2026,TA0195,1208102015,TA-WIRE    0.22,G,PRESSING,C,0,0
7/18/2026,TA0195,1208102015,TA-WIRE    0.22,G,PRESSING,C,0,0
7/19/2026,TA0195,1208102015,TA-WIRE    0.22,G,PRESSING,B,0,0
7/20/2026,TA0195,1208102015,TA-WIRE    0.22,G,PRESSING,B,0,0
7/21/2026,TA0195,1208102015,TA-WIRE    0.22,G,PRESSING,B,0,0
6/30/2026,TA0196,1208102020,TA-WIRE    0.22S,G,PRESSING,A,0,0
7/1/2026,TA0196,1208102020,TA-WIRE    0.22S,G,PRESSING,A,0,0
7/2/2026,TA0196,1208102020,TA-WIRE    0.22S,G,PRESSING,A,0,0
7/3/2026,TA0196,1208102020,TA-WIRE    0.22S,G,PRESSING,C,0,0
7/4/2026,TA0196,1208102020,TA-WIRE    0.22S,G,PRESSING,C,0,0
7/6/2026,TA0196,1208102020,TA-WIRE    0.22S,G,PRESSING,C,0,0
7/7/2026,TA0196,1208102020,TA-WIRE    0.22S,G,PRESSING,B,0,0
7/8/2026,TA0196,1208102020,TA-WIRE    0.22S,G,PRESSING,B,0,0
7/9/2026,TA0196,1208102020,TA-WIRE    0.22S,G,PRESSING,B,0,0
7/10/2026,TA0196,1208102020,TA-WIRE    0.22S,G,PRESSING,B,0,0
7/11/2026,TA0196,1208102020,TA-WIRE    0.22S,G,PRESSING,A,0,0
7/12/2026,TA0196,1208102020,TA-WIRE    0.22S,G,PRESSING,A,0,0
7/13/2026,TA0196,1208102020,TA-WIRE    0.22S,G,PRESSING,A,0,0
7/14/2026,TA0196,1208102020,TA-WIRE    0.22S,G,PRESSING,A,0,0
7/15/2026,TA0196,1208102020,TA-WIRE    0.22S,G,PRESSING,C,0,0
7/16/2026,TA0196,1208102020,TA-WIRE    0.22S,G,PRESSING,C,0,0
7/17/2026,TA0196,1208102020,TA-WIRE    0.22S,G,PRESSING,C,0,0
7/18/2026,TA0196,1208102020,TA-WIRE    0.22S,G,PRESSING,C,0,0
7/19/2026,TA0196,1208102020,TA-WIRE    0.22S,G,PRESSING,B,0,0
7/20/2026,TA0196,1208102020,TA-WIRE    0.22S,G,PRESSING,B,0,0
7/21/2026,TA0196,1208102020,TA-WIRE    0.22S,G,PRESSING,B,0,0
6/30/2026,TA0197,1208102005,TA-WIRE    0.29,G,PRESSING,A,0,12010
7/1/2026,TA0197,1208102005,TA-WIRE    0.29,G,PRESSING,A,0,10470
7/2/2026,TA0197,1208102005,TA-WIRE    0.29,G,PRESSING,A,0,10470
7/3/2026,TA0197,1208102005,TA-WIRE    0.29,G,PRESSING,C,0,10470
7/4/2026,TA0197,1208102005,TA-WIRE    0.29,G,PRESSING,C,0,10470
7/5/2026,TA0197,1208102005,TA-WIRE    0.29,G,PRESSING,C,0,9520
7/6/2026,TA0197,1208102005,TA-WIRE    0.29,G,PRESSING,C,0,9520
7/7/2026,TA0197,1208102005,TA-WIRE    0.29,G,PRESSING,B,0,9520
7/8/2026,TA0197,1208102005,TA-WIRE    0.29,G,PRESSING,B,0,7540
7/9/2026,TA0197,1208102005,TA-WIRE    0.29,G,PRESSING,B,0,7540
7/10/2026,TA0197,1208102005,TA-WIRE    0.29,G,PRESSING,B,0,7540
7/11/2026,TA0197,1208102005,TA-WIRE    0.29,G,PRESSING,A,0,7540
7/12/2026,TA0197,1208102005,TA-WIRE    0.29,G,PRESSING,A,0,7540
7/13/2026,TA0197,1208102005,TA-WIRE    0.29,G,PRESSING,A,0,7540
7/14/2026,TA0197,1208102005,TA-WIRE    0.29,G,PRESSING,A,0,6400
7/15/2026,TA0197,1208102005,TA-WIRE    0.29,G,PRESSING,C,0,6400
7/16/2026,TA0197,1208102005,TA-WIRE    0.29,G,PRESSING,C,0,6400
7/17/2026,TA0197,1208102005,TA-WIRE    0.29,G,PRESSING,C,0,5100
7/18/2026,TA0197,1208102005,TA-WIRE    0.29,G,PRESSING,C,0,5100
7/19/2026,TA0197,1208102005,TA-WIRE    0.29,G,PRESSING,B,0,5100
7/20/2026,TA0197,1208102005,TA-WIRE    0.29,G,PRESSING,B,0,5100
7/21/2026,TA0197,1208102005,TA-WIRE    0.29,G,PRESSING,B,0,5100
6/30/2026,TA0198,1208102018,TA-WIRE    0.34D,G,PRESSING,A,0,25840
7/1/2026,TA0198,1208102018,TA-WIRE    0.34D,G,PRESSING,A,19620,41240
7/2/2026,TA0198,1208102018,TA-WIRE    0.34D,G,PRESSING,A,0,35700
7/3/2026,TA0198,1208102018,TA-WIRE    0.34D,G,PRESSING,C,19650,50920
7/4/2026,TA0198,1208102018,TA-WIRE    0.34D,G,PRESSING,C,0,41270
7/5/2026,TA0198,1208102018,TA-WIRE    0.34D,G,PRESSING,C,0,36720
7/6/2026,TA0198,1208102018,TA-WIRE    0.34D,G,PRESSING,C,0,33130
7/7/2026,TA0198,1208102018,TA-WIRE    0.34D,G,PRESSING,B,19310,44820
7/8/2026,TA0198,1208102018,TA-WIRE    0.34D,G,PRESSING,B,0,39960
7/9/2026,TA0198,1208102018,TA-WIRE    0.34D,G,PRESSING,B,0,34240
7/10/2026,TA0198,1208102018,TA-WIRE    0.34D,G,PRESSING,B,29020,55690
7/11/2026,TA0198,1208102018,TA-WIRE    0.34D,G,PRESSING,A,0,50980
7/12/2026,TA0198,1208102018,TA-WIRE    0.34D,G,PRESSING,A,0,46470
7/13/2026,TA0198,1208102018,TA-WIRE    0.34D,G,PRESSING,A,0,38360
7/14/2026,TA0198,1208102018,TA-WIRE    0.34D,G,PRESSING,A,0,33960
7/15/2026,TA0198,1208102018,TA-WIRE    0.34D,G,PRESSING,C,28270,62230
7/16/2026,TA0198,1208102018,TA-WIRE    0.34D,G,PRESSING,C,0,60300
7/17/2026,TA0198,1208102018,TA-WIRE    0.34D,G,PRESSING,C,9400,61190
7/18/2026,TA0198,1208102018,TA-WIRE    0.34D,G,PRESSING,C,0,58860
7/19/2026,TA0198,1208102018,TA-WIRE    0.34D,G,PRESSING,B,0,58860
7/20/2026,TA0198,1208102018,TA-WIRE    0.34D,G,PRESSING,B,0,55090
7/21/2026,TA0198,1208102018,TA-WIRE    0.34D,G,PRESSING,B,0,51150
6/30/2026,TA0199,1208102017,TA-WIRE    0.40,G,PRESSING,A,0,0
7/1/2026,TA0199,1208102017,TA-WIRE    0.40,G,PRESSING,A,0,0
7/2/2026,TA0199,1208102017,TA-WIRE    0.40,G,PRESSING,A,0,0
7/3/2026,TA0199,1208102017,TA-WIRE    0.40,G,PRESSING,C,0,0
7/4/2026,TA0199,1208102017,TA-WIRE    0.40,G,PRESSING,C,0,0
7/6/2026,TA0199,1208102017,TA-WIRE    0.40,G,PRESSING,C,0,0
7/7/2026,TA0199,1208102017,TA-WIRE    0.40,G,PRESSING,B,0,0
7/8/2026,TA0199,1208102017,TA-WIRE    0.40,G,PRESSING,B,0,0
7/9/2026,TA0199,1208102017,TA-WIRE    0.40,G,PRESSING,B,0,0
7/10/2026,TA0199,1208102017,TA-WIRE    0.40,G,PRESSING,B,0,0
7/11/2026,TA0199,1208102017,TA-WIRE    0.40,G,PRESSING,A,0,0
7/12/2026,TA0199,1208102017,TA-WIRE    0.40,G,PRESSING,A,0,0
7/13/2026,TA0199,1208102017,TA-WIRE    0.40,G,PRESSING,A,0,0
7/14/2026,TA0199,1208102017,TA-WIRE    0.40,G,PRESSING,A,0,0
7/15/2026,TA0199,1208102017,TA-WIRE    0.40,G,PRESSING,C,0,0
7/16/2026,TA0199,1208102017,TA-WIRE    0.40,G,PRESSING,C,0,0
7/17/2026,TA0199,1208102017,TA-WIRE    0.40,G,PRESSING,C,0,0
7/18/2026,TA0199,1208102017,TA-WIRE    0.40,G,PRESSING,C,0,0
7/19/2026,TA0199,1208102017,TA-WIRE    0.40,G,PRESSING,B,0,0
7/20/2026,TA0199,1208102017,TA-WIRE    0.40,G,PRESSING,B,0,0
7/21/2026,TA0199,1208102017,TA-WIRE    0.40,G,PRESSING,B,0,0
6/30/2026,TA0200,1208102016,TA-WIRE    0.47,G,PRESSING,A,0,1840
7/1/2026,TA0200,1208102016,TA-WIRE    0.47,G,PRESSING,A,0,1840
7/2/2026,TA0200,1208102016,TA-WIRE    0.47,G,PRESSING,A,0,1840
7/3/2026,TA0200,1208102016,TA-WIRE    0.47,G,PRESSING,C,0,1840
7/4/2026,TA0200,1208102016,TA-WIRE    0.47,G,PRESSING,C,0,1840
7/5/2026,TA0200,1208102016,TA-WIRE    0.47,G,PRESSING,C,0,1840
7/6/2026,TA0200,1208102016,TA-WIRE    0.47,G,PRESSING,C,0,1840
7/7/2026,TA0200,1208102016,TA-WIRE    0.47,G,PRESSING,B,0,1840
7/8/2026,TA0200,1208102016,TA-WIRE    0.47,G,PRESSING,B,0,1840
7/9/2026,TA0200,1208102016,TA-WIRE    0.47,G,PRESSING,B,0,1840
7/10/2026,TA0200,1208102016,TA-WIRE    0.47,G,PRESSING,B,0,1840
7/11/2026,TA0200,1208102016,TA-WIRE    0.47,G,PRESSING,A,0,1840
7/12/2026,TA0200,1208102016,TA-WIRE    0.47,G,PRESSING,A,0,1840
7/13/2026,TA0200,1208102016,TA-WIRE    0.47,G,PRESSING,A,0,1840
7/14/2026,TA0200,1208102016,TA-WIRE    0.47,G,PRESSING,A,0,1840
7/15/2026,TA0200,1208102016,TA-WIRE    0.47,G,PRESSING,C,0,1840
7/16/2026,TA0200,1208102016,TA-WIRE    0.47,G,PRESSING,C,0,1840
7/17/2026,TA0200,1208102016,TA-WIRE    0.47,G,PRESSING,C,0,1840
7/18/2026,TA0200,1208102016,TA-WIRE    0.47,G,PRESSING,C,0,1840
7/19/2026,TA0200,1208102016,TA-WIRE    0.47,G,PRESSING,B,0,1840
7/20/2026,TA0200,1208102016,TA-WIRE    0.47,G,PRESSING,B,0,1840
7/21/2026,TA0200,1208102016,TA-WIRE    0.47,G,PRESSING,B,0,1840
6/30/2026,TA0201,KDW0074D,TA-WIRE   0.19KD,LB,PRESSING,A,0,0
7/1/2026,TA0201,KDW0074D,TA-WIRE   0.19KD,LB,PRESSING,A,0,0
7/2/2026,TA0201,KDW0074D,TA-WIRE   0.19KD,LB,PRESSING,A,0,0
7/3/2026,TA0201,KDW0074D,TA-WIRE   0.19KD,LB,PRESSING,C,0,0
7/4/2026,TA0201,KDW0074D,TA-WIRE   0.19KD,LB,PRESSING,C,0,0
7/6/2026,TA0201,KDW0074D,TA-WIRE   0.19KD,LB,PRESSING,C,0,0
7/7/2026,TA0201,KDW0074D,TA-WIRE   0.19KD,LB,PRESSING,B,0,0
7/8/2026,TA0201,KDW0074D,TA-WIRE   0.19KD,LB,PRESSING,B,0,0
7/9/2026,TA0201,KDW0074D,TA-WIRE   0.19KD,LB,PRESSING,B,0,0
7/10/2026,TA0201,KDW0074D,TA-WIRE   0.19KD,LB,PRESSING,B,0,0
7/11/2026,TA0201,KDW0074D,TA-WIRE   0.19KD,LB,PRESSING,A,0,0
7/12/2026,TA0201,KDW0074D,TA-WIRE   0.19KD,LB,PRESSING,A,0,0
7/13/2026,TA0201,KDW0074D,TA-WIRE   0.19KD,LB,PRESSING,A,0,0
7/14/2026,TA0201,KDW0074D,TA-WIRE   0.19KD,LB,PRESSING,A,0,0
7/15/2026,TA0201,KDW0074D,TA-WIRE   0.19KD,LB,PRESSING,C,0,0
7/16/2026,TA0201,KDW0074D,TA-WIRE   0.19KD,LB,PRESSING,C,0,0
7/17/2026,TA0201,KDW0074D,TA-WIRE   0.19KD,LB,PRESSING,C,0,0
7/18/2026,TA0201,KDW0074D,TA-WIRE   0.19KD,LB,PRESSING,C,0,0
7/19/2026,TA0201,KDW0074D,TA-WIRE   0.19KD,LB,PRESSING,B,0,0
7/20/2026,TA0201,KDW0074D,TA-WIRE   0.19KD,LB,PRESSING,B,0,0
7/21/2026,TA0201,KDW0074D,TA-WIRE   0.19KD,LB,PRESSING,B,0,0
6/30/2026,TA0202,YDW0074D,TA-WIRE   0.19YD,G,PRESSING,A,0,6900
7/1/2026,TA0202,YDW0074D,TA-WIRE   0.19YD,G,PRESSING,A,0,6900
7/2/2026,TA0202,YDW0074D,TA-WIRE   0.19YD,G,PRESSING,A,0,5470
7/3/2026,TA0202,YDW0074D,TA-WIRE   0.19YD,G,PRESSING,C,2770,5900
7/4/2026,TA0202,YDW0074D,TA-WIRE   0.19YD,G,PRESSING,C,0,5030
7/5/2026,TA0202,YDW0074D,TA-WIRE   0.19YD,G,PRESSING,C,0,1650
7/6/2026,TA0202,YDW0074D,TA-WIRE   0.19YD,G,PRESSING,C,0,770
7/7/2026,TA0202,YDW0074D,TA-WIRE   0.19YD,G,PRESSING,B,2880,2230
7/8/2026,TA0202,YDW0074D,TA-WIRE   0.19YD,G,PRESSING,B,0,1400
7/9/2026,TA0202,YDW0074D,TA-WIRE   0.19YD,G,PRESSING,B,5850,7250
7/10/2026,TA0202,YDW0074D,TA-WIRE   0.19YD,G,PRESSING,B,0,7250
7/11/2026,TA0202,YDW0074D,TA-WIRE   0.19YD,G,PRESSING,A,0,6490
7/12/2026,TA0202,YDW0074D,TA-WIRE   0.19YD,G,PRESSING,A,0,4550
7/13/2026,TA0202,YDW0074D,TA-WIRE   0.19YD,G,PRESSING,A,0,2320
7/14/2026,TA0202,YDW0074D,TA-WIRE   0.19YD,G,PRESSING,A,0,0
7/15/2026,TA0202,YDW0074D,TA-WIRE   0.19YD,G,PRESSING,C,2960,2170
7/16/2026,TA0202,YDW0074D,TA-WIRE   0.19YD,G,PRESSING,C,6310,7620
7/17/2026,TA0202,YDW0074D,TA-WIRE   0.19YD,G,PRESSING,C,0,6990
7/18/2026,TA0202,YDW0074D,TA-WIRE   0.19YD,G,PRESSING,C,0,5900
7/19/2026,TA0202,YDW0074D,TA-WIRE   0.19YD,G,PRESSING,B,0,5900
7/20/2026,TA0202,YDW0074D,TA-WIRE   0.19YD,G,PRESSING,B,0,5900
7/21/2026,TA0202,YDW0074D,TA-WIRE   0.19YD,G,PRESSING,B,0,5130
6/30/2026,TA0203,YDW133DR,TA-WIRE   0.34(RECYCLE),G,PRESSING,A,0,22120
7/1/2026,TA0203,YDW133DR,TA-WIRE   0.34(RECYCLE),G,PRESSING,A,0,22120
7/2/2026,TA0203,YDW133DR,TA-WIRE   0.34(RECYCLE),G,PRESSING,A,0,22120
7/3/2026,TA0203,YDW133DR,TA-WIRE   0.34(RECYCLE),G,PRESSING,C,0,22120
7/4/2026,TA0203,YDW133DR,TA-WIRE   0.34(RECYCLE),G,PRESSING,C,0,22120
7/5/2026,TA0203,YDW133DR,TA-WIRE   0.34(RECYCLE),G,PRESSING,C,0,22120
7/6/2026,TA0203,YDW133DR,TA-WIRE   0.34(RECYCLE),G,PRESSING,C,0,22120
7/7/2026,TA0203,YDW133DR,TA-WIRE   0.34(RECYCLE),G,PRESSING,B,0,22120
7/8/2026,TA0203,YDW133DR,TA-WIRE   0.34(RECYCLE),G,PRESSING,B,0,22120
7/9/2026,TA0203,YDW133DR,TA-WIRE   0.34(RECYCLE),G,PRESSING,B,0,22120
7/10/2026,TA0203,YDW133DR,TA-WIRE   0.34(RECYCLE),G,PRESSING,B,0,22120
7/11/2026,TA0203,YDW133DR,TA-WIRE   0.34(RECYCLE),G,PRESSING,A,0,19880
7/12/2026,TA0203,YDW133DR,TA-WIRE   0.34(RECYCLE),G,PRESSING,A,0,18830
7/13/2026,TA0203,YDW133DR,TA-WIRE   0.34(RECYCLE),G,PRESSING,A,0,18830
7/14/2026,TA0203,YDW133DR,TA-WIRE   0.34(RECYCLE),G,PRESSING,A,0,14710
7/15/2026,TA0203,YDW133DR,TA-WIRE   0.34(RECYCLE),G,PRESSING,C,0,14710
7/16/2026,TA0203,YDW133DR,TA-WIRE   0.34(RECYCLE),G,PRESSING,C,0,11960
7/17/2026,TA0203,YDW133DR,TA-WIRE   0.34(RECYCLE),G,PRESSING,C,0,10200
7/18/2026,TA0203,YDW133DR,TA-WIRE   0.34(RECYCLE),G,PRESSING,C,0,8280
7/19/2026,TA0203,YDW133DR,TA-WIRE   0.34(RECYCLE),G,PRESSING,B,0,7230
7/20/2026,TA0203,YDW133DR,TA-WIRE   0.34(RECYCLE),G,PRESSING,B,0,5750
7/21/2026,TA0203,YDW133DR,TA-WIRE   0.34(RECYCLE),G,PRESSING,B,0,1950
6/30/2026,TA0204,1401400027,TEFLON TAPE 0.085X13(1H),PC,PSLB,A,0,129
7/1/2026,TA0204,1401400027,TEFLON TAPE 0.085X13(1H),PC,PSLB,A,0,129
7/2/2026,TA0204,1401400027,TEFLON TAPE 0.085X13(1H),PC,PSLB,A,0,129
7/3/2026,TA0204,1401400027,TEFLON TAPE 0.085X13(1H),PC,PSLB,C,0,129
7/4/2026,TA0204,1401400027,TEFLON TAPE 0.085X13(1H),PC,PSLB,C,0,129
7/5/2026,TA0204,1401400027,TEFLON TAPE 0.085X13(1H),PC,PSLB,C,0,129
7/6/2026,TA0204,1401400027,TEFLON TAPE 0.085X13(1H),PC,PSLB,C,0,129
7/7/2026,TA0204,1401400027,TEFLON TAPE 0.085X13(1H),PC,PSLB,B,0,129
7/8/2026,TA0204,1401400027,TEFLON TAPE 0.085X13(1H),PC,PSLB,B,0,129
7/9/2026,TA0204,1401400027,TEFLON TAPE 0.085X13(1H),PC,PSLB,B,0,129
7/10/2026,TA0204,1401400027,TEFLON TAPE 0.085X13(1H),PC,PSLB,B,0,129
7/11/2026,TA0204,1401400027,TEFLON TAPE 0.085X13(1H),PC,PSLB,A,0,129
7/12/2026,TA0204,1401400027,TEFLON TAPE 0.085X13(1H),PC,PSLB,A,0,129
7/13/2026,TA0204,1401400027,TEFLON TAPE 0.085X13(1H),PC,PSLB,A,0,110
7/14/2026,TA0204,1401400027,TEFLON TAPE 0.085X13(1H),PC,PSLB,A,0,110
7/15/2026,TA0204,1401400027,TEFLON TAPE 0.085X13(1H),PC,PSLB,C,0,110
7/16/2026,TA0204,1401400027,TEFLON TAPE 0.085X13(1H),PC,PSLB,C,0,110
7/17/2026,TA0204,1401400027,TEFLON TAPE 0.085X13(1H),PC,PSLB,C,0,110
7/18/2026,TA0204,1401400027,TEFLON TAPE 0.085X13(1H),PC,PSLB,C,0,110
7/21/2026,TA0204,1401400027,TEFLON TAPE 0.085X13(1H),PC,PSLB,B,0,110
6/30/2026,TA0205,1401400025,TEFLON TAPE 0.13X4(2H),PC,PSLB,A,0,119
7/1/2026,TA0205,1401400025,TEFLON TAPE 0.13X4(2H),PC,PSLB,A,0,119
7/2/2026,TA0205,1401400025,TEFLON TAPE 0.13X4(2H),PC,PSLB,A,0,119
7/3/2026,TA0205,1401400025,TEFLON TAPE 0.13X4(2H),PC,PSLB,C,0,99
7/4/2026,TA0205,1401400025,TEFLON TAPE 0.13X4(2H),PC,PSLB,C,0,99
7/5/2026,TA0205,1401400025,TEFLON TAPE 0.13X4(2H),PC,PSLB,C,0,99
7/6/2026,TA0205,1401400025,TEFLON TAPE 0.13X4(2H),PC,PSLB,C,0,99
7/7/2026,TA0205,1401400025,TEFLON TAPE 0.13X4(2H),PC,PSLB,B,0,99
7/8/2026,TA0205,1401400025,TEFLON TAPE 0.13X4(2H),PC,PSLB,B,0,99
7/9/2026,TA0205,1401400025,TEFLON TAPE 0.13X4(2H),PC,PSLB,B,0,99
7/10/2026,TA0205,1401400025,TEFLON TAPE 0.13X4(2H),PC,PSLB,B,0,98
7/11/2026,TA0205,1401400025,TEFLON TAPE 0.13X4(2H),PC,PSLB,A,0,98
7/12/2026,TA0205,1401400025,TEFLON TAPE 0.13X4(2H),PC,PSLB,A,0,98
7/13/2026,TA0205,1401400025,TEFLON TAPE 0.13X4(2H),PC,PSLB,A,0,98
7/14/2026,TA0205,1401400025,TEFLON TAPE 0.13X4(2H),PC,PSLB,A,0,98
7/15/2026,TA0205,1401400025,TEFLON TAPE 0.13X4(2H),PC,PSLB,C,0,98
7/16/2026,TA0205,1401400025,TEFLON TAPE 0.13X4(2H),PC,PSLB,C,0,98
7/17/2026,TA0205,1401400025,TEFLON TAPE 0.13X4(2H),PC,PSLB,C,0,98
7/18/2026,TA0205,1401400025,TEFLON TAPE 0.13X4(2H),PC,PSLB,C,0,98
7/21/2026,TA0205,1401400025,TEFLON TAPE 0.13X4(2H),PC,PSLB,B,0,98
6/30/2026,TA0206,1401400026,TEFLON TAPE 0.23X4(2H)ANDAGING,PC,PSLB,A,0,26
7/1/2026,TA0206,1401400026,TEFLON TAPE 0.23X4(2H)ANDAGING,PC,PSLB,A,0,26
7/2/2026,TA0206,1401400026,TEFLON TAPE 0.23X4(2H)ANDAGING,PC,PSLB,A,0,0
7/3/2026,TA0206,1401400026,TEFLON TAPE 0.23X4(2H)ANDAGING,PC,PSLB,C,0,0
7/4/2026,TA0206,1401400026,TEFLON TAPE 0.23X4(2H)ANDAGING,PC,PSLB,C,0,0
7/5/2026,TA0206,1401400026,TEFLON TAPE 0.23X4(2H)ANDAGING,PC,PSLB,C,0,0
7/6/2026,TA0206,1401400026,TEFLON TAPE 0.23X4(2H)ANDAGING,PC,PSLB,C,75,75
7/7/2026,TA0206,1401400026,TEFLON TAPE 0.23X4(2H)ANDAGING,PC,PSLB,B,0,75
7/8/2026,TA0206,1401400026,TEFLON TAPE 0.23X4(2H)ANDAGING,PC,PSLB,B,0,75
7/9/2026,TA0206,1401400026,TEFLON TAPE 0.23X4(2H)ANDAGING,PC,PSLB,B,0,75
7/10/2026,TA0206,1401400026,TEFLON TAPE 0.23X4(2H)ANDAGING,PC,PSLB,B,0,66
7/11/2026,TA0206,1401400026,TEFLON TAPE 0.23X4(2H)ANDAGING,PC,PSLB,A,0,60
7/12/2026,TA0206,1401400026,TEFLON TAPE 0.23X4(2H)ANDAGING,PC,PSLB,A,0,60
7/13/2026,TA0206,1401400026,TEFLON TAPE 0.23X4(2H)ANDAGING,PC,PSLB,A,0,60
7/14/2026,TA0206,1401400026,TEFLON TAPE 0.23X4(2H)ANDAGING,PC,PSLB,A,0,60
7/15/2026,TA0206,1401400026,TEFLON TAPE 0.23X4(2H)ANDAGING,PC,PSLB,C,0,60
7/16/2026,TA0206,1401400026,TEFLON TAPE 0.23X4(2H)ANDAGING,PC,PSLB,C,0,60
7/17/2026,TA0206,1401400026,TEFLON TAPE 0.23X4(2H)ANDAGING,PC,PSLB,C,0,60
7/18/2026,TA0206,1401400026,TEFLON TAPE 0.23X4(2H)ANDAGING,PC,PSLB,C,0,40
7/21/2026,TA0206,1401400026,TEFLON TAPE 0.23X4(2H)ANDAGING,PC,PSLB,B,0,40
6/30/2026,TA0207,1000000004,THINNER AAA GRADE,LITER,STAMPING,A,0,13
7/1/2026,TA0207,1000000004,THINNER AAA GRADE,LITER,STAMPING,A,0,11
7/2/2026,TA0207,1000000004,THINNER AAA GRADE,LITER,STAMPING,A,0,11
7/3/2026,TA0207,1000000004,THINNER AAA GRADE,LITER,STAMPING,C,0,11
7/4/2026,TA0207,1000000004,THINNER AAA GRADE,LITER,STAMPING,C,0,8
7/5/2026,TA0207,1000000004,THINNER AAA GRADE,LITER,STAMPING,C,0,7
7/6/2026,TA0207,1000000004,THINNER AAA GRADE,LITER,STAMPING,C,0,4
7/7/2026,TA0207,1000000004,THINNER AAA GRADE,LITER,STAMPING,B,16,20
7/8/2026,TA0207,1000000004,THINNER AAA GRADE,LITER,STAMPING,B,0,18
7/9/2026,TA0207,1000000004,THINNER AAA GRADE,LITER,STAMPING,B,0,16
7/10/2026,TA0207,1000000004,THINNER AAA GRADE,LITER,STAMPING,B,0,14
7/11/2026,TA0207,1000000004,THINNER AAA GRADE,LITER,STAMPING,A,0,14
7/12/2026,TA0207,1000000004,THINNER AAA GRADE,LITER,STAMPING,A,0,14
7/13/2026,TA0207,1000000004,THINNER AAA GRADE,LITER,STAMPING,A,0,11
7/14/2026,TA0207,1000000004,THINNER AAA GRADE,LITER,STAMPING,A,0,11
7/15/2026,TA0207,1000000004,THINNER AAA GRADE,LITER,STAMPING,C,0,10
7/16/2026,TA0207,1000000004,THINNER AAA GRADE,LITER,STAMPING,C,0,9
7/17/2026,TA0207,1000000004,THINNER AAA GRADE,LITER,STAMPING,C,0,9
7/18/2026,TA0207,1000000004,THINNER AAA GRADE,LITER,STAMPING,C,0,9
7/19/2026,TA0207,1000000004,THINNER AAA GRADE,LITER,STAMPING,B,0,7
7/20/2026,TA0207,1000000004,THINNER AAA GRADE,LITER,STAMPING,B,16,21
7/21/2026,TA0207,1000000004,THINNER AAA GRADE,LITER,STAMPING,B,0,21
6/30/2026,TA0208,1000000001,TOLUENE,LITER,PRESSING,A,0,36.5
7/1/2026,TA0208,1000000001,TOLUENE,LITER,PRESSING,A,0,33.5
7/2/2026,TA0208,1000000001,TOLUENE,LITER,PRESSING,A,0,33.5
7/3/2026,TA0208,1000000001,TOLUENE,LITER,PRESSING,C,0,30.5
7/4/2026,TA0208,1000000001,TOLUENE,LITER,PRESSING,C,0,30.5
7/5/2026,TA0208,1000000001,TOLUENE,LITER,PRESSING,C,0,28.5
7/6/2026,TA0208,1000000001,TOLUENE,LITER,PRESSING,C,0,28.5
7/7/2026,TA0208,1000000001,TOLUENE,LITER,PRESSING,B,0,28.5
7/8/2026,TA0208,1000000001,TOLUENE,LITER,PRESSING,B,0,25.5
7/9/2026,TA0208,1000000001,TOLUENE,LITER,PRESSING,B,0,25.5
7/10/2026,TA0208,1000000001,TOLUENE,LITER,PRESSING,B,0,25.5
7/11/2026,TA0208,1000000001,TOLUENE,LITER,PRESSING,A,0,22.5
7/12/2026,TA0208,1000000001,TOLUENE,LITER,PRESSING,A,0,22.5
7/13/2026,TA0208,1000000001,TOLUENE,LITER,PRESSING,A,0,20.5
7/14/2026,TA0208,1000000001,TOLUENE,LITER,PRESSING,A,0,20.5
7/15/2026,TA0208,1000000001,TOLUENE,LITER,PRESSING,C,0,20.5
7/16/2026,TA0208,1000000001,TOLUENE,LITER,PRESSING,C,0,20.5
7/17/2026,TA0208,1000000001,TOLUENE,LITER,PRESSING,C,0,17.5
7/18/2026,TA0208,1000000001,TOLUENE,LITER,PRESSING,C,0,17.5
7/19/2026,TA0208,1000000001,TOLUENE,LITER,PRESSING,B,30,45.5
7/20/2026,TA0208,1000000001,TOLUENE,LITER,PRESSING,B,0,45.5
7/21/2026,TA0208,1000000001,TOLUENE,LITER,PRESSING,B,0,45.5
6/30/2026,TA0209,1401621001,UV TAPE UHP-1525M3E-29C-03,PC,GPS,A,0,660
7/1/2026,TA0209,1401621001,UV TAPE UHP-1525M3E-29C-03,PC,GPS,A,0,330
7/2/2026,TA0209,1401621001,UV TAPE UHP-1525M3E-29C-03,PC,GPS,A,660,990
7/3/2026,TA0209,1401621001,UV TAPE UHP-1525M3E-29C-03,PC,GPS,C,0,990
7/4/2026,TA0209,1401621001,UV TAPE UHP-1525M3E-29C-03,PC,GPS,C,0,990
7/5/2026,TA0209,1401621001,UV TAPE UHP-1525M3E-29C-03,PC,GPS,C,0,660
7/6/2026,TA0209,1401621001,UV TAPE UHP-1525M3E-29C-03,PC,GPS,C,660,1320
7/7/2026,TA0209,1401621001,UV TAPE UHP-1525M3E-29C-03,PC,GPS,B,0,1320
7/8/2026,TA0209,1401621001,UV TAPE UHP-1525M3E-29C-03,PC,GPS,B,0,1320
7/9/2026,TA0209,1401621001,UV TAPE UHP-1525M3E-29C-03,PC,GPS,B,0,990
7/10/2026,TA0209,1401621001,UV TAPE UHP-1525M3E-29C-03,PC,GPS,B,0,990
7/11/2026,TA0209,1401621001,UV TAPE UHP-1525M3E-29C-03,PC,GPS,A,0,990
7/12/2026,TA0209,1401621001,UV TAPE UHP-1525M3E-29C-03,PC,GPS,A,0,990
7/13/2026,TA0209,1401621001,UV TAPE UHP-1525M3E-29C-03,PC,GPS,A,0,990
7/14/2026,TA0209,1401621001,UV TAPE UHP-1525M3E-29C-03,PC,GPS,A,0,660
7/15/2026,TA0209,1401621001,UV TAPE UHP-1525M3E-29C-03,PC,GPS,C,0,660
7/16/2026,TA0209,1401621001,UV TAPE UHP-1525M3E-29C-03,PC,GPS,C,660,1320
7/17/2026,TA0209,1401621001,UV TAPE UHP-1525M3E-29C-03,PC,GPS,C,0,990
7/18/2026,TA0209,1401621001,UV TAPE UHP-1525M3E-29C-03,PC,GPS,C,0,990
7/19/2026,TA0209,1401621001,UV TAPE UHP-1525M3E-29C-03,PC,GPS,B,0,990
7/20/2026,TA0209,1401621001,UV TAPE UHP-1525M3E-29C-03,PC,GPS,B,0,660
7/21/2026,TA0209,1401621001,UV TAPE UHP-1525M3E-29C-03,PC,GPS,B,0,660
6/30/2026,TA0210,1201521001,UV-MARKING INK-WHITE(FD MP HD WHITE M),G,FPSA,A,0,922
7/1/2026,TA0210,1201521001,UV-MARKING INK-WHITE(FD MP HD WHITE M),G,FPSA,A,0,900
7/2/2026,TA0210,1201521001,UV-MARKING INK-WHITE(FD MP HD WHITE M),G,FPSA,A,0,882
7/3/2026,TA0210,1201521001,UV-MARKING INK-WHITE(FD MP HD WHITE M),G,FPSA,C,0,862
7/4/2026,TA0210,1201521001,UV-MARKING INK-WHITE(FD MP HD WHITE M),G,FPSA,C,0,839
7/5/2026,TA0210,1201521001,UV-MARKING INK-WHITE(FD MP HD WHITE M),G,FPSA,C,0,818
7/6/2026,TA0210,1201521001,UV-MARKING INK-WHITE(FD MP HD WHITE M),G,FPSA,C,0,809
7/7/2026,TA0210,1201521001,UV-MARKING INK-WHITE(FD MP HD WHITE M),G,FPSA,B,0,790
7/8/2026,TA0210,1201521001,UV-MARKING INK-WHITE(FD MP HD WHITE M),G,FPSA,B,0,770
7/9/2026,TA0210,1201521001,UV-MARKING INK-WHITE(FD MP HD WHITE M),G,FPSA,B,0,750
7/10/2026,TA0210,1201521001,UV-MARKING INK-WHITE(FD MP HD WHITE M),G,FPSA,B,0,730
7/11/2026,TA0210,1201521001,UV-MARKING INK-WHITE(FD MP HD WHITE M),G,FPSA,A,0,700
7/12/2026,TA0210,1201521001,UV-MARKING INK-WHITE(FD MP HD WHITE M),G,FPSA,A,0,680
7/13/2026,TA0210,1201521001,UV-MARKING INK-WHITE(FD MP HD WHITE M),G,FPSA,A,0,660
7/14/2026,TA0210,1201521001,UV-MARKING INK-WHITE(FD MP HD WHITE M),G,FPSA,A,0,640
7/15/2026,TA0210,1201521001,UV-MARKING INK-WHITE(FD MP HD WHITE M),G,FPSA,C,0,613
7/16/2026,TA0210,1201521001,UV-MARKING INK-WHITE(FD MP HD WHITE M),G,FPSA,C,0,590
7/17/2026,TA0210,1201521001,UV-MARKING INK-WHITE(FD MP HD WHITE M),G,FPSA,C,0,569
7/18/2026,TA0210,1201521001,UV-MARKING INK-WHITE(FD MP HD WHITE M),G,FPSA,C,0,550
7/19/2026,TA0210,1201521001,UV-MARKING INK-WHITE(FD MP HD WHITE M),G,FPSA,B,0,520
7/20/2026,TA0210,1201521001,UV-MARKING INK-WHITE(FD MP HD WHITE M),G,FPSA,B,0,495
7/21/2026,TA0210,1201521001,UV-MARKING INK-WHITE(FD MP HD WHITE M),G,FPSA,B,0,480
6/30/2026,TA0211,1201521001,UV-MARKING INK-WHITE(FD MP HD WHITE M),G,PSLB,A,0,1080
7/1/2026,TA0211,1201521001,UV-MARKING INK-WHITE(FD MP HD WHITE M),G,PSLB,A,0,1030
7/2/2026,TA0211,1201521001,UV-MARKING INK-WHITE(FD MP HD WHITE M),G,PSLB,A,0,990
7/3/2026,TA0211,1201521001,UV-MARKING INK-WHITE(FD MP HD WHITE M),G,PSLB,C,0,935
7/4/2026,TA0211,1201521001,UV-MARKING INK-WHITE(FD MP HD WHITE M),G,PSLB,C,0,885
7/5/2026,TA0211,1201521001,UV-MARKING INK-WHITE(FD MP HD WHITE M),G,PSLB,C,0,835
7/6/2026,TA0211,1201521001,UV-MARKING INK-WHITE(FD MP HD WHITE M),G,PSLB,C,0,775
7/7/2026,TA0211,1201521001,UV-MARKING INK-WHITE(FD MP HD WHITE M),G,PSLB,B,0,725
7/8/2026,TA0211,1201521001,UV-MARKING INK-WHITE(FD MP HD WHITE M),G,PSLB,B,0,674
7/9/2026,TA0211,1201521001,UV-MARKING INK-WHITE(FD MP HD WHITE M),G,PSLB,B,0,624
7/10/2026,TA0211,1201521001,UV-MARKING INK-WHITE(FD MP HD WHITE M),G,PSLB,B,0,583
7/11/2026,TA0211,1201521001,UV-MARKING INK-WHITE(FD MP HD WHITE M),G,PSLB,A,0,520
7/12/2026,TA0211,1201521001,UV-MARKING INK-WHITE(FD MP HD WHITE M),G,PSLB,A,0,470
7/13/2026,TA0211,1201521001,UV-MARKING INK-WHITE(FD MP HD WHITE M),G,PSLB,A,0,420
7/14/2026,TA0211,1201521001,UV-MARKING INK-WHITE(FD MP HD WHITE M),G,PSLB,A,0,380
7/15/2026,TA0211,1201521001,UV-MARKING INK-WHITE(FD MP HD WHITE M),G,PSLB,C,0,335
7/16/2026,TA0211,1201521001,UV-MARKING INK-WHITE(FD MP HD WHITE M),G,PSLB,C,4500,4785
7/17/2026,TA0211,1201521001,UV-MARKING INK-WHITE(FD MP HD WHITE M),G,PSLB,C,0,4725
7/18/2026,TA0211,1201521001,UV-MARKING INK-WHITE(FD MP HD WHITE M),G,PSLB,C,0,4675
7/21/2026,TA0211,1201521001,UV-MARKING INK-WHITE(FD MP HD WHITE M),G,PSLB,B,0,4508
6/30/2026,TA0212,1201201003,XYLENES,G,ANODIZE,A,4000,5000
7/1/2026,TA0212,1201201003,XYLENES,G,ANODIZE,A,0,3800
7/2/2026,TA0212,1201201003,XYLENES,G,ANODIZE,A,0,3000
7/3/2026,TA0212,1201201003,XYLENES,G,ANODIZE,C,4000,5400
7/4/2026,TA0212,1201201003,XYLENES,G,ANODIZE,C,0,4000
7/5/2026,TA0212,1201201003,XYLENES,G,ANODIZE,C,0,2800
7/6/2026,TA0212,1201201003,XYLENES,G,ANODIZE,C,0,2000
7/7/2026,TA0212,1201201003,XYLENES,G,ANODIZE,B,4000,4800
7/8/2026,TA0212,1201201003,XYLENES,G,ANODIZE,B,0,3600
7/9/2026,TA0212,1201201003,XYLENES,G,ANODIZE,B,8000,10400
7/10/2026,TA0212,1201201003,XYLENES,G,ANODIZE,B,0,9200
7/11/2026,TA0212,1201201003,XYLENES,G,ANODIZE,A,0,6800
7/12/2026,TA0212,1201201003,XYLENES,G,ANODIZE,A,0,5600
7/13/2026,TA0212,1201201003,XYLENES,G,ANODIZE,A,0,4400
7/14/2026,TA0212,1201201003,XYLENES,G,ANODIZE,A,0,3200
7/15/2026,TA0212,1201201003,XYLENES,G,ANODIZE,C,4000,6400
7/16/2026,TA0212,1201201003,XYLENES,G,ANODIZE,C,0,5200
7/17/2026,TA0212,1201201003,XYLENES,G,ANODIZE,C,0,4000
7/18/2026,TA0212,1201201003,XYLENES,G,ANODIZE,C,0,2800
7/19/2026,TA0212,1201201003,XYLENES,G,ANODIZE,B,0,1400
7/20/2026,TA0212,1201201003,XYLENES,G,ANODIZE,B,4000,3800
7/21/2026,TA0212,1201201003,XYLENES,G,ANODIZE,B,0,3000
6/30/2026,TA0213,1201560005,ZN FILM 9Z-240(A&B2),KG,PSLB,A,0,17
7/1/2026,TA0213,1201560005,ZN FILM 9Z-240(A&B2),KG,PSLB,A,0,13
7/2/2026,TA0213,1201560005,ZN FILM 9Z-240(A&B2),KG,PSLB,A,15.64,25
7/3/2026,TA0213,1201560005,ZN FILM 9Z-240(A&B2),KG,PSLB,C,0,22
7/4/2026,TA0213,1201560005,ZN FILM 9Z-240(A&B2),KG,PSLB,C,0,19
7/5/2026,TA0213,1201560005,ZN FILM 9Z-240(A&B2),KG,PSLB,C,0,15.5
7/6/2026,TA0213,1201560005,ZN FILM 9Z-240(A&B2),KG,PSLB,C,0,13
7/7/2026,TA0213,1201560005,ZN FILM 9Z-240(A&B2),KG,PSLB,B,0,10
7/8/2026,TA0213,1201560005,ZN FILM 9Z-240(A&B2),KG,PSLB,B,0,9
7/9/2026,TA0213,1201560005,ZN FILM 9Z-240(A&B2),KG,PSLB,B,15.64,21
7/10/2026,TA0213,1201560005,ZN FILM 9Z-240(A&B2),KG,PSLB,B,0,18
7/11/2026,TA0213,1201560005,ZN FILM 9Z-240(A&B2),KG,PSLB,A,0,15
7/12/2026,TA0213,1201560005,ZN FILM 9Z-240(A&B2),KG,PSLB,A,0,12
7/13/2026,TA0213,1201560005,ZN FILM 9Z-240(A&B2),KG,PSLB,A,0,9
7/14/2026,TA0213,1201560005,ZN FILM 9Z-240(A&B2),KG,PSLB,A,15.34,21
7/15/2026,TA0213,1201560005,ZN FILM 9Z-240(A&B2),KG,PSLB,C,0,18.5
7/16/2026,TA0213,1201560005,ZN FILM 9Z-240(A&B2),KG,PSLB,C,0,16
7/17/2026,TA0213,1201560005,ZN FILM 9Z-240(A&B2),KG,PSLB,C,15.34,29
7/18/2026,TA0213,1201560005,ZN FILM 9Z-240(A&B2),KG,PSLB,C,0,26
7/21/2026,TA0213,1201560005,ZN FILM 9Z-240(A&B2),KG,PSLB,B,15.34,34
6/30/2026,TA0214,1201560003,ZN-FILM ( 9ZL67-225 ),KG,GPS,A,0,16.2
7/1/2026,TA0214,1201560003,ZN-FILM ( 9ZL67-225 ),KG,GPS,A,0,16.2
7/2/2026,TA0214,1201560003,ZN-FILM ( 9ZL67-225 ),KG,GPS,A,0,16.2
7/3/2026,TA0214,1201560003,ZN-FILM ( 9ZL67-225 ),KG,GPS,C,0,16.2
7/4/2026,TA0214,1201560003,ZN-FILM ( 9ZL67-225 ),KG,GPS,C,0,16.2
7/5/2026,TA0214,1201560003,ZN-FILM ( 9ZL67-225 ),KG,GPS,C,0,16.2
7/6/2026,TA0214,1201560003,ZN-FILM ( 9ZL67-225 ),KG,GPS,C,0,16.2
7/7/2026,TA0214,1201560003,ZN-FILM ( 9ZL67-225 ),KG,GPS,B,0,16.2
7/8/2026,TA0214,1201560003,ZN-FILM ( 9ZL67-225 ),KG,GPS,B,0,16.2
7/9/2026,TA0214,1201560003,ZN-FILM ( 9ZL67-225 ),KG,GPS,B,0,16.2
7/10/2026,TA0214,1201560003,ZN-FILM ( 9ZL67-225 ),KG,GPS,B,0,16.2
7/11/2026,TA0214,1201560003,ZN-FILM ( 9ZL67-225 ),KG,GPS,A,0,16.2
7/12/2026,TA0214,1201560003,ZN-FILM ( 9ZL67-225 ),KG,GPS,A,0,16.2
7/13/2026,TA0214,1201560003,ZN-FILM ( 9ZL67-225 ),KG,GPS,A,0,16.2
7/14/2026,TA0214,1201560003,ZN-FILM ( 9ZL67-225 ),KG,GPS,A,0,16.2
7/15/2026,TA0214,1201560003,ZN-FILM ( 9ZL67-225 ),KG,GPS,C,0,16.2
7/16/2026,TA0214,1201560003,ZN-FILM ( 9ZL67-225 ),KG,GPS,C,0,16.2
7/17/2026,TA0214,1201560003,ZN-FILM ( 9ZL67-225 ),KG,GPS,C,0,15.17
7/18/2026,TA0214,1201560003,ZN-FILM ( 9ZL67-225 ),KG,GPS,C,0,15.17
7/19/2026,TA0214,1201560003,ZN-FILM ( 9ZL67-225 ),KG,GPS,B,0,15.17
7/20/2026,TA0214,1201560003,ZN-FILM ( 9ZL67-225 ),KG,GPS,B,0,15.17
7/21/2026,TA0214,1201560003,ZN-FILM ( 9ZL67-225 ),KG,GPS,B,0,15.17
7/8/2026,,1201500048,SFCOAT MK-3H,kg,PSLB,B,30.193,14
7/9/2026,,1201500048,SFCOAT MK-3H,kg,PSLB,B,0,13.5
7/10/2026,,1201500048,SFCOAT MK-3H,kg,PSLB,B,0,13
7/11/2026,,1201500048,SFCOAT MK-3H,kg,PSLB,A,0,5.5
7/12/2026,,1201500048,SFCOAT MK-3H,kg,PSLB,A,0,3
7/13/2026,,1201500048,SFCOAT MK-3H,kg,PSLB,A,13,14.6
7/14/2026,,1201500048,SFCOAT MK-3H,kg,PSLB,A,0,11.5
7/21/2026,,1201500048,SFCOAT MK-3H,kg,PSLB,B,13,18
